d,cc,z,tall,o3,pv,r,ciwc,clwc,q,crwc,cswc,t,u,v,w,vo
1.58971525e-06,0.0,47575.78532666666,4851.379964183333,1.3172557766666665e-07,3.393342666666667e-07,18.18404613333333,0.0,0.0,0.001653457354,0.0,3.1804641666666665e-08,265.11736,10.895490003333334,-9.814423333333334,0.37637455,9.128478666666669e-06
2.6125983e-06,0.0,47621.09112333334,4855.999869776667,1.26656715e-07,3.521131133333333e-07,16.420831466666666,0.0,0.0,0.0017160917613333,0.0,1.1129825e-07,265.39206,9.209608206666667,-9.884291066666666,0.3122756956666667,4.370358e-06
3.8072627833333335e-06,0.0,47643.63384333334,4858.298587541666,1.1932536333333334e-07,2.76428555e-07,14.33843905,0.0,0.0,0.0016419106349999,0.0,2.385186416666667e-07,265.81860666666665,7.69450526,-9.59691875,0.21387423,-1.0217130333333333e-05
-1.050169708333333e-06,0.0,47706.49677666667,4864.708822716667,1.1439602583333337e-07,2.1418193333333338e-07,13.139763466666668,0.0,0.0,0.0015742215638333,0.0,1.2480045500000002e-06,266.29616000000004,6.598733931666668,-8.626306833333333,0.205798448,-2.7588012e-05
-5.626144016666673e-07,0.0,47708.03773333333,4864.86595643,1.123830106666667e-07,1.885783241666667e-07,12.980272416666663,0.0,0.0,0.0015270950743333,0.0,3.2311496016666667e-06,266.56292833333333,5.838636978333334,-7.544589599999999,0.1382778266666666,-3.44394789e-05
3.9404094166666665e-06,0.0,47704.09176666667,4864.46357983,1.1155998350000001e-07,1.8282230316666666e-07,13.95076085,1.1924710999999998e-07,0.0,0.0014943701925,0.0,7.4710848e-06,266.77830166666666,5.443840139333333,-6.434328983333334,0.2080471838333333,-3.424344891666667e-05
8.856527166666668e-06,0.0,47707.01776666666,4864.761949063333,1.1114370166666668e-07,1.936658866666667e-07,15.716609999999998,5.9602806666666683e-08,0.0,0.0014928793991666,0.0,5.9408355e-06,266.9944366666667,4.916789401666667,-5.31481281,0.1725833071666666,-3.4472704000000004e-05
1.5137880033333337e-05,0.0,47690.74477666667,4863.102565771666,1.1065702733333333e-07,2.4876048438333336e-07,17.929817783333334,5.524675483333333e-07,0.0,0.001531601815,0.0,9.0686442e-06,266.90877166666667,4.117544551666667,-4.405652913333333,-0.0421343398333333,-3.658957495e-05
9.8542778e-06,0.0007822656666666,47734.327725,4867.546789808333,1.1014958483333333e-07,4.35401274e-07,21.03659785,7.946906966666666e-07,0.0,0.0017243684325,0.0,1.3117800558333333e-05,266.65976666666666,2.85839698,-3.3632629166666668,0.0497552333333333,-3.1634261166666665e-05
1.5377129999999948e-07,0.002345557,47740.23285666667,4868.148945625,1.0985800733333333e-07,5.785960883333334e-07,24.0157976,4.4896505e-07,0.0,0.0018123896666666,0.0,1.911462556e-05,266.59121,1.9703878291666663,-2.1318494616666666,0.1402686266666666,-3.1558072383333334e-05
-1.3869574323333334e-05,0.0101607766666666,47792.47865499999,4873.476534368333,1.1298749350000001e-07,9.655120226666667e-07,30.744855166666667,9.896213883333334e-07,0.0,0.0018909836666666,0.0,2.886273996666667e-05,266.7335533333333,1.2802320766666666,0.53210255,0.1052976748333333,-1.9595686500000003e-05
-1.402185695e-05,0.0156314373333333,47805.49214166667,4874.803540503333,1.1264305233333333e-07,1.1375194916666666e-06,35.66265755,7.6291841e-07,0.0,0.001976969,0.0,3.03914355e-05,266.61815666666666,0.69949511,1.915594363333333,-0.093365985,-1.543689083333333e-05
-1.4988412833333333e-05,0.0416799,47801.896225,4874.43685915,1.127216275e-07,1.3693160433333331e-06,40.227064,3.1642925333333327e-06,0.0,0.002080005,0.0,4.171068563666667e-05,266.40564,0.2396711500000001,2.7505058666666664,0.001905087,-6.691886833333332e-06
-1.1467318833333337e-05,0.081778755,47797.19941666667,4873.957918033333,1.135424365e-07,1.5225138683333332e-06,45.171180666666665,4.968656968333333e-06,0.0,0.0022181304999999,0.0,4.4365952e-05,266.13270166666666,0.4248354999999999,2.8997268516666668,-0.063112824,1.3250924499999996e-05
-1.5526807166666666e-05,0.1018362571666666,47764.89226666666,4870.663505483333,1.1403952333333336e-07,1.6232795133333334e-06,50.06448083333333,8.695698268333334e-06,0.0,0.0023512976666666,0.0,3.734373058333333e-05,265.85311333333334,0.7577882916666668,2.5125784376666664,0.0211715799999999,1.9354817666666662e-05
-1.914429383333333e-05,0.1091257405,47753.84658333333,4869.5371593,1.1416336500000005e-07,1.5599783716666667e-06,54.37080733333334,8.563880153333334e-06,1.5901396666666666e-08,0.0024574311666666,0.0,2.75892451e-05,265.6710766666667,1.0189382866666663,1.9947318856666667,0.028619427,1.9153789e-05
-2.7837931383333334e-05,0.1104268226666666,47739.5968,4868.08408565,1.1405062666666669e-07,1.4663547766666667e-06,57.55171383333334,7.329575899916667e-06,0.0,0.002541023,0.0,2.0451905333333333e-05,265.5761816666666,1.116461336666667,1.5295487533333334,0.1239228575,1.908901416666667e-05
-3.1998333333333335e-05,0.0932391698333333,47745.30533333333,4868.666194316666,1.138604e-07,1.33570098e-06,59.4728345,5.233136876666667e-06,0.0,0.0025920361666666,0.0,1.2815842858333332e-05,265.5290233333333,1.2128884433333331,1.1024953633333332,0.0943796633333333,1.6800485833333333e-05
-2.9520641666666665e-05,0.0552063015,47753.0384,4869.454747566667,1.134587075e-07,1.2684001466666667e-06,60.52082333333333,3.1101733108333333e-06,0.0,0.0026238845,0.0,5.948697435e-06,265.42829166666667,0.9504216399999996,0.71115407,0.0373962304999999,1.7924641666666663e-05
-3.0403705083333336e-05,0.0111858521666666,47730.355,4867.141684383333,1.13243432e-07,1.372980208333333e-06,59.80298916666667,5.1805493725e-07,0.0,0.0026253725,0.0,1.958022785e-06,265.2797616666667,0.4713812666666667,0.3612068041666667,0.0843307405,2.2450767833333333e-05
-2.713131983333333e-05,0.0005210571666666,47763.09688333334,4870.480427366667,1.1363107399999998e-07,1.5399616666666667e-06,55.819068833333326,5.758919883333336e-08,0.0,0.0025755876666666,0.0,2.7195729e-07,265.262855,0.1130468833333332,-0.0529705216666667,0.110967457,3.141512166666667e-05
-1.8944759750166662e-05,0.0,47731.49909999999,4867.258350033334,1.1460844066666669e-07,1.6100126733333333e-06,50.68972333333334,7.929953e-09,0.0,0.0024827458333333,0.0,3.766726108333333e-08,265.20200166666666,-0.40779955,-0.4773317833333333,0.0941168846666666,3.834966033333333e-05
-9.674249166666669e-06,0.0,47742.00685,4868.3298426,1.1608478500000001e-07,1.7090986633333333e-06,49.6891885,0.0,7.136957633333333e-08,0.0024446071666666,0.0,1.784239425e-08,265.29229,-0.2414524519999998,-0.6195513250000001,0.0534431571666666,5.068825833333333e-05
-1.3232760166666669e-05,0.0002598486666666,47782.05615,4872.41373445,1.1646000166666669e-07,1.637889105e-06,43.280339833333336,1.98248825e-09,2.3814755e-07,0.0022908995,0.0,1.992862166666666e-09,265.4158433333333,-0.8745109233333331,-0.9387908783333332,0.2201259633333333,4.655436033333333e-05
-7.688070600000001e-06,0.0007809058333333,47830.890966666666,4877.3935,1.1639356033333333e-07,7.514001733333334e-07,37.39219401666667,5.957839333333333e-09,3.337292333333333e-07,0.0022536507906666,0.0,0.0,265.75100000000003,-1.53120255,-0.897950945,0.1911863616666666,3.7863478e-05
1.2705498333333333e-06,0.0015618118333333,47855.45596666666,4879.8984329,1.1601702100000001e-07,4.362970633333334e-07,32.733178175,3.9753505e-09,2.5434671666666665e-07,0.0022084804956,0.0,0.0,266.17084666666665,-2.1729539333333334,-0.9461190333333334,0.1179849585,2.8581797166666668e-05
4.20233105e-06,0.0023441973333333,47869.40341666667,4881.320676966667,1.1571740833333337e-07,4.273942583333334e-07,30.114529450000003,7.950701666666666e-09,4.928409333333333e-07,0.0020886742901666,0.0,0.0,266.47025333333335,-2.4728497,-0.7071759666666667,0.0307472991666666,2.3038024333333338e-05
4.4581465333333336e-06,0.0018231403333333,47884.32061666666,4882.841807983334,1.1564590733333333e-07,4.443314393333334e-07,27.63976363333333,1.992862166666666e-09,2.9413558333333333e-07,0.0019673581883333,0.0,0.0,266.7421766666667,-2.3852000166666665,-0.438850095,0.1447068111666666,2.0732987666666667e-05
1.0161504166666662e-06,0.0,47859.05718333333,4880.26565475,1.1519366233333338e-07,4.506662316666666e-07,25.63307366666667,0.0,6.357145333333336e-08,0.0018950934666666,0.0,0.0,267.04304333333334,-2.276033033333333,-0.2071897849999999,0.1160747326666666,1.6282669500000002e-05
-1.2740504666666665e-06,0.0,47843.41408333334,4878.670502516667,1.1468551866666669e-07,4.768465016666666e-07,25.59599268333333,0.0,0.0,0.0019195041441666,0.0,0.0,267.23413666666664,-2.1492215861666666,0.0792167111666666,0.128539435,1.5741641333333334e-05
-4.864421666666667e-07,0.0,47848.22056666666,4879.1606274666665,1.14484085e-07,5.00009365e-07,25.751568416666668,0.0,0.0,0.0019863808126666,0.0,0.0,267.45064,-2.10960586,0.0114706966666666,0.0930282766666666,1.7950349416666664e-05
5.9750375e-07,0.0007795455,47819.334,4876.21501745,1.1440243983333333e-07,5.576331108333334e-07,28.651551566666665,1.5870273249999998e-08,3.9691258333333336e-08,0.002144236265,0.0,1.98248825e-09,267.401605,-2.016632365,0.1175968316666666,0.0744891521666666,2.363492633333333e-05
-1.066494666666667e-06,0.0015590916666666,47865.08643333334,4880.880467366666,1.1482300566666666e-07,5.809233473333333e-07,29.804377416666664,1.98248825e-09,0.0,0.0022508999133333,0.0,0.0,267.51029,-1.40896842,0.2453548566666667,0.2187370933333333,2.598601375e-05
-7.225376750000001e-06,0.0,47863.477516666666,4880.716403266667,1.1505428166666668e-07,6.854389316666667e-07,29.68411055,0.0,0.0,0.00234775025,0.0,0.0,267.67300833333337,-0.8172563950000001,0.4174705666666667,0.1613422033333333,2.871182433333333e-05
-1.1907088733333337e-05,0.0,47876.69471666667,4882.064182666666,1.1722766083333333e-07,9.193654416666666e-07,33.555054000000005,0.0,0.0,0.0025455542841666,0.0,0.0,267.736765,-0.5586813183333333,1.0548188516666668,0.0936379791666666,2.584757016666667e-05
-7.686398333333334e-06,0.0,47922.12891666667,4886.6971816,1.16422353e-07,1.0021102633333333e-06,34.93686235,0.0,0.0,0.0026123444258333,0.0,0.0,267.64178166666665,0.3910103483333333,0.9400221666666666,0.0527975761666666,2.459351433333333e-05
-1.0705619e-05,0.0,47959.03458333333,4890.4605123833335,1.1530999416666669e-07,1.0267275366666666e-06,33.92222405,0.0,0.0,0.002594812344,0.0,0.0,267.64494,1.1204159966666665,0.5571207833333334,0.1647514966666666,2.21697628e-05
-1.0739561358333334e-05,0.0,47998.45253333333,4894.480024683334,1.1467133733333337e-07,9.952596483333333e-07,31.24969461666667,0.0,0.0,0.002515357606,0.0,0.0,267.7085133333333,1.6917074233333336,0.1302040999999999,0.1225716643333333,2.1884993566666667e-05
-8.449961166666665e-06,0.0,47978.637350000005,4892.45943805,1.1432428766666669e-07,9.8515089e-07,29.6338657,0.0,0.0,0.002459437054,0.0,0.0,267.712615,1.784462775,-0.0828589966666667,0.12447868,2.1977496666666663e-05
-6.8257638666666665e-06,0.0,47971.069533333335,4891.687735683333,1.1422847e-07,9.597378516666669e-07,28.72238073333333,0.0,0.0,0.0024155701016666,0.0,0.0,267.690435,1.993137766666667,-0.1042586749999999,0.0836781793333333,2.343047795e-05
-4.199557433333333e-06,0.0,47960.62896666667,4890.623094016667,1.1418100433333339e-07,9.406581383333334e-07,27.500401683333333,0.0,0.0,0.0023487622483333,0.0,0.0,267.772875,2.884899355,0.0573517466666666,0.1946700733333333,2.395165333333333e-05
-2.1961466833333325e-06,0.0,47959.343166666666,4890.4919789333335,1.1431173600000001e-07,8.612258316666667e-07,26.14997545,0.0,0.0,0.002271948919,0.0,0.0,267.94432,3.676635085,-0.0554623616666666,0.1416521066666666,1.8394892e-05
-9.551407533333332e-06,0.0,47948.49855,4889.386136016667,1.1406065833333333e-07,8.067002833333334e-07,26.203046016666665,0.0,0.0,0.002260176965,0.0,0.0,267.91439166666663,4.397608258333333,-0.0325593766666667,0.0429846398333333,1.4012137e-05
-1.2553533783333337e-05,0.0,47918.42641666666,4886.319631733333,1.141825026666667e-07,8.009834216666666e-07,25.952406366666665,0.0,0.0,0.002239023385,0.0,0.0,267.8702283333334,5.17489465,0.0300439841666666,0.0867676333333333,1.877993383333333e-05
-1.147557155e-05,0.0,47927.56766666667,4887.251779916666,1.1503542816666669e-07,8.0635122e-07,25.0922496,0.0,0.0,0.0021971899191666,0.0,0.0,267.932875,6.065909128333334,-0.1604866966666666,0.081309787,2.478538733333333e-05
-8.811030983333333e-06,0.0,47903.96288333333,4884.844761866666,1.1552359833333333e-07,8.488106166666667e-07,24.681525816666664,0.0,0.0,0.0021694729425,0.0,0.0,267.94329,6.786323966666667,-0.6020555633333333,0.0571909405,2.89288915e-05
2.5712637166666657e-06,0.0,47967.22893333333,4891.296103333333,1.158429836666667e-07,8.77456795e-07,23.01359686666667,0.0,0.0,0.002065420516,1.3892976666666668e-08,0.0,268.21969,8.030974716666666,-1.2446958516666669,0.1109635978333333,2.76216315e-05
-6.736554683333334e-06,0.0,47985.47225,4893.156404,1.163927175e-07,8.270831933333333e-07,21.69701465,0.0,0.0,0.0020083746125,2.2824546666666663e-08,0.0,268.42017333333337,8.817257333333332,-2.0964886333333337,0.1885808786666666,2.6607711e-05
-7.857501583333334e-06,0.0,48065.68248333334,4901.335571866667,1.1634366983333333e-07,7.50130355e-07,19.871468566666667,0.0,0.0,0.0019516468533333,7.254420666666666e-08,0.0,268.6865866666667,9.34418225,-2.985934883333333,0.1669629705,2.967763083333333e-05
2.8036150333333337e-06,0.0,48129.43445,4907.836463083334,1.1610656833333337e-07,6.992922816666667e-07,18.716156666666667,0.0,0.0,0.001966806375,9.944481666666669e-09,0.0,268.862815,9.666127975,-3.9452555166666654,0.0958120176666666,3.67947695e-05
6.248884966666667e-06,0.0,48135.40633333334,4908.4454258333335,1.1595331916666669e-07,6.606298000000001e-07,17.58394995,0.0,0.0,0.0019500496666666,9.324667333333333e-08,0.0,269.00317,9.5768295,-5.003229833333333,0.1282365813333333,3.7361998666666667e-05
8.049906883333334e-06,0.0,48198.29713333333,4914.858502283333,1.1568424833333333e-07,5.708386233333333e-07,16.5453742,0.0,0.0,0.0018820741666666,2.9789196666666667e-09,0.0,269.22684,9.385163516666667,-5.954111903333334,0.2656734966666667,3.00435525e-05
1.3819393116666669e-05,0.0,48169.27025,4911.898584166666,1.149927375e-07,4.566791900000001e-07,16.3982725,0.0,0.0,0.0018560623333333,1.0232609333333334e-07,0.0,269.5753866666667,9.3815783,-6.6657594221666665,0.3102711933333333,1.7775521733333333e-05
1.2704312983333334e-05,0.0,48176.50561666666,4912.636386216666,1.14625265e-07,3.65749955e-07,16.371118283333335,0.0,0.0,0.0018507159999999,1.336806e-06,0.0,269.74942500000003,9.14653935,-7.162676174333334,0.2438507976666666,6.926640499999999e-07
8.4991053e-06,0.0,48183.5551,4913.3552334000005,1.1456789083333339e-07,2.6472181733333333e-07,16.713706083333335,0.0,0.0,0.0018722495,3.975809333333334e-09,0.0,269.8321133333333,9.27922915,-6.616857373333333,0.3083815473333333,-1.2749104716666668e-05
1.3086731233333333e-05,0.0,48192.02488333333,4914.2189109,1.141068256666667e-07,1.9418367833333334e-07,17.742159083333334,0.0,0.0,0.0019038009999999,2.2798616666666666e-08,0.0,269.940325,9.43112725,-5.897507093666666,0.167903919,-1.813333333333333e-05
1.2426914750000002e-05,0.0,48235.0431,4918.6055482833335,1.134067046666667e-07,2.001886983333333e-07,19.057037266666665,0.0,0.0,0.001942975,3.271105666666667e-08,0.0,269.8294183333333,9.282138116666667,-5.694662686666667,0.2029528916666666,-1.7761666666666666e-05
-5.707542183333333e-06,0.0,48261.55653333333,4921.309166,1.13045729e-07,2.1102336866666666e-07,21.19967533333333,0.0,0.0,0.0020281773333333,5.253593833333333e-08,0.0,269.69091333333336,9.6438186,-5.06647239,0.2895626133333333,-2.1750794241e-05
-8.252878916666667e-06,0.0,48293.751566666666,4924.59214575,1.134835091666667e-07,2.241174366666667e-07,27.418157666666666,0.0,0.0,0.0022199568333333,9.91243833333333e-10,0.0,269.5361633333333,10.614783433333333,-4.248877316666667,0.27130115,-2.908356485e-05
-1.6462488333333334e-05,0.0,48347.63393333333,4930.0866182,1.1320606433333333e-07,3.467031890000001e-07,31.793082916666663,0.0,0.0,0.0023698906666666,0.0,0.0,269.34977,10.7928828,-4.1429513,0.2301096133333333,-1.2975938166666666e-05
-1.8164056266666667e-05,0.0,48406.98411666667,4936.138652533334,1.1213080333333337e-07,4.058955e-07,37.93623275,0.0,0.0,0.0026040701666666,0.0,0.0,269.07932166666666,10.451544933333333,-4.18503425,0.1886038566666666,3.21627675e-06
-1.4801230556666668e-05,0.0,48433.7219,4938.865147766667,1.1100132666666669e-07,4.354363100000001e-07,43.5590915,0.0,0.0,0.0028411095,0.0,3.985725e-09,268.93371666666667,10.023907206666667,-4.216810813333333,0.286301099,1.0710943666666663e-05
-1.5836305e-05,0.0,48426.6978,4938.148888816667,1.1038757166666669e-07,4.4028703833333333e-07,46.230621500000005,0.0,0.0,0.0029303621666666,0.0,4.370323833333335e-08,268.850705,9.440121886666669,-4.267254091666667,0.2081076718333333,8.131266266666666e-06
-1.9387047e-05,0.0,48457.71783333333,4941.312051983334,1.0972247250000001e-07,4.206607733333333e-07,49.68340066666667,0.0,0.0,0.0029578391666666,0.0,1.2120757e-06,268.58020500000003,8.876666563333332,-4.4084070833333335,0.0833784195,-2.092648383333334e-06
-1.4553745666666669e-05,0.00989597,48431.49808333333,4938.638381383334,1.0933717833333333e-07,4.142972893333333e-07,55.31830383333333,3.37827275e-07,0.0,0.0030091939999999,1.987675166666666e-09,5.571400033333334e-06,268.3007,8.833517500000001,-4.128879763333333,0.1746700795,-2.4939805e-05
-1.1208491433333336e-05,0.0395882333333333,48437.30533333333,4939.2305563166665,1.0959221733333332e-07,4.143526831666666e-07,59.026602,3.4205475e-07,0.0,0.0030309505,1.987675166666666e-09,6.549068506666666e-06,268.13838333333337,9.168550116666667,-3.18303615,0.2265647001666666,-4.213487666666666e-05
-1.29205175e-05,0.0401065306666666,48420.63991666667,4937.5311566166665,1.10040115e-07,4.641401433333333e-07,59.110326166666674,2.981359966666667e-07,0.0,0.0029887584999999,0.0,5.873202066666666e-06,268.08700166666665,9.766754066666666,-2.1082612616666667,0.2770878926666666,-5.3516556e-05
-1.0155094416666666e-05,0.0164145433333333,48411.55703333334,4936.6049601,1.10331485e-07,5.831997183333333e-07,57.99011883333333,6.361294833333335e-08,0.0,0.0029407954999999,0.0,2.58289825e-06,268.08703,10.297202593333331,-1.0747089733333333,0.1746095734999999,-6.211980216666667e-05
-8.377893333333337e-07,0.0112083256666666,48401.85235,4935.615357866666,1.10275294e-07,6.16406873495e-07,58.65886766666667,2.6255924666666666e-07,3.180280333333333e-08,0.00295248,0.0,1.0095232e-06,268.0293383333333,10.105203205,-0.3262172066666666,0.0827829266666666,-6.560342633333333e-05
-3.027059e-06,0.0820406405,48367.639116666665,4932.1265793,1.1008306000000001e-07,4.854492158383333e-07,61.40705633333334,2.297915488333333e-06,7.309936666666667e-07,0.0030071306666666,0.0,1.8248716166666669e-06,267.80877166666664,9.404742096666666,0.3837980683333333,0.0184348156666666,-6.724252549999999e-05
-3.691851166666665e-06,0.0486819828333333,48372.52106666667,4932.62439945,1.112593766666667e-07,3.6114302e-07,63.13243716666667,7.929953e-09,1.7797346666666669e-06,0.0031717486666666,0.0,2.741601e-07,267.86078,10.4198829425,1.501673025,0.1580488485,-5.866866666666666e-05
-3.898590833333333e-06,0.040354748,48372.30198333333,4932.602059116666,1.11477259e-07,2.79755284e-07,62.67309866666667,1.988896333333333e-08,2.9714841666666664e-06,0.0031980521666666,0.0,0.0,267.8649266666667,9.773677183333334,2.6889301566666663,0.054019232,-5.1303166666666674e-05
-3.582242466666667e-06,0.0393241846666666,48423.44443333333,4937.817137749999,1.1130390433333336e-07,1.658225221666667e-07,64.233935,1.3035638266666668e-06,1.2696590333333332e-07,0.0032671675,1.987675166666666e-09,6.239629016666666e-07,267.86798500000003,9.274779061666669,3.8050164133333335,-0.0940179718333333,-4.647316666666667e-05
6.720097666666668e-06,0.10831211,48420.19793333334,4937.486086733334,1.11381639e-07,1.1686905728333339e-07,63.97360749999999,6.141600030000001e-06,1.6339096333333331e-06,0.0033212806666666,1.987675166666666e-09,4.91148589e-06,268.0092866666667,8.99118019,4.771800028333334,-0.1243818575,-4.6688e-05
6.915501833333333e-06,0.103117255,48406.61395,4936.10090605,1.1166894333333339e-07,1.3930198616666666e-07,61.72332666666667,6.245749749999999e-06,2.7758977633333337e-07,0.0033448178333333,0.0,5.177022226666666e-06,268.36275333333333,8.668906235333333,5.8421064,-0.1007095041666666,-4.112333333333333e-05
6.414519833333334e-06,0.06978179,48387.86693333334,4934.189242383333,1.1188803666666669e-07,1.4062938483333333e-07,59.3885285,3.825904516666667e-06,3.1802806666666666e-08,0.0032701351666666,0.0,2.951851766666667e-06,268.68065666666666,8.7267877,6.763188016666667,-0.1551767773333333,-3.907643666666667e-05
5.5475474166666665e-06,0.0515586733333333,48339.02671666667,4929.208926116667,1.1139303433333337e-07,9.87062866666667e-08,56.49045066666667,3.7307703583333335e-06,1.27180735e-07,0.003116794,0.0,3.977163573333333e-06,268.9168916666667,8.697940056666667,7.819773416666667,-0.223969619,-4.0085328e-05
1.11536126e-05,0.0156238808333333,48275.52948333334,4922.734010483334,1.1118030916666669e-07,1.8910762188333334e-07,50.667297,6.675325766666667e-07,0.0,0.0029543973333333,0.0,4.99099415e-06,269.22869833333334,8.654687666666666,8.257305433333334,-0.128426125,-1.860824566666667e-05
1.0878343333333336e-05,0.0005210571666666,48248.388750000006,4919.966425683334,1.1166156316666669e-07,3.192448183333333e-07,45.7447895,7.950701666666666e-09,0.0,0.002759719,0.0,7.979067383333333e-06,269.50422833333334,9.333451897,7.281544566666667,-0.1367502836666666,8.750560019999999e-06
9.85443875e-06,0.0007810256666666,48211.8625,4916.241785016667,1.1173613233333333e-07,4.075855903333333e-07,44.6865165,1.828184333333333e-07,0.0,0.0026492888333333,0.0,1.1665243528833334e-05,269.610965,10.06500186,5.44380421,-0.0855457256666666,1.756031075e-05
8.662888833333333e-06,0.0039063698333333,48181.88946666667,4913.185386,1.1130450166666668e-07,4.920995016666667e-07,46.20390125,8.743696666666666e-08,0.0,0.0027044925,0.0,1.806944889333333e-05,269.70688,10.17622355,3.494862133333333,-0.0425291981666666,1.9298432166666667e-05
-2.860453583333333e-06,0.0026054059999999,48177.07595,4912.694543966667,1.1039698666666669e-07,6.79557265e-07,48.42609625,6.356411166666667e-08,0.0,0.002810271,0.0,1.2974230425e-05,269.6422933333333,9.494511988333334,1.6780036533333331,-0.0087649668333333,2.411750833333333e-05
-6.729182499999999e-06,0.0002598486666666,48177.812,4912.76960015,1.128369816666667e-07,8.363059950000001e-07,43.53106639999999,7.929953e-09,0.0,0.0028084593333333,0.0,6.0636686e-06,270.01554500000003,9.311006398333332,0.8749860166666666,-0.021315766,2.7974927666666666e-05
-7.78581000000001e-07,0.0,48209.21951666666,4915.97227545,1.1363669333333336e-07,9.023378383333334e-07,40.86634525,0.0,0.0,0.0027745255,0.0,4.76453755e-06,269.98304666666667,8.470364166666668,0.3156238466666666,-0.0341328668333333,2.301915533333333e-05
3.235021666666649e-07,0.0,48214.02405,4916.462201933334,1.1386029333333334e-07,9.6644081e-07,38.85597116666667,0.0,0.0,0.002705312,0.0,7.343742116666666e-06,269.839445,7.055333883333333,0.8062650338333333,0.0151144131666666,1.7617578033333334e-05
-9.28871e-06,0.0,48189.0023,4913.910693266666,1.1393834266666669e-07,1.0353180483333334e-06,40.00421791666667,6.357145333333336e-08,0.0,0.0027296236666666,0.0,6.520133835e-06,269.82136,6.69289329,1.6894634833333333,0.0327772063333333,2.416373086666667e-05
-7.539859999999999e-06,0.0,48190.88438333333,4914.102612199999,1.1339115833333337e-07,1.1091276716666666e-06,43.27034075,4.767004666666668e-08,0.0,0.002806073,0.0,1.2312875765e-06,269.71880166666665,6.754462216666666,2.090763233333333,-0.0557867756666666,2.9823552666666665e-05
-1.007808e-05,0.0,48188.17808333333,4913.82664665,1.1264629083333339e-07,1.1623349016666668e-06,47.144523166666666,0.0,0.0,0.0028818391666666,0.0,1.07220353e-07,269.5559166666667,7.235260166666666,2.3356616011666667,-0.0359387071666666,3.178851933333333e-05
-6.648814466666667e-06,0.0,48156.82913333334,4910.629943433333,1.1194464483333333e-07,1.0468134516666669e-06,50.19358661666666,0.0,0.0,0.0029574305,0.0,1.1894929500000002e-08,269.44795,8.153891726666666,2.8337399766666667,0.0129065195,2.72417581e-05
-3.861436533333332e-06,0.0,48139.97711666667,4908.911515883333,1.1126622566666669e-07,9.48400915e-07,52.34900133333334,0.0,0.0,0.0030400593333333,0.0,0.0,269.3411116666667,9.482815055,2.8587048116666662,0.0101937768333333,2.497649383333333e-05
1.603663416666668e-06,0.0,48125.25956666667,4907.410743416666,1.110841965e-07,9.658373166666668e-07,54.0678245,0.0,0.0,0.0031529518333333,2.979378e-09,0.0,269.2596466666667,10.837872951666666,2.714104883333334,-0.0083619086666666,1.8974336583333333e-05
3.8628389500000006e-06,0.0070330736666666,48091.84243333333,4904.003144133333,1.118669201666667e-07,9.654859833333333e-07,55.941348000000005,2.007021816666667e-07,2.544065166666666e-07,0.0032877936666666,5.958756666666667e-09,5.960647333333333e-08,269.13320500000003,11.6635382,2.915892783333333,0.0134413593333333,1.1240727e-05
-1.1112636916666663e-06,0.0223969833333333,48085.3898,4903.345158716666,1.12333054e-07,8.689696433333334e-07,60.1180695,3.0996686833333334e-07,0.0,0.0035001306666666,0.0,6.755717166666666e-08,269.02974666666665,13.147781025,2.7058981333333336,0.0031780163333333,6.356950000000044e-08
-2.148926666666612e-08,0.0429722956666666,48100.6784,4904.904162033333,1.127080325e-07,7.601535733333333e-07,64.05230216666666,1.3669357016666668e-06,3.497087716666667e-07,0.0036710605,0.0,9.178771166666666e-07,268.838745,14.211803076666667,2.1867592,-0.0013367481666666,-7.035941499999999e-06
2.0759055e-06,0.0,48123.02856666667,4907.183244716666,1.157648325e-07,5.9206794e-07,54.568399166666666,0.0,0.0,0.0035315001666666,1.0525819e-07,0.0,269.3969,14.711486210333334,1.4734860588333332,0.0132018598333333,-1.9886666666666664e-05
2.672098833333332e-06,0.0,48132.4522,4908.144187933333,1.1617729e-07,5.3187052e-07,56.63148533333333,0.0,3.336902666666667e-07,0.0035998249999999,8.579063333333333e-07,0.0,269.2724983333333,15.513732343333333,1.7622950666666668,-0.1346031541666666,-2.508933333333333e-05
-3.713759561666667e-06,0.0007810256666666,48145.16535,4909.440568466666,1.1572417250000001e-07,3.8385221166666666e-07,60.393184,0.0,6.9918338e-07,0.0037886136666666,1.1916655e-07,0.0,269.1747283333333,16.039579566666667,1.6712094833333333,-0.0488085815,-2.817e-05
-2.2558381e-06,0.0007810256666666,48184.251833333336,4913.4262806,1.1580117666666669e-07,3.368887333333334e-07,65.56210733333333,2.782074166666668e-08,8.899392966666667e-07,0.004002472,2.632133333333333e-06,3.577145e-08,269.20225166666665,16.3327368,1.5565449166666667,0.0004012888333333,-2.371333333333333e-05
-8.006839733333334e-06,0.0039063698333333,48212.647800000006,4916.321863149999,1.1640938066666669e-07,3.297596633333334e-07,68.15943183333333,2.7815865e-07,2.439401488333333e-06,0.0040789228333333,2.699912544666667e-06,1.2120586733333332e-06,269.339475,16.29828065,1.6007917666666664,0.0553377479999999,-2.789e-05
-7.13877466e-06,0.0046873955,48212.70178333333,4916.327367916667,1.1624864833333333e-07,3.237130183333333e-07,68.81858166666667,5.5599996666666665e-08,3.5837094000000003e-06,0.004021796,9.038666e-07,3.5999324566666662e-06,269.36245833333334,15.821258783333334,1.2678257916666666,-0.0476957415,-2.6621666666666663e-05
-1.4607811666666667e-05,0.0299475156666666,48181.15063333334,4913.1100461333335,1.1478997916666666e-07,3.444489816666666e-07,74.05760500000001,3.9184813e-06,2.9405847733333333e-06,0.0040267006666666,8.011396333333333e-07,2.737227193333333e-05,268.966285,14.825395933333333,0.7774532000000001,-0.1292331343333333,-2.3905e-05
-9.4718134e-06,0.0828155918333333,48144.29643333334,4909.3519637,1.1378326166666669e-07,3.963489033333333e-07,78.51559183333333,1.0524889974166668e-05,1.811985273333333e-06,0.0040638858333333,8.957190653333334e-07,7.232057266666666e-05,268.60185,13.959539,0.5512082600000001,0.0247611895,-2.1911666666666666e-05
-8.217480733333332e-06,0.0961052333333333,48107.48926666667,4905.598677,1.1347881933333336e-07,4.406987366666667e-07,77.71700266666666,1.07702426e-05,9.694768566666667e-07,0.004010108,1.5197923215833334e-06,9.543315233333336e-05,268.56406166666665,13.322006333333334,0.1365932299999999,0.1476429668333333,-1.99027345e-05
2.7832361666666653e-06,0.1411590856666666,48079.468166666666,4902.741320116666,1.13413469e-07,4.575059366666667e-07,75.03197666666667,7.363514835e-06,7.231625466666667e-07,0.0039435551666666,1.982857333333333e-06,0.0001258192745,268.7412533333333,13.05175249,0.3152617524999999,0.1505319001666666,-2.22540515e-05
-9.70489195e-06,0.158084448,48080.84051666667,4902.88126095,1.1289051e-07,5.605243633333333e-07,75.77789016666667,1.1321174556666665e-05,4.927116333333333e-07,0.0039779933333333,2.6494841666666668e-06,0.0001202240378333,268.7757433333333,12.616866116666666,0.8234027133333335,0.1058883173333333,-1.0063416616666669e-05
-8.867753e-06,0.1692815373333333,48088.12883333333,4903.624462333334,1.1232971016666668e-07,5.42866855e-07,76.02185,2.05244001e-05,3.258359916666667e-07,0.0039679323333333,1.6979678333333333e-06,9.20327575e-05,268.790205,11.978519416666666,1.074347495,0.0512802583333333,-9.843349666666666e-06
4.7981218333333335e-06,0.2515672713333333,48068.37796666666,4901.610434316667,1.1252788750000006e-07,5.530386816666667e-07,86.39206116666666,2.4094774415e-05,3.95740707e-06,0.0043718031666666,1.7740591005e-06,8.553910333333334e-05,268.78178,11.033666333333334,2.727722775,-0.0895667866666666,-5.1742405e-06
3.753522258333335e-06,0.3765498683333333,48060.665166666666,4900.823947666667,1.09392631e-07,5.997986033333334e-07,87.35855666666667,1.7826058583333333e-05,7.135262619666667e-06,0.0043644893333333,1.5997736666666667e-06,9.670316666666666e-05,268.7950866666667,11.396710916666668,3.447119766666667,0.0028710181666666,-1.1108878333333277e-07
5.627866000000005e-07,0.3361801716666666,48099.77121666667,4904.811654916667,1.0889235133333333e-07,6.625741803333334e-07,87.74967583333334,1.5048869350000002e-05,6.628225783333333e-06,0.0043519845,4.763972666666666e-07,5.148019983333333e-05,268.81355333333335,11.26163315,3.490832425,-0.1127436886666666,6.567572666666667e-06
1.8879997000000004e-06,0.4927350966666666,48071.97206666667,4901.9769306,1.0805302833333333e-07,6.1281348e-07,89.5423675,2.18385292e-05,2.492501564166667e-05,0.0043173723333333,6.973377833333333e-07,6.429456716666666e-05,268.65316,10.500679466666666,3.762884205,-0.1726830653333333,1.0013635833333322e-06
1.38861856e-05,0.702379815,48073.85831666667,4902.1692746,1.0568571983333332e-07,4.920682283333334e-07,92.38852833333334,2.996162983333333e-05,3.586327741e-05,0.0042985958333333,3.5856986666666665e-06,0.0001658178333333,268.3361,9.14120465,4.8576251783333335,-0.3174833158333333,-1.50234955e-05
1.3915753e-05,0.7903765766666666,48075.39403333334,4902.32587415,1.023647561666667e-07,5.50838295e-07,92.0459135,1.5855981833333335e-05,5.460266883333334e-06,0.0043349921666666,8.215067833333333e-06,0.0001999645,268.32609,9.521223516666668,6.287186966666667,0.0274627165,-1.2279367333333334e-05
2.16174465e-05,0.7755220283333334,48040.3132,4898.7486247,9.50581695e-08,7.4017641e-07,93.93355,2.619883425e-05,5.182101338e-05,0.0043857853333333,7.459556666666667e-06,0.0001846817276666,268.2364483333333,10.60415095,6.990933088333333,-0.4473876938333334,1.3586814166666668e-05
8.3727955e-06,0.7655984240000001,48044.98875,4899.22539795,8.827162483333335e-08,1.1991234166666667e-06,94.17708816666668,3.886828283333333e-05,6.178782976666667e-05,0.0043396636666666,1.0872878333333332e-05,0.0002243181076666,268.06587333333334,11.9428729,6.725625586666666,-0.3856231371666667,5.65843735e-05
-2.318641e-06,0.7226429605,48030.543600000005,4897.752402733334,8.528708816666669e-08,1.045315145e-06,93.74440916666668,3.7732768166666666e-05,5.2886372333333336e-05,0.0042970833333333,9.526957e-06,0.0001975656666666,267.9748133333333,14.047552966666666,5.450596296666666,-0.4032645033333333,3.602407433333333e-05
-7.991847500000002e-06,0.7411264075,48011.903783333335,4895.8516705833335,8.662833833333333e-08,7.7990125e-07,93.33117833333334,3.804932033333333e-05,5.068160116666667e-05,0.004234378,7.9697275e-06,0.0001495434783333,267.79264166666667,15.32250825,4.433489375,-0.3606018433333333,1.5925736333333334e-05
-6.128611000000001e-06,0.4728834246666666,47997.6457,4894.397750516667,8.971695366666666e-08,7.4129305e-07,92.27565733333334,1.31469125e-05,5.0348451500000005e-05,0.0041555873333333,3.943173666666666e-06,4.3962527416666666e-05,267.6556366666667,16.4631973,2.870523933333333,-0.1589375356666666,1.25261715e-05
4.481461666666677e-07,0.3263021913333333,48014.03786666667,4896.069286566667,9.6139699e-08,6.853599666666667e-07,81.40806166666667,7.843729233333333e-06,6.112852109333333e-05,0.0038258173333333,9.544605666666666e-07,1.30993994e-05,267.474205,17.034032,1.0733988166666666,-0.083074828,1.0399129e-05
1.3719006666666658e-06,0.3762946916666667,48039.22351666667,4898.637507833333,9.8338821e-08,6.840890833333332e-07,79.88057233333333,8.918647202999999e-06,8.100639483333334e-05,0.0037824353333333,6.855085e-08,1.665462845e-05,267.3069983333333,17.7014587,0.8126067333333333,-0.1092088371666666,1.2241304333333337e-05
2.228047166666666e-06,0.3674288883333333,48058.03339999999,4900.555582283333,1.00910635e-07,6.14352825e-07,76.56569583333334,8.274479699999999e-06,4.1975047e-05,0.0036265815,1.42059e-07,2.20467215e-05,267.16902166666665,17.164960349999998,-0.635065145,0.1197192763333333,-1.275210666666669e-06
4.2794583333333334e-07,0.0356479439999999,48084.87446666667,4903.292609383333,1.0672798200000006e-07,6.110733666666667e-07,66.17392766666667,9.72841255e-08,7.9552175e-08,0.003345856,1.093008e-08,1.0730915500000002e-05,267.4465783333333,16.564728383333335,-1.6792667666666663,0.2814469856666666,-1.829296e-06
-9.020194333333332e-07,0.0002612085,48112.3718,4906.0965568833335,1.1231200433333333e-07,5.80547745e-07,56.5997535,7.929953e-09,0.0,0.0030308901666666,0.0,6.0615944e-06,267.69411833333334,15.44345955,-2.471244233333333,0.1445577933333333,-5.1325115999999984e-06
-2.111241833333333e-06,0.0002612085,48169.13773333334,4911.885071016667,1.1616376166666669e-07,5.02592955e-07,50.367543833333336,0.0,0.0,0.0027673288333333,0.0,6.696202089833334e-06,267.819615,14.060075843333337,-3.100392786,0.094307554,-1.6937692026666668e-05
-2.6782979716666672e-06,0.0,48192.80428333333,4914.29838755,1.182045516666667e-07,4.5453282666666667e-07,43.69280691666666,1.9074848333333334e-07,0.0,0.0025219933333333,0.0,8.279799183333333e-06,268.1690116666667,13.150817123333333,-3.013965766666667,0.1244326526666666,-2.0043385666666667e-05
4.01696845e-06,0.0,48181.00338333333,4913.095030733333,1.1713824500000005e-07,4.17700565e-07,39.73165033333333,1.112756666666667e-07,0.0,0.0023672786666666,0.0,4.827941086666667e-06,268.27741,12.65350155,-2.47011045,-0.0429477121666666,-1.9424913933333336e-05
3.486853733333333e-06,0.0,48179.17243333333,4912.90832575,1.153094716666667e-07,3.95867875e-07,37.885481166666665,1.5901396666666666e-08,0.0,0.0022938371666666,0.0,1.6765154363333331e-06,268.29447,12.343280041666668,-2.2875795533333334,0.0357803455,-1.6818297216666667e-05
3.5659664166666666e-06,0.0,48177.706,4912.7587914000005,1.1452807333333334e-07,3.749032466666667e-07,35.86273616666667,0.0,0.0,0.002214173,0.0,1.1116641e-07,268.52352666666667,12.281580566666667,-1.8988270258333333,0.0631677991666666,-1.7146666666666666e-05
7.741809850000001e-06,0.0,48173.60966666666,4912.34108165,1.13653536e-07,3.7822766e-07,35.6509495,0.0,7.97145e-09,0.002207776,0.0,0.0,268.69767,12.021477216666666,-1.1947063666666666,0.0849436945,-1.6936795133333333e-05
1.238668715e-05,0.0,48199.28176666666,4914.958906983334,1.13201451e-07,4.216054705e-07,35.38329733333333,0.0,7.97145e-09,0.0021951201666666,0.0,1.5903235e-08,268.85299166666664,12.098118441666664,-0.4764037966666667,0.0771802975,-9.806305133333332e-06
9.0552716e-06,0.0,48223.1571,4917.3935136166665,1.126963506666667e-07,5.225127066666667e-07,36.625017666666665,0.0,7.97145e-09,0.0022083451666666,0.0,6.7595e-08,268.80732166666667,12.23803195,0.4336844066666667,0.0514981594999999,4.051148116666666e-06
3.003888833333333e-06,0.0,48281.77978333333,4923.371363533333,1.1322705833333339e-07,6.215441500000001e-07,43.75140366666667,0.0,1.5942892666666666e-08,0.0024670851666666,0.0,1.5901396666666666e-08,268.8611233333333,12.8445945,1.999302325,0.1167469285,1.5590787e-05
1.217669566666666e-06,0.0005210571666666,48259.4841,4921.097836533333,1.1239871066666668e-07,7.67033575e-07,49.56477883333333,0.0,2.6241222166666664e-07,0.0026884266666666,0.0,7.950701666666666e-09,268.78998666666666,14.189842116666666,2.332199875,0.0274392308333333,1.7280964166666666e-05
3.211929833333333e-06,0.001042114,48306.79256666667,4925.921957783333,1.1153175166666668e-07,8.038771083333333e-07,55.22428133333333,0.0,9.142513466666668e-07,0.002905427,0.0,0.0,268.58708333333334,14.957045166666669,2.82291625,0.0226029541666666,1.1989118e-05
-5.136935833333334e-06,0.003125223,48307.07998333333,4925.9512662,1.1180187166666668e-07,8.583003916666667e-07,55.01639316666667,0.0,9.220409933333334e-07,0.0029821733333333,0.0,0.0,268.7998283333333,17.058808533333334,3.3124147366666663,0.1005937418333333,1.2167927133333331e-05
3.638243583333333e-06,0.0054695413333333,48317.44225,4927.007923016667,1.1051923833333337e-07,8.526298366666666e-07,59.6485065,0.0,2.85362874e-06,0.0031966273333333,0.0,0.0,268.6122433333333,17.449158999999998,3.32465476,-0.0773414475,6.199114999999998e-06
3.7110816666666655e-06,0.0112002906666666,48296.12388333333,4924.834054683333,1.0793759916666669e-07,8.362698553333333e-07,62.89384983333334,3.5761988333333335e-08,5.89802871e-06,0.0033839444999999,0.0,0.0,268.597735,18.11365363333333,2.800716720833333,0.0153740883333333,-3.258866166666665e-06
-1.1435106333333331e-05,0.0625115841666666,48290.50618333334,4924.2612089,9.951955216666669e-08,8.079728266666666e-07,75.23887483333333,1.4687766033333333e-06,7.916289305e-06,0.0037638753333333,0.0,1.373524321666667e-06,268.558755,18.753392666666667,3.1180235783333337,0.0147281691666666,-1.1855561333333334e-05
-1.625229833333333e-05,0.1906450726666666,48274.644283333335,4922.64374515,1.0116154166666668e-07,7.397929066666667e-07,73.425967,9.620622138333334e-06,1.09772994e-05,0.0038361411666666,0.0,1.1662522833333334e-05,268.578185,19.697359816666665,3.135576576666667,-0.0670566285,-2.5398728500000003e-05
2.458210833333333e-06,0.1601726716666666,48264.2774,4921.586617383334,1.050379325e-07,8.376584049999999e-07,68.98947333333334,7.497771800000001e-06,1.4121841733333333e-05,0.0037453288333333,0.0,1.2166514933333332e-05,268.36862333333335,20.11927548333333,2.6037067166666668,-0.1149699361666666,-8.930089333333334e-06
3.5037171833333326e-06,0.2190152766666666,48207.90343333333,4915.838072366667,1.0440893933333333e-07,9.756398866666669e-07,69.11281083333334,4.351025933333333e-06,2.529854933e-05,0.0037008823333333,9.964307833333331e-10,4.88945495e-06,268.04763,20.48100235,2.0016994916666664,-0.0776665496666666,1.0302433833333336e-05
3.485586166666667e-06,0.2874946473333333,48185.804833333335,4913.58464255,1.0327394833333336e-07,1.0211799533333334e-06,67.65775633333332,3.0375838300000004e-06,3.785713663266667e-05,0.0035896756666666,0.0,2.1890548533333333e-06,267.83579000000003,21.1721044,1.1039406116666666,0.0448280624999999,1.7822611166666666e-05
2.5636473333333337e-06,0.2570319,48150.38965,4909.973298633334,1.057214545e-07,1.1146921333333331e-06,61.48064633333333,2.39014255e-06,3.272372804e-05,0.0033577996666666,0.0,8.463231366666666e-07,267.75992333333335,21.600495066666667,-0.543660825,0.1134972336666666,2.5095552683333333e-05
-5.8123021000000015e-06,0.0953084835,48167.22878333333,4911.690412333333,1.08969866e-07,8.844137066666668e-07,59.81224733333334,7.350096333333334e-08,4.287153333333334e-07,0.0032568106666666,0.0,2.146213416666667e-07,267.69692000000003,22.80155944333333,-1.0081590166666663,0.20332153,5.432760000000001e-06
-6.404336333333333e-06,0.055734495,48198.95801666666,4914.925893783334,1.1163377733333333e-07,5.714307983333334e-07,54.1381525,5.168505833333333e-08,8.751899333333333e-07,0.0030238801666666,0.0,1.0330238333333333e-07,267.7773583333333,22.76262503,-2.022636861666667,0.1909672525,-1.8071806666666665e-05
-1.28693421e-05,0.0151168108333333,48290.20385,4924.2303793500005,1.1100291750000001e-07,3.287452483333333e-07,53.67658733333334,1.988896333333333e-08,5.570494926666667e-07,0.0029684175,0.0,1.986857833333333e-07,267.82565,23.0845272,-2.0968622333333333,0.2402568474999999,-3.0548916e-05
-5.421149616666667e-06,0.0002612085,48309.92751666667,4926.241633566667,1.0994484333333333e-07,2.4067883833333333e-07,52.228276666666666,0.0,3.188578533333333e-08,0.0029114604999999,0.0,3.179274233333333e-07,268.3602133333333,23.85679529833333,-2.1424272883333333,0.228499389,-2.0491084666666667e-05
-3.939304733333333e-06,0.0015646511666666,48310.5968,4926.309881433333,1.1082954683333337e-07,2.44562655e-07,49.164099,1.992862166666666e-09,7.963150000000002e-08,0.002859336,0.0,3.178572166666668e-08,268.52374833333334,23.6712036,-2.409832838333333,0.0887437365,-2.1049144666666665e-05
-5.724706966666667e-06,0.0,48339.37100000001,4929.24403345,1.0954669433333339e-07,1.75452956e-07,48.8999095,0.0,6.360560666666666e-08,0.0028838875,0.0,4.291249416666669e-07,268.6214616666667,23.42537970833333,-2.755242823333333,0.0757741128333333,-3.484734121666667e-05
-1.1541789766666666e-05,0.011203251,48312.32396666667,4926.486003666667,1.069541135e-07,2.0979961833333338e-07,52.24278966666666,5.5677493333333343e-08,5.5599996666666665e-08,0.0029854953333333,0.0,9.816328e-07,268.81894,22.845499431666667,-2.4394175716666666,0.0664750708333333,-3.4840729833333334e-05
-1.1689879956666669e-05,0.0416774906666666,48300.641383333335,4925.294711466667,1.0694829666666669e-07,2.371557753333333e-07,51.40299766666666,6.953892249999999e-07,7.150507e-08,0.0029822876666666,0.0,2.142213295e-06,269.07367,22.514911915,-2.2787344866666666,0.0417964076666666,-3.280150516666667e-05
-3.7273749e-06,0.0075535294999999,48282.46103333333,4923.440831933333,1.0613395750000001e-07,2.293425933333333e-07,50.2369155,3.714663916666667e-07,1.82825895e-07,0.0029941243333333,0.0,1.0071315399166667e-06,269.14699833333333,21.683010693333333,-2.1445763333333336,0.0035025593333333,-3.0619393066666664e-05
-7.505587333333333e-06,0.0026039261666666,48286.16281666667,4923.81830875,1.0533348933333337e-07,2.627119443333333e-07,48.89210033333333,1.0329687500000001e-07,6.2022919e-07,0.0030188281666666,0.0,2.5421850650000004e-07,269.22569,20.70830291333333,-1.381917855,0.0090778084999999,-3.0560373916666664e-05
-3.9965681666666665e-06,0.001042114,48300.647683333336,4925.295353983333,1.0681633533333334e-07,3.622980576666666e-07,46.80554466666666,0.0,4.371957733333333e-07,0.0030385193333333,0.0,7.929953e-09,269.35990166666664,20.0830229225,-0.8810374083333334,0.0384953653333333,-2.00459837e-05
-3.6017795e-06,0.0005210571666666,48340.63996666667,4929.373431883333,1.0878807183333337e-07,4.864470116666667e-07,44.10798866666667,0.0,1.3514117e-07,0.0030378448333333,0.0,0.0,269.341265,19.497011115000003,-0.8424201733333333,0.0335338981666666,-1.2153284e-05
-4.443442233333334e-06,0.0005210571666666,48365.48855,4931.907282383333,1.108465035e-07,5.645308e-07,58.0379255,0.0,2.624011550000001e-07,0.0034912223333333,0.0,0.0,268.973965,18.778490366666663,0.3846725166666667,-0.0241451473333333,-8.195545333333331e-06
-6.07578e-07,0.0005210571666666,48407.824766666665,4936.224374983333,1.0955948433333333e-07,7.452904116666666e-07,61.09560316666667,0.0,2.146932666666667e-07,0.0036018468333333,0.0,0.0,268.85435666666666,18.675796483333333,0.5825673333333333,-0.0144219296666666,-2.397506666666668e-06
-2.4895415000000007e-06,0.0,48418.43088333334,4937.305897650001,1.0830011733333336e-07,8.638610766666668e-07,62.291764,0.0,2.861911e-07,0.0036487888333333,0.0,0.0,268.70857666666666,18.51710633333333,0.5015390089999999,-0.0606650066666666,-7.801105933333334e-06
-9.430187566666667e-06,0.0005210571666666,48444.32266666667,4939.9461251,1.07161705e-07,8.526932250000001e-07,64.01302533333333,7.950701666666666e-09,3.0998095333333334e-07,0.0037414026666666,0.0,0.0,268.8091166666666,18.57405066666667,0.3071599466666666,0.0180451496666666,-1.8989032666666668e-05
-6.937832666666667e-06,0.001301963,48452.46659999999,4940.7765749166665,1.0620236900000006e-07,6.405660183333333e-07,67.3976795,7.950701666666666e-09,8.743695333333334e-08,0.0038821211666666,0.0,0.0,268.9063433333333,18.09706107333333,0.2232561816666666,0.0083220475,-3.652196033333333e-05
-6.644763666666666e-06,0.0031253433333333,48441.2042,4939.6281301,1.047288926666667e-07,3.983384916666666e-07,73.43697916666666,3.178572166666668e-08,6.914729533333333e-07,0.0040653386666666,0.0,2.383501333333333e-08,268.76990666666666,17.677568085,0.6313010833333333,-0.1264529133333333,-4.806666666666667e-05
-4.7570518e-06,0.0580724053333333,48431.42086666668,4938.630507450001,1.0366419583333337e-07,2.568003866666667e-07,78.68531,8.344368316666666e-07,7.836503e-06,0.0041344651666666,0.0,3.536049233333334e-07,268.55486,17.629137808333333,0.7373383716666666,-0.2522886908333333,-5.03585e-05
7.198664416666667e-06,0.1387898981666666,48393.607833333335,4934.774651116667,1.0270544666666669e-07,2.3647253e-07,75.8479955,3.0254286533333337e-06,2.285606044e-05,0.0038097463333333,0.0,2.0539481566666667e-06,268.43638166666665,17.950354383333334,1.00630195,-0.196870725,-4.92995e-05
1.3391017783333336e-05,0.1677012586666666,48371.64763333333,4932.535334066667,1.0204236833333333e-07,3.08681295e-07,73.44933666666667,3.5621071333333334e-06,2.69977025e-05,0.003495293,0.0,2.8548218666666667e-06,268.39723166666664,18.318233166666666,1.5250600333333335,0.0069675475,-4.1362e-05
1.4196248333333332e-05,0.260700695,48327.83878333333,4928.068074516667,1.0176057533333337e-07,2.856212516666666e-07,73.777877,4.341482406666667e-06,3.581008023e-05,0.0033789723333333,0.0,5.374649473333333e-06,268.5121316666667,18.27615673333333,2.1042099166666666,0.1850732666666666,-4.019306716666667e-05
1.249143375e-05,0.3408981938333333,48325.08311666667,4927.787074916667,1.0184643016666669e-07,2.5870837666666666e-07,74.82809283333333,6.40401535e-06,6.975999806666666e-05,0.0033776415,0.0,1.5076866033333332e-05,268.73301,18.27763253333333,2.7873124666666667,-0.0437760371666666,-4.364266666666666e-05
2.357596500000001e-06,0.3987065721666667,48283.93668333333,4923.591305966666,1.0099239500000001e-07,2.13587115e-07,77.40903999999999,8.41492165e-06,7.891754683333334e-05,0.0034554175,0.0,3.0454420166666667e-05,268.92324,18.486119366666667,3.093055295,-0.0870299586666666,-5.15814965e-05
-1.3584914533333332e-05,0.437524715,48307.54713333333,4925.998902166667,9.476950016666668e-08,3.776754383333333e-07,83.07074233333334,1.5728978666666667e-05,6.858370351666667e-05,0.0038560703333333,7.961075283333333e-09,7.203192116666667e-05,269.2576883333333,18.82840033333333,4.21411705,-0.2593639308333333,-4.0750901333333336e-05
-3.5861468e-05,0.702334355,48323.31716666667,4927.6069981,7.9049015e-08,1.0358187733333334e-06,87.76076516666666,4.071819983333334e-05,2.911998533333333e-05,0.0040592785,2.0984634916666666e-07,0.0002293298333333,269.24462666666665,19.639635666666667,4.29331655,-0.4153946316666666,3.6038503333333335e-05
-3.137129602166667e-05,0.61892631,48390.24615,4934.431854783334,7.532671066666668e-08,7.424785833333333e-07,87.469359,3.401217866666667e-05,3.211108083333333e-05,0.0040726385,2.344437386666667e-06,0.0002956145,269.1231333333333,21.1237205,3.1806030616666665,-0.4406394033333333,7.187374966666668e-06
-3.326275666666666e-05,0.397428625,48413.78711666667,4936.832365533333,7.41329125e-08,5.457395333333333e-07,86.99723333333333,1.5937746533333334e-05,2.2965973e-05,0.0041446175,4.633097325e-06,0.0002296969999999,268.94551333333334,21.043136166666667,4.424676230833334,-0.5934018833333333,-1.4682043233333334e-05
-6.764340200000001e-06,0.4882596133333333,48386.39545,4934.039192716667,8.034059233333333e-08,3.0567244e-07,89.82251316666667,2.7689413433333333e-05,4.6354415666666665e-05,0.0043620251666666,4.254978983333333e-06,0.00012993501,268.845865,20.8314535,5.357591283333334,-0.3534082373333334,-4.555281774999999e-05
4.596219783333333e-06,0.3453219916666667,48405.3915,4935.976250883333,8.19933625e-08,3.361391225e-07,88.54708616666666,1.43063964e-05,3.878428421666667e-05,0.0044430498333333,3.5988799333333336e-06,4.780265083333333e-05,268.9420166666667,20.26229645,5.833511883333333,-0.295598688,-4.03579184e-05
8.5574175e-06,0.4677316483333333,48368.63311666666,4932.227938733334,7.849674433333334e-08,3.663983583333333e-07,94.70479833333331,9.593645016666666e-06,0.0001024792028566,0.0046767233333333,5.425277010166666e-06,7.743750250000001e-05,268.8174616666667,20.22197723333333,6.34072815,-0.4535477,-3.991874105e-05
-5.297949833333332e-06,0.55727322,48309.9254,4926.241417716667,7.416253833333333e-08,6.654365433333333e-07,95.13534,1.8680161066666664e-05,0.0001252193461666,0.0047870835,8.791221952166667e-06,0.0001784070133333,268.98787833333336,20.880905666666667,7.314715933333333,-0.6205292203333334,-1.0246492216666668e-05
-6.585492333333332e-06,0.5729087416666666,48284.192233333335,4923.617365183333,7.519274916666668e-08,4.4800665500000004e-07,93.34870166666668,1.47566059e-05,0.0001274728773333,0.0047771673333333,1.3383616571e-05,0.0001224838906666,269.0693366666667,21.923155883333333,6.363752166666667,-0.4410092051666667,-3.349566395e-05
-2.2080113733333345e-06,0.5236983816666666,48256.27121666667,4920.770213833333,7.663359766666668e-08,4.1266525666666665e-07,94.675538,1.0485915766666666e-05,0.0001159651732863,0.0047902945,1.3198142749166669e-05,7.911843733333334e-05,268.95568833333334,22.151083666666665,6.505988299999999,-0.2669167613333333,-3.4845e-05
-1.1051375e-05,0.40023515,48247.2746,4919.852814133333,7.415836e-08,4.624895083333333e-07,91.82156666666668,6.933058566666666e-06,9.282901071666666e-05,0.0047318165,1.7247957023833333e-05,8.362128166666665e-05,269.0978983333333,21.886844850000003,6.36179865,-0.4854228133333333,-2.8810735e-05
-3.094602333333333e-05,0.3551837049999999,48243.64455,4919.482651983333,7.033958133333333e-08,5.816894266666668e-07,94.07961666666668,5.271497445e-06,7.611581716666668e-05,0.0047959278333333,2.248193301233333e-05,0.0001804218333333,269.0526966666667,21.650642933333334,6.273399216666667,-0.5636327901666667,-1.6277669316666666e-05
-1.5578954333333329e-06,0.56643555,48203.90688333334,4915.430537583333,7.138274183333335e-08,5.803199011666666e-07,98.52615566666668,3.332340095e-05,7.494321583333333e-05,0.0049273925,2.731059019133333e-05,0.0002700726666666,268.8873766666666,23.0284391,6.7384034,-0.5723489193333333,-1.2363092333333337e-05
2.8228912716666665e-05,0.5333136116666667,48298.0774,4925.033258133333,7.768443249999999e-08,5.804604599999999e-07,94.155511,1.2628932166666666e-05,0.0001291542525,0.0047912033333333,2.479914851e-05,0.0001314828083333,268.8857033333333,23.07252505,5.367826166666667,-0.4470121223333334,-1.4162454666666667e-05
2.5646095666666668e-05,0.4099051033333333,48305.436316666666,4925.783658916666,8.344528583333333e-08,5.125255e-07,89.3821215,1.25510604e-05,0.0001184222876,0.004557479,1.7619051317833333e-05,4.94692555e-05,268.8096533333333,21.873662616666667,3.8161944,-0.3412719973333333,-2.254564933333333e-05
1.3804424616666667e-05,0.4666796583333333,48304.56271666667,4925.694576466666,8.385301416666666e-08,3.645655800000001e-07,92.18478333333331,1.2403708166666666e-05,0.0001134376553033,0.0046146808333333,9.200071953666666e-06,5.06209015e-05,268.703855,21.144502766666665,3.08329295,-0.1173684964999999,-3.927611666666666e-05
1.2648540866666668e-05,0.4895843866666666,48326.2408,4927.90512545,7.977290833333333e-08,3.745061683333333e-07,93.024531,1.2532776316666666e-05,0.0001223443716666,0.0046184306666666,1.3031017120333332e-05,6.404994616666667e-05,268.64884666666666,20.6102317,3.4212021666666668,-0.2934455795,-4.1511886666666666e-05
9.890807733333334e-06,0.4820329583333334,48323.08728333333,4927.583556283334,7.870279266666666e-08,3.64473455e-07,94.76634483333332,1.0366883383333336e-05,6.48811455e-05,0.0046728386666666,7.018434071e-06,6.133458033333333e-05,268.58732333333336,20.3690352,3.139150933333333,-0.1126758573333333,-4.265871e-05
6.0040594e-06,0.3086182916666666,48311.51461666666,4926.403472966666,8.014661599999999e-08,3.368007633333333e-07,91.99587083333334,9.59206545e-06,4.984964106833333e-05,0.0045794781666666,5.890108382283334e-06,2.679408733333333e-05,268.68627833333335,19.65992603333333,2.7816659500000003,-0.3309720133333333,-4.485779033333334e-05
6.0989510000000005e-06,0.3442781183333332,48309.41028333333,4926.188890366667,8.175697083333333e-08,2.7067606833333337e-07,92.798585,1.3017485958333332e-05,6.062475085e-05,0.004593898,4.2247368822833335e-06,3.284757983333333e-05,268.59868,18.86719953333333,2.69429115,-0.3407336883333333,-5.1941786705e-05
1.429509325e-05,0.476310095,48308.13515,4926.0588632,8.487339066666667e-08,2.3562998500000002e-07,92.57277583333332,9.9596055e-06,0.0001267122237566,0.0046024795,7.778244309333334e-06,4.632849416666667e-05,268.5639233333333,18.761297616666667,3.9119309,-0.2729847716666666,-5.691547475e-05
1.5382001000000002e-05,0.4661459324999999,48283.92803333333,4923.59042405,8.358079166666667e-08,3.709397416666666e-07,92.2239435,8.187483699999999e-06,0.00013878408366,0.0046168568333333,1.3563085151166668e-05,4.94045135e-05,268.59847833333333,19.340714941666665,4.625826033333333,-0.335762495,-4.078855166666666e-05
2.103805052333333e-05,0.5296917316666666,48270.759283333326,4922.247585383334,7.994523833333332e-08,3.762610166666667e-07,94.33506016666666,1.1568123016666666e-05,0.0001118864382863,0.0046609693333333,1.3863886809333331e-05,7.337727666666667e-05,268.56685166666665,20.049954,4.6547265,-0.3493962666666667,-4.1792419e-05
2.281499276e-05,0.5497492716666667,48271.2436,4922.296971966666,7.644355233333333e-08,4.103595983333334e-07,95.80782933333334,1.1259820333333331e-05,0.00011248112,0.0046783845,1.7710193904333333e-05,9.588202483333332e-05,268.5804033333333,20.2367937,4.321760483333333,-0.343916535,-3.883899916666666e-05
5.973226833333336e-06,0.64526538,48260.06735,4921.157311633334,7.6686641e-08,3.698500933333333e-07,94.42987066666666,3.120248408333333e-05,7.819973583333334e-05,0.004623973,1.1027441333333332e-05,9.628049333333334e-05,268.6365583333333,20.688112866666668,2.8449004499999995,-0.106128417,-4.269883333333333e-05
5.424539749999999e-06,0.6127399333333333,48284.23215,4923.621435550001,7.801405883333335e-08,2.1381693833333333e-07,93.5430525,2.1403628750000003e-05,5.60928005e-05,0.0045904678333333,9.942293882283332e-06,7.866029766666667e-05,268.64152,20.2263766,2.366054296666667,-0.2020254416666666,-5.787183333333334e-05
3.2988700999999994e-06,0.40858738,48334.09311666666,4928.705838883333,8.225845333333336e-08,2.4487672e-07,92.489556,1.884132753e-05,4.2711213e-05,0.004567277,8.675125904333333e-06,6.391230733333334e-05,268.69678,19.416695966666666,3.00710025,-0.5060397236666667,-5.649366666666666e-05
-4.828280500000001e-06,0.5669336433333333,48322.34065,4927.5074211500005,8.10779375e-08,3.888366733333333e-07,95.111855,2.660150415e-05,0.00010238382725,0.0046728413333333,9.953873787e-06,0.0001271315316666,268.61179166666665,18.483727566666666,4.3385047666666665,-0.5073522128333333,-3.74356145e-05
-7.230450816666666e-06,0.5674731366666667,48327.43341666667,4928.026738566667,7.825463e-08,4.24557745e-07,95.08269383333334,2.482144315e-05,7.038337693333333e-05,0.0046933043333333,1.1030561904333333e-05,0.0001533295,268.6409083333333,18.42890238333333,5.6092525,-0.3354078451666666,-3.0575509e-05
-1.3157654216666668e-05,0.6177331733333333,48311.73078333333,4926.425515583333,7.558501666666668e-08,4.752101533333333e-07,95.44798733333334,3.0851646366666665e-05,5.950943583333333e-05,0.0047241338333333,1.2192491002333334e-05,0.0001696108333333,268.6891283333334,18.522340116666665,6.32904925,-0.3298962803333333,-2.25315755e-05
-2.1440629066666665e-05,0.6146220866666666,48296.80413333333,4924.903420933333,7.5464149e-08,6.327080766666667e-07,97.8474525,2.451359123333333e-05,6.63412425e-05,0.0047995135,1.8302939106666663e-05,0.0002754323333333,268.66955666666667,18.402210916666665,7.035678133333334,-0.5833211751666667,-5.308596533333332e-06
-4.646067116666666e-05,0.5992273433333334,48253.5165,4920.489310833334,7.30430546666667e-08,8.4049285e-07,95.416903,3.0280178983333334e-05,8.717278166666667e-05,0.0047167968333333,1.8914141675166667e-05,0.0004825931666666,268.761965,18.973789616666668,6.702274549999999,-0.9078679483333332,1.5509383833333332e-05
-5.5375052666666666e-05,0.5883619166666666,48235.78618333334,4918.681321716666,7.279906416666667e-08,9.672030166666666e-07,94.910395,3.9210214356666666e-05,6.152224766666666e-05,0.0047046228333333,1.901466e-05,0.0005705973333333,268.8203916666667,19.282878633333333,4.3294785,-0.5841122255,2.9998666833333336e-05
-4.89613625e-05,0.39505922,48213.6283,4916.42184645,8.554460933333335e-08,1.0138072833333333e-06,93.46582733333332,3.415165606e-05,6.327489433333333e-05,0.0045809323333333,2.050982233333333e-05,0.0006458758333333,268.55362833333334,17.7354071,2.2061009833333336,-0.4687373683333333,3.796824183333333e-05
-3.36537345e-05,0.3408871899999999,48219.02823333334,4916.972486283334,9.373997083333334e-08,7.623078783333333e-07,89.68358666666666,3.194967087666666e-05,3.913935716666667e-05,0.0044009261666666,1.656002066666667e-05,0.000473661,268.5187583333333,16.866273866666667,1.3699091433333337,-0.2499955003333333,9.619645199999998e-06
-3.0016218166666663e-05,0.231748131,48213.33048333333,4916.39147765,1.0335325250000005e-07,6.248401416666667e-07,83.85901566666666,2.494271333833333e-05,1.4821363726666666e-05,0.0041421766666666,8.768343333333333e-06,0.0002354655,268.51094666666665,16.2380418,0.9452734436666668,-0.1221387853333333,-5.8007956e-06
-5.845932166666667e-06,0.2789176155,48210.6642,4916.11959225,1.05030796e-07,4.3320463e-07,80.22772466666667,1.936098995e-05,2.3050669566666663e-05,0.0038748091666666,4.693196576666667e-06,0.0001722278333333,268.088135,15.55306271,0.7600214665,0.1026399358333333,-2.033428633333333e-05
8.231878333333336e-07,0.3127641833333333,48242.47678333334,4919.3635730333335,9.5460366e-08,4.78670575e-07,86.34290366666666,1.1726861316666668e-05,2.89775515e-05,0.0041706746666666,3.936312583333333e-06,0.0001101515,268.1401716666667,15.280849066666669,1.2657827533333332,-0.0041707059999999,-1.6049733116666666e-05
1.2555695733333337e-06,0.5641125666666666,48255.528366666666,4920.694464283333,8.485218916666667e-08,6.185214355833333e-07,93.24112683333334,2.139662293333333e-05,5.834188266666667e-05,0.0044504298333333,4.01762355e-06,0.0001072013333333,268.219645,15.188484083333334,1.6160734383333333,-0.0923650543333333,-1.1298626666666665e-06
-8.389453866666666e-06,0.2528020633333333,48259.89133333333,4921.13936305,8.246919e-08,6.601258616666666e-07,88.87992750000001,5.302688866666667e-06,1.5718896333333332e-05,0.0043812958333333,4.118953183333334e-06,5.357191766666667e-05,268.52258166666667,15.315436858333332,2.838511978333333,-0.1852414985,4.689491666666667e-06
-2.968936258333333e-05,0.2629627616666666,48246.2946,4919.752881866666,8.1958935e-08,6.774183633333333e-07,91.883846,8.584822033333333e-06,2.622753216666667e-05,0.004490764,1.9380620666666666e-06,4.540618416666667e-05,268.5353566666667,15.106330966666668,3.6104764333333335,-0.3977487083333333,7.499716666666666e-06
-1.3846680566666666e-05,0.18021985,48257.27005,4920.872066383333,8.189369733333333e-08,7.982925033333334e-07,90.13817,5.049674865e-06,1.8164072166666663e-05,0.0044861975,1.1493096133333333e-06,3.77865385e-05,268.7918683333333,16.215137816666665,4.19215075,-0.4174904616666666,1.1663156e-05
4.457531083333333e-06,0.4072873266666666,48216.62453333333,4916.727377316666,7.9903866e-08,8.49073675e-07,97.67438,8.777297466666666e-06,7.321033766666667e-05,0.0047092511666666,1.6662535916666667e-06,4.042867416666667e-05,268.5715333333333,17.151419748333335,5.05191615,-0.35653036,2.181188815e-05
3.713006833333333e-06,0.42236351,48214.70051666666,4916.531181833333,7.746508416666666e-08,1.2008116166666666e-06,95.23177916666668,8.200512383333334e-06,5.630770573333333e-05,0.004606547,6.510248363333334e-06,9.334855916666668e-05,268.427535,17.606768456666668,4.518919149999999,-0.4574273,6.245103883333333e-05
5.654683499999999e-06,0.522897135,48206.51878333333,4915.696877433334,8.731490166666666e-08,1.0408047316666666e-06,89.51442000000002,9.906567633333334e-06,5.083703403666667e-05,0.0044319646666666,4.354520906666666e-06,4.102971161666666e-05,268.4215483333333,18.7651763,3.2972028833333336,-0.0258690116666666,4.4905611666666655e-05
4.427114999999998e-07,0.392696178,48206.2438,4915.668837033333,8.814320583333335e-08,7.351444783333333e-07,89.31380166666668,5.002418566666666e-06,5.9128781015e-05,0.0043829908333333,1.3886169666666669e-06,1.1368104133333331e-05,268.368205,19.75763178333333,2.51288,0.0599038695,1.3240445e-05
-7.558102e-06,0.32447625,48179.97555,4912.9902210166665,8.396110166666665e-08,6.987670266666666e-07,89.297906,4.108498816666667e-06,3.0348529516666667e-05,0.0043664846666666,6.030797783333333e-07,1.50923595e-05,268.362585,19.384744933333334,1.4168119166666664,-0.0087964536666666,7.266425e-06
-2.02526825e-05,0.2607103983333333,48167.4569,4911.713673833333,7.943346633333334e-08,7.987884449999999e-07,91.236286,1.06495462e-05,1.0723359833333334e-05,0.0043537588333333,7.880947116666667e-07,5.964433433333334e-05,268.2413,17.88115051666667,0.7312546666666666,-0.0863997666666666,1.835636833333333e-05
-3.5594503333333355e-06,0.1849290483333333,48183.5728,4913.3570383666665,8.112944666666665e-08,8.373028016666666e-07,78.9471215,6.641367826666667e-06,6.373009666666667e-08,0.003817952,6.69868e-07,3.69140325e-05,268.42533333333336,18.54040218333333,-0.20291533,0.2029282883333333,2.5421727666666668e-05
3.463723266666667e-06,0.0312364753333333,48177.63795,4912.751852133333,8.362315816666667e-08,6.53888615e-07,77.02414,7.779067683333334e-07,1.2705991166666665e-07,0.0037690376666666,1.9283773333333333e-07,4.740698216666666e-06,268.4926766666667,17.337217966666667,0.3153602316666666,0.1643396616666666,4.4479545e-06
1.810636333333334e-06,0.0442848224999999,48221.31345,4917.2055136,8.475404883333336e-08,5.997197216666667e-07,82.07079316666666,8.864752555000001e-07,4.69039025e-07,0.003959377,4.276537616666668e-08,2.1944605e-06,268.35123500000003,16.182508333333335,1.8787850233333327,0.0159390966666666,1.178437000000001e-06
-8.879823500000002e-06,0.1317709401666666,48230.58086666666,4918.1505271333335,8.301881733333332e-08,6.960498e-07,87.00408916666667,9.990356745e-06,3.872537363333334e-06,0.0041420325,9.350405166666669e-08,3.281751766666667e-05,268.26089833333333,15.723086983333332,2.6636196716666665,-0.1527351611666666,1.5831222999999998e-05
-3.1058950000000005e-05,0.2445564071666666,48220.68091666666,4917.1410131,8.265206333333333e-08,9.387502083333332e-07,85.44263166666667,2.1523081225e-05,1.148816265e-05,0.0041958785,9.603380116666669e-07,0.000122043256,268.58467666666667,15.502825208333334,3.2812573683333333,-0.3240117133333333,4.89374765e-05
-1.6597670983333335e-05,0.373212601,48241.6094,4919.2751244,8.25539525e-08,1.0483606666666666e-06,89.13671916666665,3.14862283005e-05,1.6640185291666667e-05,0.0043537025,2.8821846e-06,0.0001586005,268.6754966666667,15.507461845,4.020562316666666,-0.168824791,5.5365671166666666e-05
-1.4151055333333334e-05,0.44276145,48190.868083333335,4914.100950066667,8.1653638e-08,1.14417221e-06,92.21680416666668,3.2692683956666664e-05,4.0252356833333335e-05,0.0044535806666666,4.517490916666667e-06,0.0002560208333333,268.64481666666666,14.826691896666668,5.00532066,-0.4394891383333333,5.984653833333333e-05
-2.749114e-05,0.4278918683333333,48161.994483333336,4911.156662616667,8.084000916666667e-08,1.3266256766666665e-06,92.68117266666668,2.13459835e-05,4.258338066666666e-05,0.0045257186666666,1.0301650443333333e-05,0.0003781604999999,268.69055166666664,15.127975236666666,6.744975708333334,-0.7540026366666667,7.665908433333333e-05
-1.7800245416666666e-05,0.3455541516666667,48106.31258333334,4905.478688833334,8.2041254e-08,1.2126055066666667e-06,89.78393383333334,1.4112419416666668e-05,4.5181048000000005e-05,0.0044857553333333,1.1990286116666669e-05,0.0002687531666666,268.775635,16.287973675,7.959659816666666,-0.6843543873333333,6.0403e-05
1.2646693333333333e-06,0.4520791866666666,48068.57444999999,4901.630470116666,8.501077316666665e-08,1.0792355666666666e-06,94.246826,1.4579936883333331e-05,8.040713000000001e-05,0.0046239363333333,6.444139193333334e-06,0.000119891079,268.56193,17.78244459,8.288472950000001,-0.3548634731666666,4.637631083333333e-05
1.7464558083333335e-05,0.4671921166666666,48077.14313333333,4902.5042327,8.868947083333333e-08,9.86233305e-07,92.54956416666666,9.2250403e-06,0.0001405820274333,0.0046206008333333,3.6012307000000003e-06,5.424096045666667e-05,268.63061,18.86509780333333,8.123738833333334,-0.1823543291666667,3.507483333333333e-05
2.314790616666667e-05,0.4614592221666667,48050.218583333335,4899.758692616667,8.858086266666667e-08,8.2352234e-07,91.890875,7.992812716666666e-06,0.0001348515004966,0.0046720048333333,2.8838904166666666e-06,3.450349241666667e-05,268.85266,19.864083283333333,7.840141366666667,-0.0970241763333333,1.1715163666666664e-05
6.781007883333332e-06,0.4448154099999999,48044.7075,4899.19671855,8.351394483333335e-08,8.118461549999999e-07,94.47137583333334,5.694365216666667e-06,0.0001186477213333,0.0048800276666666,4.179405837e-06,3.9281727e-05,269.1516933333333,19.910633175,8.150298111666666,-0.6609202616666666,8.350483333333332e-06
-1.555275516666667e-05,0.4950289716666667,48079.32405,4902.726624166667,7.5157014e-08,6.121251883333333e-07,98.31960833333332,1.3993532366666666e-05,0.0001198426426666,0.0049879328333333,6.279363683333333e-06,0.0001051045501666,269.11153333333334,21.216870564,7.998391908333333,-0.6949142516666668,-1.1950666666666667e-05
-2.525523e-05,0.4117126738333334,48105.119783333335,4905.3570571,7.496842483333333e-08,5.042484983333333e-07,93.222649,6.1820302000000006e-06,7.263003016666666e-05,0.0049064616666666,4.45146399895e-06,5.3620571500000005e-05,269.2944733333333,22.19592785833333,7.665849473333334,-0.7280832991666667,-2.1697679166666668e-05
-4.801051333333334e-06,0.5013078933333334,48113.47691666667,4906.2092474833335,7.67295015e-08,4.707572316666666e-07,94.137035,1.0215448766666666e-05,0.0001205053430466,0.0049169961666666,5.8715702645000005e-06,6.351303366666666e-05,269.2187916666667,22.222803375,8.877892808333334,-0.4387260166666666,-2.8490747333333337e-05
1.8000474999999996e-06,0.3890560446666666,48067.42883333333,4901.51364975,7.5439696e-08,7.142000866666667e-07,92.718125,6.206507699999999e-06,9.503829156333334e-05,0.0048851928333333,5.517937475999999e-06,3.9883698666666666e-05,269.19339833333333,22.153003443333333,8.630539033333333,-0.2863634933333333,-7.241410000000014e-07
7.9747176e-06,0.3893212883333333,48063.29991666667,4901.092617583333,7.627964216666668e-08,6.658325233333333e-07,91.019405,5.940407916666667e-06,0.0001166616537133,0.0048246466666666,6.051931624333333e-06,3.87033775e-05,269.23901666666666,22.08688369333333,7.45859225,-0.2464590066666666,-7.150793e-06
-3.157330533333334e-06,0.3755139508333333,48012.43053333333,4895.905384,7.454914033333333e-08,7.254034041666667e-07,93.65947466666668,5.25687685e-06,9.260284125e-05,0.0049141375,4.163427276833333e-06,2.2219038e-05,269.13932500000004,21.927396731666665,6.893480145000001,-0.2475137508333333,-1.911207333333332e-06
-2.9522152e-06,0.370581267,47967.54223333333,4891.328051,7.768816600000002e-08,8.22224375e-07,93.4219665,6.532518055e-06,5.096214045e-05,0.004875829,3.1887588822833334e-06,1.36887402e-05,269.0767,21.54724084833333,6.053243666666667,-0.1453329559999999,8.822107166666667e-06
-3.8488249e-06,0.2364462431666666,47950.46765,4889.586928233333,8.746973416666669e-08,7.271882316666667e-07,84.187895,2.17746468e-06,3.067958351666667e-05,0.0045078776666666,1.0811923e-06,4.1996305000000005e-06,269.04789166666666,21.42290525,5.183310951166667,-0.0114894593333333,-6.861384999999999e-07
-5.589111333333334e-06,0.1505135601666666,47893.57535,4883.785528266667,9.80802016666667e-08,6.674280899999999e-07,74.63038216666666,4.807110516666667e-07,1.9924165283333333e-05,0.004119293,6.1522125e-08,4.3685251166666665e-07,269.06437166666666,21.65669701833333,4.746180591666667,0.0476449255,-7.537431666666668e-06
-6.141189093333333e-06,0.0765570148333333,47873.961116666665,4881.785432883334,1.04082259e-07,6.441456700000001e-07,70.91308066666666,1.09280955e-07,3.0439997e-06,0.0038845898333333,9.91243833333333e-10,4.166520850000001e-08,269.05002666666667,22.251708931666663,4.596700763333334,0.1112939651666666,-6.131003166666668e-06
-5.715390333333336e-07,0.0197875,47847.495350000005,4879.0866759166665,1.0858603083333333e-07,7.154405949999999e-07,66.85370683333333,2.2047297933333335e-07,1.3194285216666666e-06,0.0035585071666666,0.0,5.602572166666667e-07,268.96190666666666,22.349708401666664,3.885645306666667,0.173920748,2.883591366666666e-06
1.9355578e-05,0.1481813193333333,47853.55535,4879.704623933333,1.1168699083333334e-07,6.722951883333334e-07,70.7009625,3.47638411e-07,3.846840763666667e-05,0.003750444,9.831855666666666e-08,2.4674924466666666e-06,268.75270333333333,21.795945033333336,3.413669773333333,0.1876146025,3.731666666666653e-07
-4.789966666666675e-07,0.193748354,47885.031533333335,4882.9143012,1.102602125e-07,6.204587191666666e-07,65.20985366666666,1.8639224316666664e-06,4.640805787666666e-05,0.0034272686666666,3.0794021666666666e-08,3.314165583333333e-06,268.74924166666665,21.12759094,2.193783643333333,0.2316883816666667,-1.0073154333333333e-05
-3.414839333333332e-06,0.1158821219999999,47895.76155,4884.008458616667,1.1176982316666668e-07,4.414763533333333e-07,58.49769683333333,1.4706410016666663e-06,1.5430220188333335e-05,0.0030700681666666,0.0,3.1873675866666667e-06,268.87827666666664,21.29577975,1.0947984,0.154838935,-2.7337638983333337e-05
-1.3809800166666666e-05,0.0854154778333333,47897.28863333334,4884.164177733333,1.1430264233333333e-07,3.176418091666667e-07,55.51191275,4.10130112e-06,2.9550479e-06,0.0028613361666666,0.0,8.498650453333333e-06,268.76806833333336,21.18537622833333,0.2900199999999998,0.1145621721666666,-3.0046000533333333e-05
-1.4654969166666666e-05,0.0872461359999999,47891.26421666666,4883.549858333333,1.1545610899999998e-07,3.0865605e-07,52.43498466666667,1.1242904725e-05,1.0815603133333334e-06,0.002708837,0.0,2.1884760475e-05,268.7401366666667,20.303230816666662,0.3029466666666667,-0.0413921666666666,-1.533354766666667e-05
-1.881808448333333e-05,0.08777391,47903.79895,4884.828045166666,1.1608806433333333e-07,3.6828112e-07,49.20901383333334,1.7343453429999998e-05,1.8122791666666664e-06,0.0025899896666666,0.0,3.9803569200000005e-05,268.38505833333335,18.462295716666667,0.1393945999999999,0.0966098206666666,-7.865886199999999e-06
-2.29929764295e-05,0.1015746883333333,47870.49416666666,4881.431902633333,1.16846155e-07,2.6211995e-07,46.42415233333333,1.4688183943333334e-05,2.3789851666666667e-08,0.0024611576666666,0.0,4.5630634362166666e-05,268.37763333333334,17.363964416666665,0.2348239724999999,0.2096793533333333,-2.242627425e-05
-2.1315668683333333e-05,0.1239649891666666,47848.82863333333,4879.222633016667,1.1684727333333336e-07,2.225166666666667e-07,45.703683000000005,1.1770155406666667e-05,7.153556666666666e-08,0.0024228531666666,0.0,4.5153062683833336e-05,268.65193666666664,16.870572816666666,1.0464737483333333,0.2803637533333333,-2.3208929733333333e-05
-1.54785155e-05,0.1057341153333333,47834.9974,4877.81223965,1.1724809666666669e-07,3.426462816666666e-07,44.9775845,1.1586846113333332e-05,3.973275333333333e-08,0.0023941343333333,0.0,3.758797115491667e-05,268.726545,16.072498526666667,1.595498428333333,0.110069845,-1.2720740616666668e-05
-1.4005952166666666e-05,0.0812552486666666,47813.56386666666,4875.62662755,1.1697910333333333e-07,3.9787618e-07,43.62224833333334,7.211732045e-06,0.0,0.002352315,0.0,2.671292680983333e-05,268.58802833333334,15.017553266666669,1.6205361583333335,0.0490600265,-9.479193833333334e-06
-1.9176420616666667e-05,0.080736032,47840.98816666667,4878.423127833334,1.158792491666667e-07,4.725329966666666e-07,43.37448225,9.310946411666667e-06,0.0,0.0023476256666666,0.0,1.860362253833333e-05,268.34549666666663,14.208354933333334,1.6009610933333331,-0.0097590418333333,-3.458145999999999e-06
-1.28677875e-05,0.1026110833333333,47830.38656666666,4877.3420655166665,1.1458732233333333e-07,7.0618003e-07,45.406164,1.0892110513333333e-05,0.0,0.0023838626666666,0.0,2.017363668333333e-05,268.0240933333334,13.725255511666669,1.5216053383333332,-0.0130804351666666,2.080561100000002e-06
2.4683045000000004e-06,0.1153682305,47845.62840000001,4878.896299999999,1.1343021833333333e-07,7.905432566666667e-07,44.19211533333333,4.54561252e-06,7.929953e-09,0.0022594261666666,0.0,8.264437456666666e-06,267.72503666666665,14.015894183333332,0.8617869520000001,-0.064788513,1.7653460000000007e-06
1.0405983333333335e-06,0.11198316,47862.028366666666,4880.568631316667,1.1239637066666665e-07,9.275743523333334e-07,45.284304,5.257370168333334e-06,1.5859901666666667e-08,0.0022553636666666,0.0,5.4515489e-06,267.508365,13.316417733333331,1.0505637343333334,0.0275688301666666,-2.8163709999999984e-06
-7.796706666666659e-07,0.0979162488333333,47874.39771666667,4881.8299539,1.1119129833333337e-07,1.1551220416666666e-06,47.4477889,6.6082115e-06,0.0,0.0022742003333333,0.0,4.76398225e-06,267.357575,12.877061883333331,1.0941289166666668,-0.028538803,3.5276725000000003e-06
-6.2922025666666665e-06,0.0908775806666666,47864.8327,4880.8545936166665,1.1059998516666669e-07,1.4128287816666668e-06,49.688749666666666,1.0619637016666666e-05,7.791797166666667e-07,0.0022955094999999,0.0,6.575261416666668e-06,267.18713166666663,12.398825700000002,1.2682948333333333,-0.0189935526666666,1.0785003999999998e-05
-3.9192765e-06,0.0520758955,47851.02873333333,4879.446980883334,1.1173920333333337e-07,1.5616413833333332e-06,50.75265408333333,2.2923024e-06,0.0,0.0022954663333333,0.0,3.929595133333333e-06,267.0491,12.698976516666669,1.4307488663333334,0.004001425,1.2406012166666666e-05
-1.9482499999999995e-06,0.021092295,47850.69565,4879.413015466666,1.1210524633333333e-07,1.4621387816666667e-06,51.10790116666666,6.356857633333333e-07,0.0,0.0022744215,0.0,5.039024583333334e-06,266.82429833333333,12.761139683333331,1.1544910083333335,-0.1253029165,1.0739838333333336e-05
-1.1374238733333332e-05,0.0651004393333333,47824.85023333333,4876.777516583334,1.12275084e-07,1.2924189166666667e-06,52.24314966666666,2.1415213416666666e-06,0.0,0.0022598128333333,0.0,1.0725310055e-05,266.49856,12.368162496666663,1.10326145,0.0732077025,5.5235295e-06
-1.3773421783333334e-05,0.0229117246666666,47809.300266666665,4875.1918611833335,1.1341542833333334e-07,1.0323417683333332e-06,51.481276,2.1058073333333333e-07,0.0,0.0022745188333333,0.0,6.580399149999999e-06,266.4415383333333,12.30634675,1.7171353666666669,0.0318526355,7.765913833333336e-06
-1.03731081e-05,0.0039062496666666,47799.81543333334,4874.224677383333,1.13389585e-07,9.089158083333334e-07,52.05009783333333,3.4169653e-07,3.180647e-08,0.0022857405,0.0,1.2314873491666663e-05,266.30971833333336,12.486194525,1.956012203166667,-0.0392329385,5.617643833333332e-06
-7.053718049999999e-06,0.0018230199999999,47779.02126666667,4872.104262433333,1.132217736666667e-07,7.585296400000001e-07,53.222620000000006,2.462581866666667e-07,0.0,0.002290921,0.0,9.456801433333331e-06,266.15001166666667,12.223877416666667,1.6197048633333333,-0.1056805329999999,1.716176333333333e-06
1.2763646666666657e-06,0.0083349168333333,47740.247266666665,4868.150414833333,1.1277101433333333e-07,6.068826083333333e-07,53.64413516666667,2.1856559833333335e-07,6.365077166666667e-08,0.0022693221666666,0.0,1.0482849166666668e-05,265.8671133333333,11.480976750000002,1.644722776,-0.1511773998333333,-1.6331470000000003e-06
4.709229499999999e-06,0.0033863121666666,47715.60196666667,4865.6372938,1.1151557083333337e-07,5.27216685e-07,54.070234,5.167284666666669e-08,0.0,0.0022808666666666,0.0,1.3558845666666666e-05,265.698305,11.100261616666666,1.91693686,-0.0035596774999999,-2.332622666666668e-06
1.0783301583333334e-05,0.0018244998333333,47713.7051,4865.443867183333,1.1054813416666666e-07,5.4698051e-07,57.19993349999999,2.3893594333333334e-08,7.97145e-09,0.0024008659999999,0.0,1.6281013833333336e-05,265.948785,10.549412916666666,2.6064454833333333,-0.0975456089999999,-6.922378666666667e-06
-6.074358333333294e-08,0.0138131335,47739.1221,4868.035679933334,1.0937999066666669e-07,5.047685716666666e-07,60.93119583333333,5.049751516666667e-07,3.180280333333333e-08,0.0024538853333333,0.0,2.3237722076666663e-05,265.73724666666664,10.098996116666669,3.2277922866666664,0.1474580753333333,-1.3077560166666664e-05
-2.342799633333334e-06,0.0174562976666666,47756.02026666667,4869.7588135,1.0937977266666669e-07,5.490412966666667e-07,65.48012133333333,4.610600916666666e-07,7.97145e-09,0.0026198008333333,0.0,4.186425016666667e-05,265.73011,10.65817585,4.351443783333333,0.0074281685,1.665581666666672e-07
1.2037045000000002e-05,0.015631193,47760.1109,4870.17594175,1.09905746e-07,6.514642807333333e-07,69.863795,7.830910533333332e-07,1.7500196666666665e-07,0.0028060788333333,0.0,5.743877833333334e-05,265.60799000000003,11.197623416666667,4.194520586666667,-0.1410914856666666,4.890120166666666e-06
4.199981000000001e-06,0.0846466018333333,47765.93743333333,4870.770082783333,1.1006866883333333e-07,6.493018166666667e-07,75.78515666666667,4.186641733833333e-06,3.728188283333333e-06,0.0028812536666666,0.0,8.352752333333334e-05,265.43184833333333,11.246805273333337,4.757120061,-0.0529241026666666,7.1175495000000005e-06
4.343571333333333e-06,0.1041687284999999,47750.840116666666,4869.230585116667,1.1044195916666669e-07,7.007654276666667e-07,78.08756033333333,5.710166066666666e-06,2.264271821666667e-06,0.002941745,0.0,8.7301045e-05,265.545925,12.093566261666666,4.510974825,0.0449299491666666,1.0480967666666666e-05
-1.065278666666666e-06,0.0820337923333333,47690.395833333336,4863.066983516666,1.10877645e-07,6.973530316666666e-07,75.59148900000001,3.3517972333333336e-06,1.3746048083333335e-06,0.0029279846666666,0.0,5.583957633333334e-05,265.8700833333333,12.55652183,4.274068016666667,0.0263079145,8.714142583333334e-06
7.394342500000001e-06,0.1349112256666666,47654.876500000006,4859.44501945,1.1012772933333333e-07,6.09701355e-07,75.8740535,4.5577163166666665e-06,6.589662050000001e-06,0.0029235808333333,0.0,5.23989465e-05,265.96769166666667,13.046018046666669,4.609449083333334,-0.0567490856666666,4.1653849999999937e-07
6.143067883333333e-06,0.2570434945,47613.14705,4855.189799700001,1.0890560433333333e-07,6.022466533333334e-07,77.04680166666667,7.960965500000001e-06,1.722879988e-05,0.0029299465,0.0,7.028026416666666e-05,265.9457933333333,13.559807733333336,4.517338433333333,0.0405138803333333,8.523317666666675e-07
3.213316083333333e-06,0.2403651266666666,47584.04861666667,4852.2225852,1.0747861833333339e-07,5.754106583333333e-07,75.66965916666666,3.449012783333333e-06,1.1201775363333332e-06,0.0029435461666666,0.0,3.386029616666667e-05,266.11587833333334,14.316380283333332,4.297015233333333,0.0530932191666666,5.7043682166666665e-06
1.135802066666667e-06,0.1937342266666666,47592.69688333333,4853.10446315,1.0735100516666669e-07,5.879257316666667e-07,77.3538975,5.491061495e-06,1.1775918596666669e-05,0.0029509463333333,0.0,1.0313776833333332e-05,265.83549666666664,14.599075445,3.79990365,-0.1411115138333333,1.1635091516666666e-05
1.0980694499999996e-06,0.2104041041666667,47578.258883333336,4851.632196733333,1.077953485e-07,6.609907883333333e-07,76.742897,6.738581116666666e-06,2.1906689416666665e-05,0.0029100768333333,0.0,1.6733029166666668e-05,265.56986,14.882223416333332,3.288159366666666,0.003966006,1.40829795e-05
-3.53015245e-06,0.2299542211666666,47551.55201666666,4848.908854483333,1.09080095e-07,7.643198183333333e-07,85.26849883333334,5.858914916666667e-06,2.5446553966666664e-05,0.0030276544999999,0.0,1.3128435833333331e-05,265.1952833333333,16.770862183333332,3.644258716666666,0.0190916158333333,1.8872433085e-05
-1.06377303e-05,0.1322846235,47554.43115,4849.202444383333,1.103973755e-07,8.0299664e-07,82.18453383333333,5.616725693333333e-06,7.363840619666666e-06,0.0028667918333333,0.0,1.1420247166666666e-05,264.8973016666667,16.666931466666664,3.17147345,0.0080102361666666,1.6792626333333333e-05
-5.163809e-06,0.0515535418333333,47567.72748333333,4850.558293033334,1.1201687083333339e-07,8.522215183333333e-07,78.19982116666667,3.5657733881666667e-06,1.1590889333333335e-06,0.0026744071666666,0.0,1.5666881999999998e-05,264.509205,16.192319683333334,2.92808355,-0.008277572,1.8528565166666667e-05
-9.268170833333336e-06,0.0307318143333333,47538.80021666666,4847.60853265,1.1293056483333333e-07,9.1488055e-07,76.71410066666667,2.594955474666667e-06,8.7399135e-08,0.0025633635,0.0,1.93998225e-05,264.16118166666666,15.817289283333333,2.7884925000000003,0.0256507206666666,2.46042355e-05
-8.647067833333333e-06,0.0273441426666666,47555.54416666667,4849.315940433334,1.135665865e-07,9.94496175e-07,75.77774083333334,2.3761542666666667e-06,2.383502333333333e-08,0.0024891218333333,0.0,2.6185488e-05,263.868815,16.1173935,2.92858985,0.0512207651666666,3.778208395e-05
-7.98150984e-06,0.0195282895,47517.27978333333,4845.41405915,1.13188975e-07,1.0887820383333334e-06,74.60666516666667,5.005780933333334e-07,2.383502333333333e-08,0.0024317481666666,0.0,1.72373815e-05,263.5395966666667,16.177302316666665,2.989668683333333,0.0483070026666666,5.208474803333334e-05
-9.989230578333332e-06,0.0,47473.81371666666,4840.981753916667,1.1297911833333337e-07,1.0683163e-06,68.91147166666667,1.5901396666666666e-08,0.0,0.0023063646666666,0.0,1.6326926166666663e-06,263.23688166666665,16.034771216666666,2.8021055,0.0715776551666666,5.506762733333333e-05
-3.7607307333333327e-06,0.0,47447.4906,4838.297543116667,1.1358147900000001e-07,1.1178418716666665e-06,61.64300283333333,1.5901396666666666e-08,0.0,0.0021422976666666,0.0,3.118895149166667e-07,262.81641833333333,15.80051485,2.273590308333333,-0.0094707465,5.3332564333333336e-05
-1.0040094166666666e-05,0.0,47417.297633333335,4835.218717333333,1.1416662516666668e-07,1.282160661666667e-06,54.08475233333333,0.0,0.0,0.0019621556666666,0.0,3.17613075e-08,262.38329166666665,15.159963233333334,1.40708375,0.058015984,5.58506716e-05
-1.4740137323333334e-05,0.0,47384.9013,4831.915210566666,1.1615075333333337e-07,1.5076619566666664e-06,42.78262316666667,0.0,0.0,0.0017351873333333,0.0,0.0,262.0285383333333,14.439470533333331,0.64501448,0.0868125066666666,5.3062011483333335e-05
-1.6827833333333332e-05,0.0,47365.95303333333,4829.98302515,1.184854925e-07,1.6406321766666664e-06,32.5906215,0.0,0.0,0.0015249671483333,0.0,0.0,261.79376333333335,13.571852511666668,-0.2488747983333332,0.1270285021666666,4.90540203e-05
-1.5455982416666667e-05,0.0,47352.53936666666,4828.6152118,1.183807685e-07,1.5945153666666666e-06,25.47842131666667,0.0,0.0,0.0013544066666666,0.0,0.0,261.71030666666667,12.446134056666668,-1.145283919,0.1661205566666666,4.3943793533333325e-05
-4.0030533833333335e-06,0.0,47436.21916666667,4837.148176533333,1.172901041666667e-07,1.2349064216666667e-06,24.57123436666667,0.0,0.0,0.0013447485213333,0.0,0.0,261.7334816666667,11.269927023333333,-1.7190649333333334,0.114281305,2.2549417e-05
-1.983722800000001e-06,0.0,47436.96716666667,4837.224451183333,1.1244009233333333e-07,1.1207126483333334e-06,23.876381416666664,0.0,0.0,0.0013060178163333,0.0,0.0,261.7967333333333,10.634045845,-1.528733991666667,0.143159204,1.1968212166666666e-05
-3.6166395e-06,0.0,47448.74146666667,4838.425096016666,1.0887217066666668e-07,7.236317099999999e-07,23.280564716666664,0.0,0.0,0.0013025126823333,0.0,0.0,261.9298483333333,10.3922405,-1.2596305666666667,0.1503431323333333,7.955577416666667e-06
-2.434987666666667e-06,0.0,47499.48651666666,4843.599651,1.073243935e-07,4.862882271666666e-07,22.04896355,0.0,0.0,0.00134367607,0.0,0.0,262.2961883333333,10.402163108333331,-0.4478938533333333,0.1452051493333333,7.92808025e-06
-1.9871768833333336e-06,0.0,47538.4132,4847.569067833333,1.06330286e-07,4.446505533333334e-07,20.572556233333334,0.0,0.0,0.0013575408333333,0.0,0.0,262.7709433333333,10.819711551,0.3259715383333333,0.0691959794999999,7.455246666666666e-06
-5.047721666666664e-07,0.0,47533.514416666665,4847.069531,1.05395989e-07,4.416659333333334e-07,20.086703766666663,0.0,0.0,0.0014103841666666,0.0,0.0,263.06238833333333,11.269757301666669,0.8943308283333332,0.0209708606666666,8.113819066666667e-06
-1.086075333333334e-07,0.0,47514.30841666667,4845.11106415,1.0453344583333337e-07,4.314037113333333e-07,19.523830516666667,0.0,0.0,0.001461237,0.0,0.0,263.289875,11.635333345,1.3417394500000002,0.0371274776666666,6.5717705e-06
1.9249811e-07,0.0,47477.72168333334,4841.380255433333,1.038151915e-07,4.3429699166666666e-07,18.846493266666663,0.0,0.0,0.0015069425,0.0,0.0,263.457045,12.192013316666667,1.8499253883333333,0.0131284761666666,5.465804616666667e-06
-7.063682333333334e-07,0.0,47470.87001666666,4840.6815801,1.0314331266666668e-07,4.4323452500000004e-07,18.2019558,0.0,0.0,0.0015398696666666,0.0,0.0,263.56664,12.715239083333335,2.2278331333333337,0.0287284245,6.123462966666667e-06
-2.0753164666666667e-06,0.0007810256666666,47435.96671666667,4837.1224339166665,1.0267240233333336e-07,4.890695333333333e-07,17.855317166666666,5.958756666666667e-09,5.5641493333333336e-08,0.0015653253333333,0.0,0.0,263.628995,13.314689056666666,2.402673083333333,0.0169366576666666,1.02759399e-05
-4.799904566666666e-06,0.0,47458.62426666666,4839.432860933333,1.0243509933333333e-07,5.347807666666667e-07,18.42711735,0.0,0.0,0.0016025545,0.0,0.0,263.51448666666664,13.764035701666666,2.032005625,-0.0175305913333333,2.07838235e-05
-5.9264097e-06,0.0,47465.37621666666,4840.121368483334,1.0246851416666666e-07,7.788521933333333e-07,20.38507153333333,0.0,0.0,0.0016574256666666,0.0,0.0,263.18981,13.784095683333334,1.2780832599999998,-0.0087177153333333,3.402703816666667e-05
-8.334166666666667e-06,0.0,47496.307433333335,4843.275474733334,1.0375002e-07,1.1170368566666667e-06,20.3681975,0.0,0.0,0.0015328951666666,0.0,0.0,263.066665,13.067839416666668,0.6812557999999999,0.0959622626666666,4.757846066666667e-05
-1.3448333333333331e-05,0.0,47516.987166666666,4845.384220616667,1.0595997983333333e-07,1.3933265316666665e-06,23.33531928333333,0.0,0.0,0.0015721003333333,0.0,0.0,262.851535,12.6527106,-0.0640458833333333,0.1120887434999999,5.1684684383333325e-05
-1.4252741716666668e-05,0.0,47564.9742,4850.277536250001,1.0840276866666666e-07,1.5013286766666666e-06,25.25547333333333,0.0,0.0,0.0016275078333333,0.0,0.0,262.68549,12.121219433333332,-0.7847327783333333,0.1010427239999999,4.4028972333333335e-05
-1.626007e-05,0.0,47583.52745,4852.169441216666,1.07794799e-07,1.5407946983333337e-06,25.715456333333336,0.0,0.0,0.0016542006666666,0.0,0.0,262.56367500000005,11.937158366666669,-1.44535065,0.1270602753333333,3.5273651666666666e-05
-1.868966455e-05,0.0,47608.98058333333,4854.764938666666,1.0584929583333336e-07,1.5455750066666666e-06,25.19019366666667,0.0,0.0,0.0016441205,0.0,0.0,262.5163166666667,11.935540283333332,-2.0110254333333333,0.1592419018333333,2.928770386666667e-05
-1.8720198e-05,0.0,47619.44346666667,4855.8318555,1.0425982e-07,1.5333420366666666e-06,25.491139500000003,0.0,0.0,0.001625288,0.0,0.0,262.4467266666667,12.091738866666669,-2.373692333333333,0.109256815,2.6233060250000004e-05
-1.8705296316666667e-05,0.0,47617.19273333333,4855.602344616666,1.043134056666667e-07,1.465304675e-06,27.23184183333333,0.0,0.0,0.0016212036666666,0.0,0.0,262.2891783333333,12.182257066666669,-2.587634233333333,0.1091197521666666,2.59958632e-05
-1.43693614e-05,0.0,47625.77506666666,4856.4774990666665,1.049271255e-07,1.3718891466666666e-06,28.973811833333333,0.0,0.0,0.0016248458333333,0.0,0.0,262.153335,12.079288633333334,-2.801554466666667,0.1489442416666666,2.2967556766666668e-05
-1.1199182221666664e-05,0.0,47655.47351666667,4859.505898,1.0553822916666669e-07,1.2272052433333334e-06,29.664794666666666,0.0,0.0,0.001624851,0.0,0.0,262.12482666666665,11.78347565,-2.9774735766666667,0.20476274,1.956507903333333e-05
-8.769730666666668e-06,0.0,47635.27536666667,4857.44626005,1.06107914e-07,1.1303359566666668e-06,29.316604166666668,0.0,0.0,0.001613581,0.0,0.0,262.11023500000005,11.549197508333334,-3.02492564,0.1879963836666666,1.8702922266666667e-05
-8.067230933333333e-06,0.0,47640.107950000005,4857.939046516666,1.0713768033333333e-07,1.11904389e-06,28.52914716666667,0.0,0.0,0.0015967693333333,0.0,0.0,262.07659333333334,11.161930986666666,-2.8543727166666666,0.1432255851666666,1.73268545e-05
-8.44771905e-06,0.0,47658.17385,4859.781255566667,1.08014746e-07,1.0484313383333333e-06,28.082512166666664,0.0,0.0,0.0015825976666666,0.0,0.0,262.0359383333333,10.909141488333333,-2.458377666666667,0.1336263084999999,1.313734225e-05
-1.43628775e-05,0.0,47708.77850000001,4864.94149395,1.08550874e-07,1.10611533e-06,26.207544666666667,0.0,0.0,0.0015237035,0.0,0.0,262.05813166666667,11.550624978333332,-1.6458020400000002,0.1358654811666666,4.8548791666666665e-06
-1.5530750166666665e-05,0.0,47754.98848333333,4869.653600566667,1.083307846666667e-07,1.1113166183333333e-06,26.992035666666663,0.0,0.0,0.0015258241666666,0.0,0.0,262.1103616666667,11.792915540666668,-0.5980594105,0.0897178953333333,1.3497477333333333e-05
-1.2816759833333331e-05,0.0,47791.769683333325,4873.404239349999,1.0815809666666666e-07,7.451052366666667e-07,28.786468666666668,0.0,0.0,0.0015681044999999,0.0,0.0,262.1305516666667,12.22105039,-0.1526397621666666,0.03449468661135,1.4206971999999998e-05
-7.341732083333334e-06,0.0,47819.732233333336,4876.255625783333,1.0790604183333334e-07,3.2021296333333333e-07,30.035617833333333,0.0,0.0,0.0016625356666666,0.0,0.0,262.2300233333333,12.572196126666666,-0.0536838219999999,-0.0007786363333333,1.2427901616666668e-05
-3.656399345e-06,0.0,47840.03305,4878.32573305,1.0778225616666668e-07,2.587634283333333e-07,29.403859,0.0,0.0,0.0017289353333333,0.0,0.0,262.59542833333336,13.017898323333334,-0.5002550499999999,0.1114864316666666,1.4577163100000002e-05
2.1715066666666667e-06,0.0,47868.77598333333,4881.2566965,1.07973439e-07,2.657557116666667e-07,27.789261666666665,0.0,0.0,0.001767316,0.0,0.0,262.9756066666667,12.933195233333334,-1.0970526266666667,0.0937479316666666,1.7569220333333332e-05
5.65596095e-06,0.0,47861.23611666667,4880.487844283333,1.08268712e-07,2.619564316666667e-07,26.280454666666667,0.0,0.0,0.0017859241666666,0.0,0.0,263.32583666666665,12.432685216666668,-1.5202715666666666,0.1206992273333333,1.4226678183333333e-05
9.213254166666666e-06,0.0,47855.99085,4879.9529757166665,1.0809775533333333e-07,2.201099571666667e-07,24.245177416666667,0.0,0.0,0.0017785596666666,0.0,0.0,263.75995666666665,12.116565573333332,-1.5699954166666668,0.2136112816666666,3.622677766666668e-06
1.392950445e-05,0.0,47839.298,4878.2507789833335,1.0780919066666669e-07,2.0027900583333334e-07,23.581020166666665,0.0,0.0,0.0017770206666666,0.0,0.0,264.07636833333333,11.79116733,-1.112191623333333,0.1131999799999999,-5.955829999999999e-06
7.4591145e-06,0.0,47855.49958333333,4879.902880616667,1.0747224266666669e-07,2.0224991333333333e-07,24.29945216666667,0.0,0.0,0.0017784503333333,0.0,0.0,264.2971116666667,11.440430693333331,-0.2613167156666667,0.2335292616666666,-9.656363333333331e-06
1.8392260833333328e-06,0.0,47905.345016666666,4884.985700216666,1.0748739966666668e-07,2.082110316666667e-07,25.81555416666667,0.0,0.0,0.0017828596666666,0.0,0.0,264.58070833333335,11.540248483333334,0.6904250233333333,0.2369057233333333,-1.3535598333333332e-05
-2.677841733333333e-06,0.0,47901.48778333334,4884.59237185,1.077698835e-07,3.5713627833333333e-07,28.259148166666662,0.0,0.0,0.0018290631666666,0.0,2.7839661666666666e-08,264.7446516666667,11.644995295,1.6924839150000002,0.1870663883333333,-6.988166666666666e-06
-3.084608666666667e-06,0.0,47904.79865,4884.92998645,1.0818321916666669e-07,5.472725583333333e-07,27.73644916666667,0.0,0.0,0.0017643113333333,0.0,1.55016735e-07,264.63609833333334,10.674530679999998,3.5036389333333333,-0.0723890904999999,1.3637943916666673e-06
-6.035958466666667e-06,0.0,47971.82183333333,4891.764449133333,1.0806122566666666e-07,7.364468893333333e-07,30.11094833333333,0.0,0.0,0.0017912828333333,0.0,5.643551833333334e-07,264.42872166666666,9.612747166666669,4.912670016666667,-0.1233747931666666,1.2264358683333336e-05
-8.059278333333334e-06,0.0,47954.443900000006,4889.992392933334,1.0831548566666669e-07,9.129299166666666e-07,31.665844000000003,1.5901396666666666e-08,0.0,0.0018080096666666,0.0,1.001486465e-06,264.27543833333334,9.249783866666666,6.442544566666666,-0.0514310981666666,1.7240140333333334e-05
-1.7503667278333335e-05,0.0,47894.2871,4883.858106516666,1.0941078066666669e-07,1.0120794983333337e-06,32.77680083333333,1.5901396666666666e-08,0.0,0.0018160805,0.0,9.458619683333332e-07,264.298525,9.096915891,7.938829183333333,0.0074019193333333,1.7921859116666666e-05
-1.0644821266666667e-05,0.0,47908.3049,4885.287524266667,1.1031224233333333e-07,1.108728885e-06,36.797654,1.5901396666666666e-08,0.0,0.0018496828333333,0.0,1.9036170116666669e-06,264.3181183333333,9.905859316666666,9.127480433333334,-0.1642349366666666,3.27746425e-05
-1.7462125e-06,0.0125039716666666,47861.63918333334,4880.528945316667,1.101737525e-07,1.028783735e-06,43.15099266666667,1.3592468766666666e-06,0.0,0.0019145341666666,0.0,6.2159031583333344e-06,263.9784633333333,10.556096926666669,9.567034366666666,-0.30386525,2.9477971166666664e-05
-4.441560178333333e-06,0.0927213585,47801.40513333334,4874.38678195,1.1012236766666668e-07,8.421661933333332e-07,52.55285991666667,5.82636775e-06,0.0,0.0020525555,0.0,1.5158772289999998e-05,263.6315633333333,10.795277116666666,10.221034646833331,-0.2254933673333333,1.573804416666667e-05
-3.932741849999998e-06,0.1356949455,47729.83271666666,4867.088426383333,1.0973617083333333e-07,8.493944083333333e-07,63.147214,3.372286333333333e-06,0.0,0.0022851473333333,0.0,8.85978326e-06,263.60481,11.339977500000002,10.954019058333332,-0.1797872911666666,1.5041079833333333e-05
-1.3940806333333332e-05,0.27474177,47689.20443333333,4862.94549445,1.0784932166666669e-07,8.561640666666665e-07,70.902694,2.0964953991666667e-05,1.4312423833333332e-06,0.0024499336666666,0.0,2.8518853116666663e-05,263.28444333333334,11.443011893333331,10.882033933333334,-0.2711904799999999,1.5681989116666666e-05
-1.99232045e-05,0.3445341733333333,47632.641533333335,4857.177683783333,1.0366274733333333e-07,7.947695616666667e-07,78.09127616666667,3.813097979e-05,2.623223e-06,0.0026322301666666,0.0,9.017926166666668e-05,263.04134,11.106978256666666,11.3851097,-0.2890036841666666,9.5083135e-06
-1.957171633333333e-05,0.3546892618333333,47563.97966666667,4850.176122033333,1.03131565e-07,9.501108216666668e-07,84.85677866666667,4.0166929505e-05,1.4949396666666668e-06,0.0028167136666666,0.0,0.0001111263258333,262.89162333333337,11.578498293333332,11.65622705,-0.2095723848333333,2.5245303166666667e-05
-3.185381916666666e-05,0.3106835973333333,47516.14833333334,4845.298683383334,1.0329600333333336e-07,1.0825099816666667e-06,87.46363016666668,2.878376333166667e-05,1.39946875e-06,0.0028999806666666,0.0,8.146337333333333e-05,262.81658,11.717173633333331,11.5190648475,-0.1200582716666666,2.2321155616666663e-05
-1.4458269e-05,0.3184984666666666,47449.36266666666,4838.4884406833335,1.04154319e-07,8.901940166666666e-07,81.806358,2.035063879833333e-05,3.236233616666667e-06,0.0027115388333333,0.0,4.8045653e-05,262.6691783333333,9.15218085,10.72341588,-0.228246865,2.701434248333333e-05
-4.231966466666667e-05,0.3062437093333333,47459.24821666667,4839.496486466666,1.0543955916666669e-07,9.601708033333333e-07,85.47357466666666,2.030760267333333e-05,5.128397246666666e-06,0.0027796956666666,0.0,4.20460975e-05,262.507105,10.358277916666667,9.847181816666668,-0.0959043366666666,3.631200241666667e-05
-3.505023916666667e-05,0.2341230858333333,47445.727433333326,4838.1177501,1.0739068016666665e-07,8.401859266666666e-07,87.57736949999999,1.9478269383333334e-05,8.236845708333332e-06,0.0028224975,0.0,4.6304749333333335e-05,262.31034833333337,11.40007235,9.628920666666668,-0.1470233033333333,3.772894983333333e-05
-8.623605833333333e-06,0.2075492,47433.84243333334,4836.905817316667,1.0924834083333333e-07,9.47488705e-07,90.46440166666667,1.598545235e-05,5.311228783333333e-06,0.002880453,0.0,3.5246349166666664e-05,261.98723333333334,11.32622185,9.434898016666668,-0.4090411068333333,6.682349266666667e-05
-1.8140813e-05,0.3914093935,47417.89681666667,4835.2798168,1.10402046e-07,1.1007933166666668e-06,91.67620333333332,4.245348415e-05,9.663152173333334e-06,0.0028698875,0.0,5.086837683333333e-05,261.3695433333333,10.728152033333332,7.031418566666667,-0.1857814878333333,9.221138766666666e-05
-5.739052166666667e-06,0.2637622105,47366.56325,4830.045249933333,1.1170734166666669e-07,1.1629700333333333e-06,87.43475000000001,6.877164016666667e-06,1.5901396666666666e-08,0.0028620683333333,0.0,1.331375355e-05,261.311335,10.99054335,3.92518415,-0.0352006633333333,0.000111481275
2.7262557333333323e-06,0.0648273955,47351.03445000001,4828.461752966667,1.0951603766666669e-07,9.459120333333332e-07,80.47892566666667,1.414235946666667e-06,3.9777925e-08,0.0027812751666666,0.0,1.9942813633333333e-06,261.4873616666667,10.315397833333334,0.3985285616666665,0.0667833048333333,8.622790583333334e-05
5.279021666666666e-06,0.0,47334.129466666665,4826.737924433333,1.09236585e-07,6.952495866666667e-07,65.498083,0.0,0.0,0.0026045833333333,0.0,2.1851615e-08,261.7447466666667,9.829727116666666,-1.4981303216666666,0.1146498141666666,4.655325583333334e-05
7.577415933333333e-06,0.0,47353.16665,4828.6791769833335,1.1006016100000001e-07,5.432543033333333e-07,48.75935583333334,0.0,0.0,0.0023276598333333,0.0,0.0,261.9052316666667,9.620747366666668,-2.15432118,0.1432594566666666,2.7428390166666667e-05
5.545593013333333e-06,0.0,47379.8592,4831.40105935,1.0951393466666669e-07,4.582328083333333e-07,36.24506333333333,0.0,0.0,0.0020820105039999,0.0,0.0,262.01294333333334,9.59256635,-2.75792464,0.2586938183333333,1.4228248825e-05
-4.5677792e-06,0.0,47432.71783333333,4836.791139883333,1.050435975e-07,3.286349156666667e-07,29.543987833333333,0.0,0.0,0.001904316,0.0,0.0,262.11838166666666,10.33351785,-2.680558066666667,0.2837002466666666,6.560955000000006e-07
-6.6787955e-06,0.0,47460.53315,4839.627513099999,1.0165578666666669e-07,2.951321766666667e-07,28.222340666666668,0.0,0.0,0.0018273955,0.0,0.0,262.03330666666665,11.674655333333334,-2.206140871666667,0.14111191,-2.887223333333334e-06
1.9001871666666675e-06,0.0,47496.182,4843.262684133333,1.0186723333333333e-07,2.667761e-07,29.287332666666668,0.0,0.0,0.0018106473333333,6.663198833333333e-08,0.0,261.81595500000003,13.110881383333334,-1.4669665616666665,0.2727291258333333,-3.0350017750000004e-06
1.3420942666666664e-06,0.0007810256666666,47540.7659,4847.80897685,1.0144611016666669e-07,3.194183242e-07,33.97454066666666,0.0,0.0,0.0018796998333333,3.0829871666666665e-08,0.0,261.67056333333335,13.975763366666667,-0.7960951500000001,0.1332881448333333,7.8631886e-06
-6.673258883333334e-06,0.0,47588.9912,4852.72658855,1.0094074333333336e-07,3.7927057666666666e-07,41.7234345,0.0,7.150507e-08,0.0020048843333333,5.968671666666667e-09,0.0,261.46232833333335,14.827215566666666,-0.12865689,0.1881826401666666,1.09801765e-05
-1.6954913833333333e-05,0.0007810256666666,47629.15293333333,4856.821945633334,1.0064765833333333e-07,4.298928766666667e-07,45.6630815,0.0,4.767004666666668e-08,0.0021105846666666,9.938373333333334e-10,0.0,261.3668416666667,16.127766349999998,-0.0555448616666666,0.1218765975,1.1502094666666668e-05
-2.0883915166666664e-05,0.0,47644.97683333333,4858.435534216666,1.0051349833333333e-07,4.556180983333333e-07,46.09489883333333,0.0,2.383502333333333e-08,0.0021904536333333,1.7901053333333332e-08,0.0,261.24730500000004,17.234906900000002,-0.0970384034999999,0.0677743491666666,1.1893633633333334e-05
-1.9603517671666667e-05,0.0,47670.6016,4861.048533366667,1.0006945683333337e-07,4.779493783333333e-07,42.4251825,0.0,0.0,0.0021893195525,9.2459875e-08,0.0,261.0729116666667,18.1111414,-0.5510488633333334,0.0210714998333333,1.2529086466666666e-05
