peak_power,u10,v10,d2m,t2m,msl,sp,istl1,istl2,istl3,skt,u100,v100,u10n,v10n,i10fg,flsr,ishf,alnid,alnip,aluvd,aluvp,cbh,hcc,lcc,mcc,tcc,tciw,tclw,viiwd,vilwd,viiwe,vilwe,viiwn,vilwn,crr,ilspf,lsrr,ptype,tcrw,vigd,viked,vimad,vimdf,viozd,vithed,vited,vige,vithee,vikee,vimae,vioze,vitee,viwve,viec,vike,vima,vimat,vign,vithen,viken,viman,viozn,viten,viwvn,vipie,vipile,vit,vithe,vitoe,blh,chnk,cape,dctb,fal,fsr,zust,iews,ie,inss,kx,dndza,dndzn,src,tco3,tcslw,tcw,tcwv,totalx,tplb,tplt,deg0l,tp,cdir,uvb,slhf,ssr,ssrc,str,strc,sshf,ssrdc,ssrd,strdc,strd,tisr,tsr,tsrc,ttr,ttrc,fdir,cp,lsp,lspf,vimd,bld,lgws,ewss,gwd,mgws,nsss,d,cc,z_3,tall,o3,pv,r,ciwc,clwc,q,crwc,cswc,t,u,v,w,vo,d_4,cc_4,z_4,tall_4,o3_4,pv_4,r_4,ciwc_4,q_4,cswc_4,t_4,u_4,v_4,w_4,vo_4,d_5,z_5,tall_5,o3_5,pv_5,r_5,q_5,t_5,u_5,v_5,w_5,vo_5,d_6,z_6,tall_6,o3_6,pv_6,r_6,q_6,t_6,u_6,v_6,w_6,vo_6,d_7,z_7,tall_7,o3_7,pv_7,r_7,q_7,t_7,u_7,v_7,w_7,vo_7
-79.57012683684668,0.90812767,-1.4368429,285.9121,291.60278,101126.875,100093.81,271.45996,271.45996,271.45996,292.73584,0.97509974,-2.6469784,0.9837386,-1.6056347,4.398823,-5.442545,-35.94908,0.19468176,0.17586952,0.06735563,0.0633896,9835.383,0.9992448,0.0,0.0,0.9992448,0.0035772868,0.0,-2.7245078e-06,1.5400525e-07,0.19345033,-0.00018501282,-0.0772962,0.0005950928,0.0,0.0,0.0,0.0,0.0,-2242.2683,-10.392243,-0.0027184968,0.000103215934,9.213668e-09,1183.3005,-726.25195,18712627000.0,42812150000.0,198763260.0,182454.88,0.059047952,61858623000.0,53.969086,2294.2932,4247141.0,10197.609,0.00075161876,-7035403300.0,-23301430000.0,-77790900.0,-93828.44,-0.0039688684,-30613367000.0,-79.39497,2630575600.0,2670829300.0,2604884.0,2621025000.0,2675066600.0,73.253006,0.017999023,1.9738255,-9.536743e-07,0.13611346,0.49602205,0.13721013,0.052101083,-2.4625624e-05,-0.06973368,13.5742855,0.34951317,0.49571645,7.841882e-06,0.0064098947,0.0,16.118134,16.111893,40.639072,28.441055,100.50363,3416.5457,0.0,407077.06,60129.02,-126572.75,521965.7,541337.5,-299418.75,-277978.88,-49317.254,637565.6,607428.6,1100828.0,1118702.0,1183892.0,860224.3,892489.7,-937292.2,-977583.2,336739.62,0.0,0.0,0.0,0.2297818,7657.168,267.5652,261.4309,1500.1174,-221.33725,-244.62988,1.58971525e-06,0.0,47575.78532666666,4851.379964183333,1.3172557766666665e-07,3.393342666666667e-07,18.18404613333333,0.0,0.0,0.001653457354,0.0,3.1804641666666665e-08,265.11736,10.895490003333334,-9.814423333333334,0.37637455,9.128478666666669e-06,-7.376627571428571e-06,0.2283740714285714,129934.94857142855,13249.67737,2.926232557142857e-07,3.4451716e-06,47.45885342857143,1.1649434e-06,5.517637062857143e-05,7.15359e-08,216.48895285714283,47.913044285714285,-17.153702514285715,0.0171759787142857,-5.343727721428571e-05,-7.690845625e-06,233227.17,23782.552655,7.148672e-06,5.4529028e-05,0.878625825,3.072315825e-06,218.4927225,4.9735319250000005,2.688695525,0.00321827025,-1.0521e-05,-2.542807333333333e-06,327916.9,33438.21794333333,1.3335934333333332e-05,0.0004233316666666,0.0524445136666666,3.3775049666666665e-06,231.0468233333333,2.03410301,0.7373839866666666,0.0009602566666666,-8.056666666666667e-06,-1.4663696e-05,440738.84,44942.854085,6.43516025e-06,0.00364844,0.000645752,3.78321415e-06,257.73562,9.2458935,5.01136875,0.0003387925,-3.6700421e-06
-79.48337966126218,0.63945216,-1.133399,286.7788,293.1997,101152.875,100118.31,271.4602,271.45972,271.45972,297.58545,1.0057535,-1.6606388,0.7507185,-1.3642635,4.0060205,-5.444957,-62.514572,0.1946404,0.17583722,0.06737554,0.06340307,9645.215,1.0,0.0,0.0,1.0,0.005439263,0.0,-1.8371211e-06,-3.604885e-07,0.30159694,-0.00032043457,-0.089327455,0.0007171631,0.0,0.0,0.0,0.0,0.0,-2282.485,-1.5409641,-0.0017356428,9.270462e-05,1.2817065e-08,1630.4824,-582.97705,18406710000.0,40945345000.0,187403310.0,175464.31,0.057780456,59663150000.0,49.3929,2325.7493,4041835.0,10200.07,0.0002680507,-6245244000.0,-21330370000.0,-65001316.0,-85611.625,0.00060569844,-27817472000.0,-70.30653,2632246500.0,2672581600.0,2606548.0,2622697500.0,2676645400.0,131.88731,0.01799947,0.7484948,4.9897385,0.13611346,0.49583697,0.09545636,0.03592537,-4.5649314e-05,-0.061461616,13.174277,0.40959483,0.54830706,2.7772676e-06,0.006366547,0.0,16.1566,16.146835,39.107445,83.80328,143.84,3417.4453,0.0,968768.25,127130.5,-304265.0,1078021.0,1116650.0,-372297.2,-343447.25,-166988.31,1298214.0,1249383.0,1120532.0,1147284.0,2037705.0,1589901.0,1635942.0,-932601.94,-1002953.4,843362.8,0.0,0.0,0.0,0.023447812,7816.84,235.25146,198.52194,1023.4636,-181.80832,-206.76096,2.6125983e-06,0.0,47621.09112333334,4855.999869776667,1.26656715e-07,3.521131133333333e-07,16.420831466666666,0.0,0.0,0.0017160917613333,0.0,1.1129825e-07,265.39206,9.209608206666667,-9.884291066666666,0.3122756956666667,4.370358e-06,-4.169234857142855e-06,0.3154085271428571,130006.84857142856,13257.00913,2.896908971428571e-07,3.188924142857143e-06,51.986354142857145,3.0793216785714287e-06,5.539020314285715e-05,2.214155714285714e-07,216.1445642857143,47.34066342857143,-14.591276328571428,-0.021619832,-6.189188871428572e-05,-6.1400000000000005e-06,233262.5175,23786.1571,7.115210625e-06,5.487569125e-05,0.87714278,3.0710471e-06,218.29773,5.4969422,3.1994358625,-0.0034216794999999,-9.788e-06,8.399033333333332e-07,328040.96,33450.86854333334,1.3358584666666669e-05,0.0004223533333333,0.0482135609999999,3.3775416666666666e-06,231.34269,1.669186396666667,0.8981985913333332,0.0007748259999999,-5.11e-06,-2.305e-05,440983.975,44967.850900000005,6.411004500000001e-06,0.003778343,0.0006327925,3.7794602e-06,258.57623,9.5414095,7.087397,-0.0001718364999999,3.80101215e-06
-79.5176491971834,0.3710019,-1.1483479,285.37817,299.4463,101145.44,100112.875,271.45996,271.45996,271.4602,300.8911,0.60192734,-1.4944792,0.45032805,-1.417654,3.8040752,-5.446004,-71.66449,0.1946069,0.17581576,0.06739855,0.06342256,9895.84,1.0,0.0,0.0,1.0,0.015621636,0.0,-4.234693e-06,1.1201873e-06,0.81702244,-0.0008087158,-0.13082361,0.001083374,0.0,0.0,0.0,0.0,0.0,-1706.0598,112.26152,-0.001580647,7.296962e-05,1.2859843e-08,1250.0867,-120.94029,17914874000.0,38951485000.0,168417340.0,167689.31,0.05671198,57150560000.0,47.219482,1700.7954,3737008.0,10199.559,0.00027240417,-5289333000.0,-18778340000.0,-49514144.0,-75043.125,0.0038769643,-24274640000.0,-62.43242,2633100300.0,2673467400.0,2607385.0,2623534300.0,2677206300.0,250.01967,0.01800057,1.197382,73.88791,0.13611346,0.49575943,0.07484329,0.021962915,-6.197185e-05,-0.060418665,12.550174,0.2852738,0.35554534,5.4843366e-07,0.0063225217,0.0,16.185944,16.160934,37.401176,155.39693,223.49153,3488.8767,0.0,1499791.0,186349.81,-501950.0,1527977.0,1630918.0,-427064.2,-406912.94,-251434.19,1889576.0,1769187.0,1151453.0,1187050.0,2740478.0,2158091.0,2268316.0,-888521.75,-1029626.44,1179518.0,0.0,0.0,0.0,-0.02609041,8132.0977,165.13939,110.968765,898.89624,-130.19846,-176.77303,3.8072627833333335e-06,0.0,47643.63384333334,4858.298587541666,1.1932536333333334e-07,2.76428555e-07,14.33843905,0.0,0.0,0.0016419106349999,0.0,2.385186416666667e-07,265.81860666666665,7.69450526,-9.59691875,0.21387423,-1.0217130333333333e-05,2.155656857142857e-05,0.3645120285714285,130042.91142857145,13260.686518571429,2.844101828571429e-07,3.0845032993857143e-06,54.801284571428575,7.963775e-06,5.308940718571429e-05,8.720249428571428e-07,215.74214428571423,45.96250714285714,-12.069895397142858,-0.1116339888571428,-7.472065666714285e-05,-1.2375e-05,233239.2675,23783.7862575,7.111530999999999e-06,5.521854825e-05,0.8808887000000001,3.070625725e-06,218.22601,5.92047695,2.80377013,0.003561983,-9.48e-06,1.4631569666666664e-05,328038.4733333333,33450.61497333334,1.3375981666666665e-05,0.00041672,0.0465650183333333,3.3765821666666665e-06,231.0828,1.7479898233333333,1.7661939333333334,-0.0005430096666666,-4.32412e-06,-1.2411100000000118e-07,441289.315,44998.986915,6.386364149999999e-06,0.0038276029999999,0.0006240055,3.7727636e-06,259.258535,9.9950615,8.378491,5.428099999999999e-05,9.9715995e-06
-79.54436859772413,-0.0050364695,-1.0148277,285.46143,299.7766,101167.69,100137.94,271.4602,271.45996,271.45996,303.20093,0.15033406,-1.3018723,-0.003344936,-1.2866364,3.7177162,-5.446123,-68.42694,0.19457775,0.17577428,0.067415476,0.06343883,9599.949,1.0,0.0,0.0,1.0,0.03502447,0.0,8.316432e-07,-8.966765e-08,1.6546736,0.000289917,-0.055381153,9.1552734e-05,0.0,0.0,0.0,0.0,0.0,-1974.1665,92.4877,0.003033394,0.000106203544,1.0436974e-08,2605.9966,1049.0801,17233433000.0,36578050000.0,143997200.0,158216.56,0.05486406,54062460000.0,42.690277,2008.0178,3347622.0,10202.066,-0.00028203847,-4059301000.0,-15085031000.0,-34332972.0,-60055.23,0.008262377,-19302320000.0,-50.540146,2635437600.0,2675891000.0,2609696.0,2625877200.0,2679259000.0,406.1858,0.018000886,0.72354937,231.16211,0.13611346,0.49574548,0.06796509,-0.0017763767,-7.100092e-05,-0.051115297,11.958799,0.20959693,0.2352022,7.155904e-08,0.0062830932,0.0,16.258636,16.199646,36.42371,288.58203,376.65503,3490.5518,0.0,1899716.0,220498.12,-654035.56,1751887.0,2011248.0,-436857.0,-447078.94,-280135.75,2326877.0,2029867.0,1181930.0,1242961.0,3244441.0,2477860.0,2727634.0,-765701.9,-1048198.3,1170926.0,0.0,0.0,0.0,-0.036104452,8864.594,69.56377,46.57199,423.24976,-57.20842,-144.74924,-1.050169708333333e-06,0.0,47706.49677666667,4864.708822716667,1.1439602583333337e-07,2.1418193333333338e-07,13.139763466666668,0.0,0.0,0.0015742215638333,0.0,1.2480045500000002e-06,266.29616000000004,6.598733931666668,-8.626306833333333,0.205798448,-2.7588012e-05,2.359543394285714e-05,0.4236609702857143,130110.31142857144,13267.559404285714,2.741806142857143e-07,3.22764295e-06,54.83463585714286,1.2343260342857144e-05,4.912856394285715e-05,1.5803253042857144e-06,215.51256285714288,44.180868857142855,-9.960778745714284,-0.0261181668571428,-3.30663279e-05,-7.16139375e-06,233317.325,23791.7459075,7.096530225e-06,5.533761575e-05,0.8767619449999999,3.07060555e-06,218.07305,6.351180425,2.643393825,-0.0026245465,-6.3626602500000005e-06,-9.536109466666668e-06,328209.79333333333,33468.08475333333,1.3368846333333334e-05,0.0004197113333333,0.0408334343333333,3.380208e-06,232.20846333333336,1.512620173333333,3.6908286333333336,0.0005976423333333,-4.993604666666667e-06,7.0576020000000005e-06,441912.44,45062.52798,6.3387155e-06,0.0037275325,0.0005203965,3.7667987e-06,259.73889,9.174634,9.4299835,-3.399999999999324e-07,7.186916000000001e-06
-79.48827474368332,-0.017556865,-0.94107807,285.51587,300.12964,101120.875,100092.81,271.45996,271.45996,271.45996,303.6809,0.110530615,-1.2123938,-0.020949237,-1.1904001,3.7278376,-5.4460173,-68.63585,0.19453502,0.17574984,0.067441344,0.06345838,9140.824,1.0,0.0,0.0,1.0,0.05211078,0.0,-1.0843264e-05,-7.345165e-07,2.2404118,-0.0007171633,0.031940486,-0.00010681154,0.0,0.0,0.0,0.0,0.0,-1423.2222,59.998917,-0.00066440715,3.347425e-05,1.7373547e-09,996.67554,-332.83154,16973322000.0,35295410000.0,135966460.0,153221.0,0.055605926,52514427000.0,44.03383,1479.1716,3171442.0,10197.656,-0.0013823377,-3365915000.0,-12390739000.0,-28947372.0,-49583.402,0.010507997,-15883451000.0,-39.816635,2635517700.0,2676154600.0,2609775.0,2625949200.0,2679353000.0,537.59546,0.017999228,0.1999554,366.31055,0.13611346,0.4957434,0.07041949,0.000678587,-7.8184006e-05,-0.04524455,11.742888,0.027743597,0.028402805,5.9785847e-09,0.0062578246,0.0,16.36792,16.274933,36.503944,404.1809,460.38477,3636.6091,0.0,2119110.0,238779.38,-760124.3,1865674.0,2218034.0,-439665.75,-466819.0,-285782.12,2564357.0,2158234.0,1203960.0,1280666.0,3515086.0,2658354.0,2976007.0,-680700.25,-1057043.0,1160302.0,0.0,0.0,0.0,-0.12631273,9956.234,30.948685,20.37059,250.18001,-26.96701,-120.75432,-5.626144016666673e-07,0.0,47708.03773333333,4864.86595643,1.123830106666667e-07,1.885783241666667e-07,12.980272416666663,0.0,0.0,0.0015270950743333,0.0,3.2311496016666667e-06,266.56292833333333,5.838636978333334,-7.544589599999999,0.1382778266666666,-3.44394789e-05,1.5154026e-05,0.4218750515714285,130138.93,13270.477685714286,2.7255633057142857e-07,3.3694891714285714e-06,53.813770857142856,7.765311142857141e-06,4.982058164285714e-05,7.713920534285714e-07,215.55170285714289,44.36278271428571,-10.159829295714284,0.0317586021428571,-1.043126835714286e-05,-4.4853015e-06,233288.64,23788.82085,7.0611454e-06,5.5101191e-05,0.893488565,3.070505075e-06,218.0104875,6.56097085,2.50063675,0.0008318325,-6.3930000000000005e-06,-4.348640000000001e-06,328263.9,33473.602093333335,1.3376036666666668e-05,0.0004176013333333,0.0419353643333333,3.378157066666666e-06,231.96490333333333,1.4669313620000002,4.7826001,-0.001324181,-7.611721466666667e-06,1.5309338e-05,442033.88,45074.91141,6.3720035e-06,0.003586392,0.000496549,3.75749005e-06,259.33043999999995,10.6826475,10.7092235,-0.000542091,2.04093975e-06
-79.48012822186821,0.0902828,-0.87026733,283.64502,302.8081,101066.5,100040.44,271.45996,271.45996,271.45972,303.86768,0.2352317,-1.1284323,0.11872363,-1.1015158,3.3144665,-5.446068,-48.53981,0.19449365,0.17571753,0.06746435,0.063471794,8696.176,1.0,0.0,0.0,1.0,0.0679577,0.0,-1.1214333e-06,1.3286253e-06,2.7764053,-0.001349729,0.07747465,0.000869751,0.0,0.0,0.0,0.0,0.0,-1812.188,-8.945497,0.0022618396,8.206768e-05,5.5448552e-09,2142.7112,498.13013,17299765000.0,35609290000.0,144664460.0,154837.12,0.057495523,53177643000.0,48.90547,1834.825,3228256.0,10192.301,-0.0012933239,-3026741500.0,-10584418000.0,-27984868.0,-42753.336,0.010280069,-13720548000.0,-32.258286,2635355400.0,2676162600.0,2609596.0,2625805000.0,2679367700.0,642.3108,0.018000498,0.075228035,32.435608,0.13611346,0.495744,0.061114077,0.0017217272,-7.213575e-05,-0.037370335,11.412995,-0.8950102,-0.89500403,0.0,0.0062400997,0.0,16.463837,16.334534,36.79356,39.700943,45.20514,3638.284,0.0,2135302.0,216493.88,-751035.0,1721432.0,2231948.0,-429569.94,-474716.62,-215934.12,2580114.0,1997728.0,1221349.0,1302458.0,3533878.0,2523464.0,2994185.0,-664078.4,-1059210.0,867104.5,0.0,0.0,0.0,-0.09538609,7123.6797,1.0693598,44.67546,37.687363,-0.56293744,-69.15654,3.9404094166666665e-06,0.0,47704.09176666667,4864.46357983,1.1155998350000001e-07,1.8282230316666666e-07,13.95076085,1.1924710999999998e-07,0.0,0.0014943701925,0.0,7.4710848e-06,266.77830166666666,5.443840139333333,-6.434328983333334,0.2080471838333333,-3.424344891666667e-05,4.490415685714286e-06,0.4020077658571429,130171.91928571428,13273.841655714286,2.7275137357142855e-07,3.206792182857143e-06,54.78663228571429,6.716461942857143e-06,5.332296611428572e-05,6.334796714285714e-07,215.57632571428573,46.06619285714286,-10.2853033,0.0351232472857142,-1.1762531857142856e-05,-9.69296e-07,233257.5775,23785.65336,7.0126765e-06,5.490138925e-05,0.928365085,3.069786525e-06,217.7857175,6.918275250000001,2.588377,-0.003821541,-6.11132375e-06,-3.6105023333333328e-06,328227.12666666665,33469.852256666665,1.3386891666666664e-05,0.0004294589999999,0.042643605,3.3763950666666667e-06,231.85855666666663,1.9648691666666669,5.074831233333334,-0.0004715823333333,-7.049999999999999e-06,7.540248000000001e-06,442057.62,45077.33222,6.4022205000000005e-06,0.0034001544999999,0.0005076155,3.74900355e-06,259.241815,11.4308245,9.388183,-0.0002006665,-5.16e-06
-79.38891688503998,-0.22139043,-0.51917523,283.56934,302.95386,101026.69,100001.56,271.45996,271.45996,271.45972,303.47192,-0.14527279,-0.69144243,-0.24667937,-0.72762305,2.7728014,-5.4455853,-31.646591,0.19445401,0.17570043,0.06748426,0.06349152,8253.535,1.0,0.0,0.0,1.0,0.047139507,0.0,-7.3702613e-06,5.601288e-07,2.003007,0.00044250488,0.010685053,0.00062561035,0.0,0.0,0.0,0.0,0.0,-1543.8608,37.098465,-0.00019969547,4.716366e-05,2.7580656e-09,1014.3159,-347.22803,18016774000.0,36376277000.0,167402430.0,158781.44,0.058274347,54678233000.0,48.187424,1536.0039,3463387.0,10188.332,-0.00075621926,-2494440700.0,-8435018000.0,-22340276.0,-34301.418,0.009217326,-11008987000.0,-23.20169,2636190500.0,2677121500.0,2610415.0,2626660400.0,2680603000.0,680.4783,0.01799905,0.0,37.43965,0.13611346,0.49575227,0.047408935,-0.013319705,-6.372231e-05,-0.013676032,10.639997,-0.89708996,-0.8956742,0.0,0.0062282532,0.0,16.475586,16.386902,37.117027,40.536606,51.270935,3675.1782,0.0,1944978.0,201785.75,-690555.6,1519414.0,2051685.0,-412442.0,-462966.3,-145946.06,2372690.0,1764232.0,1229116.0,1315694.0,3299461.0,2284565.0,2780222.0,-664852.3,-1054003.0,688203.7,0.0,0.0,0.0,0.2032702,5226.3633,-0.15156132,21.624756,3.9818563,-0.104079425,-16.194168,8.856527166666668e-06,0.0,47707.01776666666,4864.761949063333,1.1114370166666668e-07,1.936658866666667e-07,15.716609999999998,5.9602806666666683e-08,0.0,0.0014928793991666,0.0,5.9408355e-06,266.9944366666667,4.916789401666667,-5.31481281,0.1725833071666666,-3.4472704000000004e-05,5.648198571428568e-07,0.4321481938571428,130269.86642857142,13283.829485714286,2.652933257142857e-07,2.760759675e-06,59.76751957142857,6.921695508571429e-06,6.136183308571429e-05,6.830284e-07,215.6486142857143,48.85877285714286,-8.391396128571428,0.0003854951428571,-5.061326857142857e-05,-2.1831423e-06,233304.25,23790.4126275,7.0107349e-06,5.511095825e-05,0.9571000525,3.069860675e-06,217.7803475,6.498640525,2.4962728,0.001193813,-6.363729875e-06,8.168824666666666e-06,328373.3133333333,33484.75915,1.34134345e-05,0.0004351803333333,0.0421219613333333,3.3744503e-06,231.6576333333333,3.536750166666667,4.976187666666667,-0.001371366,-4.021476066666667e-06,-1.25e-05,442396.18,45111.85573,6.3591335e-06,0.0032489075,0.0004877905,3.744468e-06,260.18139499999995,10.2718425,10.0740583,-0.000165933,-8.85e-06
-79.45422057633071,-0.09645516,0.2940436,283.89453,302.72705,101011.56,99986.56,271.45972,271.4602,271.45972,302.08472,0.006382145,0.28920728,-0.13896936,0.35903525,2.2818909,-5.4457436,1.26509,0.19442183,0.17567122,0.06750727,0.063508034,7848.668,1.0,0.0,0.0,1.0,0.077534854,0.0,-1.1389407e-05,-4.6163984e-07,3.4389505,0.0012359619,0.034758817,0.0010681152,0.0,0.0,0.0,0.0,0.0,423.0415,95.2336,-0.0031455995,-3.4177545e-05,-4.372687e-09,-1321.4072,-874.2927,17864080000.0,35971660000.0,159669120.0,156902.19,0.058773555,54133500000.0,54.795258,-421.875,3342369.0,10186.934,0.0007651723,-1692118700.0,-5589438500.0,-10488527.0,-22928.547,0.007930391,-7313777700.0,-9.170162,2636377000.0,2677804300.0,2610546.0,2626820600.0,2681142000.0,630.93604,0.01800007,0.6758047,532.1575,0.13611346,0.4957496,0.03826831,-0.0029273557,-4.125596e-05,0.0143227205,13.82848,0.023252469,0.024482626,0.0,0.006228205,0.0,16.742584,16.59024,37.493145,567.3093,640.91406,3638.1836,0.0,1557381.0,158910.5,-546256.5,1190943.0,1685732.0,-364822.8,-435358.3,-88748.875,1951122.0,1380696.0,1238859.0,1341983.0,2827782.0,1862073.0,2351934.0,-632610.06,-1038295.7,426692.25,0.0,0.0,0.0,-0.012386773,4908.7617,-0.8710938,-40.487793,3.441287,0.35685807,-15.340014,1.5137880033333337e-05,0.0,47690.74477666667,4863.102565771666,1.1065702733333333e-07,2.4876048438333336e-07,17.929817783333334,5.524675483333333e-07,0.0,0.001531601815,0.0,9.0686442e-06,266.90877166666667,4.117544551666667,-4.405652913333333,-0.0421343398333333,-3.658957495e-05,7.061058685714286e-06,0.5176396771428572,130316.64214285716,13288.599284285714,2.653026871428572e-07,2.633778648857143e-06,64.55220614285714,1.878138817142857e-05,6.802928885714286e-05,4.460401814285714e-06,215.76695285714283,48.53132828571428,-4.790981299999999,-0.0930707997142857,-5.02449255e-05,-6.9205e-06,233328.4075,23792.87601,7.05381945e-06,5.57925165e-05,0.9542495825,3.071335225e-06,218.1941675,5.737868275,1.97718575,0.005506754,-7.9838275e-06,8.934303166666667e-06,328394.3333333333,33486.90259333333,1.33964315e-05,0.000439607,0.0449133866666666,3.3720841e-06,231.72396333333336,4.884768766666666,3.445562066666667,-0.000126458,-5.960560966666667e-06,-8.335721000000001e-06,442531.94,45125.6994,6.3681718500000005e-06,0.0031842855,0.00050528,3.73707925e-06,260.34839,10.9252676,11.683766,-0.0001199439999999,-8.83e-06
-79.44564270642343,-0.11342907,0.82788765,286.08398,300.49365,101081.19,100055.44,271.4602,271.45972,271.45972,299.82495,-0.015049275,1.4093304,-0.0985654,0.7519295,2.0665789,-5.4460516,5.8864956,0.19437742,0.17563891,0.067527235,0.063530624,7657.172,1.0,0.0,0.0,1.0,0.08270985,0.0,-7.90036e-06,-9.2475534e-07,3.8103218,-0.00038146973,0.14638096,0.00035095215,0.0,0.0,0.0,0.0,0.0,-435.6565,85.93164,-0.00067739864,6.37917e-05,1.5335026e-08,165.39362,-206.21056,17546170000.0,35281326000.0,153880750.0,153670.0,0.05748775,53137412000.0,62.911194,405.3457,3234284.0,10193.797,0.0009765439,-1230499200.0,-3348653000.0,-4456378.0,-14301.16,0.00577135,-4574082600.0,3.8760138,2638823400.0,2680529700.0,2612947.0,2629286400.0,2683775500.0,232.37254,0.018000267,5.6560345,166.96269,0.13611346,0.49574268,0.06677258,-0.0016516226,-1.4387099e-05,0.0131477155,14.70901,0.1781925,0.24192578,0.0,0.00621216,0.0,16.882431,16.697266,37.777916,167.43791,211.76822,3637.4395,0.0,1043780.9,108307.94,-311501.12,684172.8,1190076.0,-306969.06,-414246.8,9719.074,1381292.0,795412.4,1237342.0,1358433.0,2150945.0,1178995.0,1740887.0,-554106.94,-1030136.1,81578.25,0.0,0.0,0.0,-0.035358652,4818.6094,-6.026146,-2.9158554,50.287094,27.728806,58.455246,9.8542778e-06,0.0007822656666666,47734.327725,4867.546789808333,1.1014958483333333e-07,4.35401274e-07,21.03659785,7.946906966666666e-07,0.0,0.0017243684325,0.0,1.3117800558333333e-05,266.65976666666666,2.85839698,-3.3632629166666668,0.0497552333333333,-3.1634261166666665e-05,1.7462688742857143e-05,0.5415215142857143,130425.5,13299.699694285711,2.517717594285714e-07,2.5554850717142856e-06,64.46439,2.2010131642857145e-05,7.198926498571428e-05,5.337325903857143e-06,215.89903,48.06874757142857,-3.312976044285714,-0.0945969692857142,-4.975714285714286e-05,-1.45815845e-05,233498.485,23810.2190875,7.12559305e-06,5.66452005e-05,0.9108915225,3.073125975e-06,218.80294,5.334654775,1.7924560125,0.0043792985,-8.4725e-06,4.004305666666666e-07,328572.51333333337,33505.07189666667,1.3381259e-05,0.0004475976666666,0.044318814,3.371757333333333e-06,232.37848666666665,5.7903081,1.5965122273333332,0.0005208086666666,-5.664965633333333e-06,1.6271435e-06,442795.29,45152.553625,6.3633975e-06,0.0032023825,0.0005102349999999,3.7296517e-06,260.4823,14.441215,10.3200815,-0.0001976525,-7.445e-06
-79.56870132876553,-0.18047053,1.5162153,288.18384,299.41064,101081.44,100055.69,271.45996,271.45947,271.45996,296.87207,0.022437755,1.7683706,-0.05264129,0.43419254,2.0284815,-5.4462414,2.4626064,0.19435,0.17561442,0.06755024,0.063550174,7568.051,1.0,0.0,0.0,1.0,0.11616421,0.0,-1.0741719e-05,-5.6009617e-07,5.1198244,-0.0013275146,0.59221804,0.0013427734,0.0,0.0,0.0,0.0,0.0,-860.78735,135.8659,-0.0004888852,6.520067e-05,2.7781746e-09,246.98444,-303.59302,16913366000.0,33836466000.0,138783090.0,147397.06,0.054547437,51049110000.0,65.13364,818.4116,3016277.0,10193.758,0.00060510193,-429466850.0,-751319600.0,3154562.0,-3788.8123,0.0045022927,-1154913900.0,9.910309,2639365000.0,2680798500.0,2613540.0,2629820700.0,2683822800.0,52.44693,0.017999958,5.6061544,-9.536743e-07,0.13611346,0.49574107,0.032134265,-0.00014623106,-3.0600386e-06,0.00878391,14.745566,0.2630753,0.40201247,0.0,0.00617975,0.0,16.853836,16.590149,38.187496,-9.536743e-07,47.612534,3640.6335,0.0,480746.56,44296.438,-101752.75,338513.12,620998.6,-275632.06,-386425.06,20386.133,727838.6,394535.56,1227960.0,1344432.0,1314952.0,636205.06,1006421.4,-547488.94,-1018228.44,28987.531,0.0,0.0,0.0,0.1215564,4914.301,-10.335617,-3.027707,216.87177,103.56242,43.1183,1.5377129999999948e-07,0.002345557,47740.23285666667,4868.148945625,1.0985800733333333e-07,5.785960883333334e-07,24.0157976,4.4896505e-07,0.0,0.0018123896666666,0.0,1.911462556e-05,266.59121,1.9703878291666663,-2.1318494616666666,0.1402686266666666,-3.1558072383333334e-05,2.2385319000000003e-05,0.5312519928571429,130463.40142857144,13303.564564285714,2.4036976e-07,2.535905079e-06,64.29043514285715,2.339909085714286e-05,7.268810044285715e-05,5.049335821428572e-06,215.9403457142857,46.54757685714286,-1.351410214285714,-0.0937832942857142,-4.872285714285714e-05,-6.57e-06,233579.905,23818.521615,7.116342425e-06,5.68764195e-05,0.8745998374999999,3.0718036e-06,218.83103,5.30155875,1.8761979,-0.00049674225,-5.305e-06,-2.230841e-06,328618.78,33509.78978333333,1.3380731e-05,0.0004550986666666,0.0430425483333333,3.370863533333333e-06,232.67487,5.5846071,-0.0237896566666666,0.0005504687746666,-4.81e-06,-5.931845000000006e-07,442790.18,45152.03255,6.3548525e-06,0.0032469244999999,0.0005241569999999,3.7223281e-06,260.324095,16.5585095,7.4506283,5.5718e-05,-6.945e-06
-79.53411106324238,0.32406443,1.1394882,287.5149,295.93677,101125.56,100097.875,271.45972,271.4602,271.45972,292.93848,0.053804994,1.4784956,0.077685654,0.26961666,2.0450459,-5.4461975,3.3070517,0.19431001,0.17558515,0.06756103,0.063566625,7418.3906,1.0,0.0,0.0,1.0,0.1371789,0.0,-9.833784e-06,-3.5061493e-07,5.5764008,0.0009689331,0.8304206,0.0004119873,0.0,0.0,0.0,0.0,0.0,-33.516083,133.50397,-0.003011532,4.6281975e-06,3.0697331e-09,-1497.4429,-1462.3501,16254780000.0,31448418000.0,124396790.0,138020.62,0.050917093,47963726000.0,55.19052,-43.09117,2828916.0,10198.18,0.0010056931,212345500.0,1834977300.0,4363406.0,6334.3164,0.0051409937,2082874900.0,10.853995,2641465900.0,2683424800.0,2615609.0,2631937000.0,2686244400.0,22.743912,0.017999273,1.1512508,-9.536743e-07,0.13598913,0.4957434,0.03399456,0.0013527584,-1.1320772e-06,0.0049003065,13.933274,0.30383652,0.45756054,0.0,0.006171316,0.0,17.116272,16.794785,38.750137,-9.536743e-07,47.512543,3642.1084,0.0,74997.0,9724.527,-20503.246,66765.625,122038.0,-212185.75,-353313.94,11983.848,156534.25,77645.56,1209431.0,1328374.0,383187.44,160949.56,260382.75,-551548.9,-1003895.8,2099.0942,0.0,0.0,0.0,0.08657801,4433.5273,2.988638,1.9883728,224.36404,115.677124,28.88887,-1.3869574323333334e-05,0.0101607766666666,47792.47865499999,4873.476534368333,1.1298749350000001e-07,9.655120226666667e-07,30.744855166666667,9.896213883333334e-07,0.0,0.0018909836666666,0.0,2.886273996666667e-05,266.7335533333333,1.2802320766666666,0.53210255,0.1052976748333333,-1.9595686500000003e-05,2.6245944142857144e-05,0.5131705371428571,130550.32071428571,13312.427864285712,2.3489578714285722e-07,2.5038608195714285e-06,65.17622128571428,2.3330631571428573e-05,7.282508214285714e-05,5.681059664285714e-06,215.68238714285715,44.610305857142855,-1.5073205657142856,-0.1340530951428571,-4.474285714285714e-05,-3.9987938e-06,233642.5,23824.90453,7.12262825e-06,5.5602624e-05,0.86829187,3.070345875e-06,218.77223,4.99510745,2.7837272100000003,0.0002266945,-5.085e-06,3.059897233333334e-06,328662.08,33514.20515666666,1.3369948833333331e-05,0.000469072,0.042419455,3.370894466666667e-06,232.74469666666664,3.2001549333333337,-1.2546711333333334,-0.001226276,-3.4814763666666662e-06,-2.2744985e-06,442647.0,45137.43225,6.424608499999999e-06,0.003307092,0.000532978,3.7188433e-06,260.39477,17.5124815,5.97280125,-4.57345e-05,-6.6837943e-06
-79.63529675919567,1.041378,0.4222328,287.302,295.00854,101154.75,100126.94,271.4602,271.45996,271.45972,292.22314,0.5252854,1.3504791,0.27317005,0.10695219,1.8378439,-5.4462223,3.7214518,0.19427949,0.17554843,0.06759322,0.063577,7398.6914,1.0,0.0,0.0,1.0,0.13734418,0.0,-5.514651e-06,7.3086255e-07,5.5455513,-0.00052356743,0.9499721,-0.00016784668,0.0,0.0,0.0,0.0,0.0,1737.7163,133.50461,-0.002712885,-0.00010059106,-6.279315e-09,-2570.0813,-1011.29004,15802393000.0,29989933000.0,115553550.0,132073.44,0.04930987,46039140000.0,53.115616,-1767.8323,2713821.0,10201.109,0.00071486575,746925800.0,3918524200.0,7709893.0,14577.945,0.0041373633,4718807600.0,17.540497,2642502700.0,2684712000.0,2616592.0,2632928000.0,2687431400.0,20.956863,0.01799864,0.12513053,-9.536743e-07,0.13598913,0.4957412,0.030075941,0.006123472,-1.0370159e-06,0.0027782915,13.06513,0.296278,0.44812816,0.0,0.00617351,0.0,17.228409,16.90184,39.807476,-9.536743e-07,60.471283,3644.0083,0.0,0.0,0.0,-10090.246,3.5999988e-12,0.0,-170057.0,-296832.44,13208.273,0.0,0.0,1185577.0,1319208.0,0.0,0.0,0.0,-527208.5,-982132.56,0.0,0.0,0.0,0.0,-0.10679567,3725.93,14.513147,9.759487,159.38405,87.7189,21.200607,-1.402185695e-05,0.0156314373333333,47805.49214166667,4874.803540503333,1.1264305233333333e-07,1.1375194916666666e-06,35.66265755,7.6291841e-07,0.0,0.001976969,0.0,3.03914355e-05,266.61815666666666,0.69949511,1.915594363333333,-0.093365985,-1.543689083333333e-05,2.7107051428571427e-05,0.5158511414285715,130622.79428571428,13319.81811142857,2.3256072857142858e-07,2.1608167320000003e-06,64.033637,2.829714071428572e-05,7.390040697142857e-05,6.6425448385714285e-06,215.68231428571428,43.69718928571428,-0.078840857142857,-0.1651507012857142,-3.5226347971428565e-05,-2.1493599999999962e-07,233673.64,23828.079925,7.1346966e-06,5.548360425e-05,0.8646019575,3.068295675e-06,218.659265,5.115528375,3.18724925,0.00170900575,-3.051807875e-06,8.081597233333332e-06,328572.6233333333,33505.083113333334,1.3362375e-05,0.0004592459999999,0.044754123,3.369311033333333e-06,232.27428333333333,2.1697434666666666,-1.3302081723333334,0.0010202533333333,-7.55e-06,2.1720415e-06,442751.94,45148.133155,6.35970935e-06,0.0032983465,0.0004796645,3.7191845e-06,260.6156,16.804026,4.6448708,0.000283456,-6.0912568e-06
-79.60810535746948,1.1073904,-0.057074253,287.2937,293.65576,101177.5,100148.375,271.45996,271.45996,271.4602,291.54932,0.8107455,1.1249237,0.2900282,-0.020944718,2.1777782,-5.44637,3.584443,0.19423813,0.17552835,0.067616224,0.063602686,7270.293,1.0,0.0,0.0,1.0,0.17752105,0.0,-1.6900555e-07,-9.823225e-08,6.22849,0.00028324127,1.0622149,0.00015258789,0.0,0.0,0.0,0.0,0.0,1748.0786,88.17461,0.0033270367,-0.0001354732,-6.5463226e-09,-831.2617,687.80396,15115395000.0,28088350000.0,105769304.0,124382.31,0.046584353,43420130000.0,45.212814,-1724.3816,2562518.0,10203.316,0.0010416063,1019355300.0,5206484500.0,8345201.0,19563.316,0.004133567,6293792300.0,24.32959,2642597600.0,2685791200.0,2616584.0,2633022700.0,2688352800.0,20.056137,0.018000346,0.49982327,-9.536743e-07,0.13598913,0.4957407,0.03420769,0.006964572,-9.069454e-07,0.0014965083,13.24134,0.2556913,0.41488767,0.0,0.0061992854,0.0,17.705841,17.294495,41.05484,-9.536743e-07,64.23419,3644.2832,0.0,0.0,0.0,-9394.086,3.5999988e-12,0.0,-159158.44,-287814.8,14536.641,0.0,0.0,1176055.0,1314468.0,0.0,0.0,0.0,-531684.8,-975662.75,0.0,0.0,0.0,0.0,-0.51157075,3375.5466,35.1185,21.780258,162.66414,79.00151,16.62442,-1.4988412833333333e-05,0.0416799,47801.896225,4874.43685915,1.127216275e-07,1.3693160433333331e-06,40.227064,3.1642925333333327e-06,0.0,0.002080005,0.0,4.171068563666667e-05,266.40564,0.2396711500000001,2.7505058666666664,0.001905087,-6.691886833333332e-06,2.741828685714285e-05,0.46964909,130623.89214285716,13319.930058571428,2.361898628571429e-07,2.11428289e-06,61.23571771428571,2.4584765642857142e-05,7.345692868571429e-05,5.854161624285715e-06,215.79807,42.900479857142855,0.8580357000000001,-0.1232934712857143,-4.572844414285714e-05,7.910912025e-06,233686.83,23829.424935000003,7.099130075e-06,5.51507265e-05,0.88643228,3.065321175e-06,218.393535,5.154681025,3.21575865,-0.002903202,-3.29765605e-06,5.771841000000001e-06,328573.98,33505.221456666666,1.3348316e-05,0.000457765,0.0438302763333333,3.3699252333333334e-06,232.57754,1.1401700666666663,-0.5032022666666668,0.0006686306666666,-1.0373333333333333e-05,1.9843425e-05,442776.6,45150.64777,6.3630310000000005e-06,0.0032176675,0.0005051945,3.71625395e-06,259.676635,14.405281,2.321759825,-0.000768349,-1.03e-05
-79.64878718053005,0.9326367,-0.25637364,287.5398,293.50757,101229.56,100200.125,271.45996,271.45972,271.4602,291.06958,0.8269786,0.9203318,0.22533101,-0.07472974,2.2352657,-5.4463387,3.4710379,0.19419849,0.17549908,0.06762725,0.06361914,7250.082,1.0,0.0,0.0,1.0,0.1262337,2.4424546e-05,6.1989576e-06,-2.0751831e-06,3.967373,0.00021648407,0.7089027,0.00050354004,0.0,0.0,0.0,0.0,0.0,1982.8213,59.049713,-0.0020547481,-0.0002340862,-3.5897723e-09,-2599.097,-1106.0012,15070578000.0,27834260000.0,107832780.0,123407.125,0.046579003,43114803000.0,41.00215,-1985.2461,2596342.0,10208.617,0.001087392,1280977800.0,6096658000.0,10783354.0,23134.91,0.005120609,7469683000.0,32.593094,2643379700.0,2688591400.0,2617191.0,2633832700.0,2691187000.0,18.763489,0.017999206,1.8753481,-9.536743e-07,0.13598913,0.495741,0.035254598,0.007559076,-7.9812287e-07,0.0009824755,13.726451,0.2431795,0.39298087,0.0,0.0062238015,0.0,18.421524,18.095352,42.14928,-9.536743e-07,65.60585,3643.8833,0.0,0.0,0.0,-9301.215,3.5999988e-12,0.0,-150108.31,-280667.44,17226.797,0.0,0.0,1171600.0,1313375.0,0.0,0.0,0.0,-547447.5,-969990.2,0.0,0.0,0.0,0.0,-0.6066034,3224.3423,58.67758,34.76129,235.07834,84.91638,18.473251,-1.1467318833333337e-05,0.081778755,47797.19941666667,4873.957918033333,1.135424365e-07,1.5225138683333332e-06,45.171180666666665,4.968656968333333e-06,0.0,0.0022181304999999,0.0,4.4365952e-05,266.13270166666666,0.4248354999999999,2.8997268516666668,-0.063112824,1.3250924499999996e-05,1.5445590285714285e-05,0.2368330242857143,130647.05428571429,13322.291942857144,2.493072328571429e-07,2.497944310714286e-06,52.07847671428571,9.543750585714286e-06,6.167464495714286e-05,2.1560490857142854e-06,216.0925742857143,43.202405428571424,1.8001050571428572,-0.0431590971428571,-3.7008474e-05,6.88565975e-06,233745.2225,23835.37931,7.10355555e-06,5.481138625e-05,0.91566385,3.0631013e-06,218.35824,5.799064400000001,2.909042675,-0.0003542364999999,-4.98515725e-06,-5.200104e-06,328683.88,33516.42813666666,1.3324632e-05,0.0004632969999999,0.0419369473333333,3.371120933333333e-06,233.32922666666664,0.1401768,-0.3271665523333333,0.001365838,-9.896666666666668e-06,-4.0724790000000005e-06,443015.41,45174.999615,6.2784518e-06,0.0032560895,0.0004994775,3.71954775e-06,260.53003,14.08256,-1.16084,0.00072306,-1.31e-05
-79.53151014349939,0.59805745,-0.356561,287.75952,292.78027,101255.5,100225.31,271.45996,271.45972,271.45996,290.37817,0.5439627,0.74837375,0.14944178,-0.08496833,2.013548,-5.4462357,3.074891,0.19416326,0.17547154,0.0676533,0.06362951,7094.867,1.0,0.0,0.0,1.0,0.099046886,0.0,8.4098765e-06,-9.4298696e-07,2.5412455,-0.0006630835,0.47835416,-0.0006713867,0.0,0.0,0.0,0.0,0.0,1434.0178,52.66086,-0.0012883681,-0.00020735449,-2.3853854e-09,-1818.8684,-841.9153,15052086000.0,27947684000.0,106880740.0,123769.44,0.04678258,43195466000.0,35.98181,-1456.5945,2571288.0,10211.176,0.0007920549,1301576200.0,6295555600.0,10092625.0,23811.871,0.0061966367,7710755300.0,40.623337,2642659800.0,2690147300.0,2616234.0,2633087000.0,2692707000.0,16.235825,0.018000629,7.6757526,-9.536743e-07,0.13598913,0.49574167,0.031356864,0.006390441,-5.644032e-07,0.0010733295,14.297281,0.24718136,0.37290734,0.0,0.006226383,5.4973993e-05,19.259964,19.013474,42.7369,-9.536743e-07,52.422104,3642.1833,0.0,0.0,0.0,-8502.449,3.5999988e-12,0.0,-153282.19,-272866.2,19281.59,0.0,0.0,1171670.0,1299131.0,0.0,0.0,0.0,-615059.8,-967765.5,0.0,0.0,0.0,0.0,-0.61855745,2805.0835,59.372635,42.12268,200.4552,60.637497,15.967477,-1.5526807166666666e-05,0.1018362571666666,47764.89226666666,4870.663505483333,1.1403952333333336e-07,1.6232795133333334e-06,50.06448083333333,8.695698268333334e-06,0.0,0.0023512976666666,0.0,3.734373058333333e-05,265.85311333333334,0.7577882916666668,2.5125784376666664,0.0211715799999999,1.9354817666666662e-05,1.48697465e-05,0.0535749062857142,130622.20571428572,13319.758095714287,2.562186771428572e-07,2.712782955e-06,31.74695842857143,1.921065285714286e-06,3.268184991428571e-05,3.42733682e-07,216.53696142857143,43.59491842857143,1.6938389285714288,-0.0777949715714285,-1.4622227714285714e-05,5.514653999999999e-06,233677.6275,23828.4865375,7.1025436e-06,5.42705775e-05,0.9452779925,3.06037415e-06,218.1825725,6.236205200000001,2.8032412825,0.0001986579999999,-7.412003175e-06,-1.6945132933333332e-05,328645.54,33512.518546666666,1.3294096333333333e-05,0.000478876,0.0406528363333333,3.3726212666666666e-06,234.06111666666663,0.37896876,-0.0290761433333333,0.0014450189999999,-6.124951833333334e-06,-8.575e-06,442992.57,45172.670585,6.2306486e-06,0.0032939715,0.0004749154999999,3.7235518e-06,260.778315,11.763073,-1.34547855,0.0004056995,-1.1015e-05
-79.56404718074745,0.32035595,-0.34496278,286.90283,291.41724,101287.625,100256.5,271.45947,271.45996,271.4602,290.24976,-0.017725721,0.8155283,0.08746433,-0.074934244,1.7709198,-5.446306,3.040739,0.19412357,0.17544228,0.067676365,0.06364906,7239.6367,1.0,0.0,0.000116319396,1.0,0.070334256,1.8302482e-05,4.1267513e-06,1.6239892e-06,1.5496712,0.0002017518,0.2614478,-0.00014326473,0.0,0.0,0.0,0.0,0.0,1358.2686,41.361008,-0.0015928401,-0.0003411856,2.0329025e-09,-1642.2695,-1190.0037,15066979000.0,28037327000.0,104677980.0,124093.69,0.047585268,43287020000.0,31.887222,-1360.0208,2533310.0,10214.332,0.00056233164,1196484600.0,6260818000.0,8633313.0,23458.68,0.0064550936,7592760000.0,50.347595,2642197500.0,2692545800.0,2615540.0,2632642600.0,2695081200.0,15.544569,0.01799985,20.037704,-9.536743e-07,0.13598913,0.49574172,0.027005557,0.00551806,-5.3061166e-07,0.0021571517,15.076539,0.23742384,0.36493295,0.0,0.0062276833,5.4944947e-05,20.322006,20.15091,43.00062,-9.536743e-07,54.24286,3640.8835,0.0,0.0,0.0,-8109.9297,3.5999988e-12,0.0,-153434.94,-261051.81,20664.941,0.0,0.0,1174133.0,1289239.0,0.0,0.0,0.0,-680180.75,-968956.3,0.0,0.0,0.0,0.0,-0.7492767,2392.2488,50.14154,48.308014,146.93114,26.85936,2.497221,-1.914429383333333e-05,0.1091257405,47753.84658333333,4869.5371593,1.1416336500000005e-07,1.5599783716666667e-06,54.37080733333334,8.563880153333334e-06,1.5901396666666666e-08,0.0024574311666666,0.0,2.75892451e-05,265.6710766666667,1.0189382866666663,1.9947318856666667,0.028619427,1.9153789e-05,1.3626260142857142e-05,0.0015622052857142,130591.83714285714,13316.66136,2.525679442857143e-07,2.793973877142857e-06,17.418203285714288,2.3842299e-07,1.3118620485714286e-05,5.620059285714287e-08,216.7259214285714,43.36128914285714,1.4851669428571428,-0.1067862898571428,-1.15039417e-05,8.711874e-06,233609.5125,23821.54074,7.072765075e-06,5.322202225e-05,0.9482489175,3.057093625e-06,217.86774,6.7591048,2.163211475,-0.00288908675,-1.0785e-05,-1.7033130333333333e-05,328684.79,33516.52093333333,1.3315846333333334e-05,0.0004862926666666,0.0383511543333333,3.3735029333333336e-06,234.15966666666668,0.8997471666666667,0.90839762,0.0003828936666666,7.330443333333336e-07,-2.14e-05,442896.595,45162.88386,6.191098e-06,0.003373527,0.00045355,3.72870545e-06,260.808475,11.28104,-2.2105379,-0.0001841855,-3.27e-06
-79.55641205164356,0.2135778,-0.5094655,287.25732,290.96338,101297.56,100265.06,271.45972,271.45996,271.45996,289.79224,-0.36077827,0.53588396,0.05631219,-0.1336397,1.6258059,-5.4463043,3.4829845,0.19409144,0.17541474,0.06769627,0.06367165,7234.039,0.98691773,0.0,0.0015899544,0.98691773,0.053420436,0.0,9.134982e-08,-1.0588465e-06,1.0687771,-0.0010200946,0.18375021,-0.0001373291,0.0,0.0,0.0,0.0,0.0,655.6155,36.733887,-0.00095985015,-0.00039443374,-3.1299385e-09,-1032.0049,-1394.1033,14938064000.0,27824904000.0,100508760.0,123156.375,0.047320962,42944390000.0,32.808685,-654.82227,2468463.0,10215.16,0.00033341767,1203335800.0,6130938400.0,8397454.0,23031.387,0.0069038756,7486800400.0,56.361877,2641288200.0,2695736300.0,2614233.0,2631725800.0,2698188300.0,16.428879,0.01799877,69.27832,-9.536743e-07,0.13598913,0.49574035,0.02414994,0.0052214265,-6.3190237e-07,0.000984258,15.709902,0.23903048,0.3637895,0.0,0.006228406,0.0,21.917755,21.790802,43.053295,-9.536743e-07,53.84346,3639.0586,0.0,0.0,0.0,-8129.328,3.5999988e-12,0.0,-150124.06,-247760.75,21498.7,0.0,0.0,1179366.0,1285752.0,0.0,0.0,0.0,-718894.9,-971539.75,0.0,0.0,0.0,0.0,-0.7696639,2139.6416,25.676361,47.910965,102.471146,4.020932,-10.568865,-2.7837931383333334e-05,0.1104268226666666,47739.5968,4868.08408565,1.1405062666666669e-07,1.4663547766666667e-06,57.55171383333334,7.329575899916667e-06,0.0,0.002541023,0.0,2.0451905333333333e-05,265.5761816666666,1.116461336666667,1.5295487533333334,0.1239228575,1.908901416666667e-05,1.2220739714285717e-05,0.0,130544.83714285714,13311.868694285717,2.475358642857143e-07,2.7877865142857146e-06,15.937981142857142,0.0,1.1807290628571428e-05,8.50876957142857e-10,216.79488285714288,42.79731528571429,1.6512439000000003,-0.1135318501428571,-1.504112342857143e-05,3.64104525e-06,233506.47,23811.03333,7.0673104500000005e-06,5.26401525e-05,0.944604255,3.05498795e-06,217.798775,6.4370102,1.7400618,0.0034243299999999,-1.30025e-05,1.1964693333333347e-06,328657.4366666667,33513.73167,1.3365411666666667e-05,0.0004820873333333,0.0380471073333333,3.3720216666666667e-06,233.13176666666664,1.6316286666666666,1.6353248,-0.0028895616666666,4.820519633333333e-06,2.999967000000001e-07,442634.28,45136.135175,6.21081325e-06,0.0033509129999999,0.0005094285,3.7282621e-06,259.530025,9.800982,-2.71114975,-0.00053176,9.54705765e-07
-79.46997082574983,0.17447907,-0.81858975,286.90942,290.14795,101313.19,100279.94,271.45972,271.45996,271.4602,289.35425,-0.4727623,0.096665025,0.04819516,-0.2329002,2.0347528,-5.446452,3.458274,0.19403958,0.17538548,0.06771928,0.06367898,7360.3477,0.9876585,0.0,0.0018158974,0.9876585,0.03744637,0.0,5.6851704e-06,2.114104e-06,0.7296405,0.00033187866,0.10962212,0.00077819824,0.0,0.0,0.0,0.0,0.0,541.84766,39.574448,-0.0015478698,-0.0002568497,-2.5427183e-09,-1231.5515,-1271.0752,14889419000.0,27799032000.0,97060470.0,122923.44,0.04878084,42879990000.0,37.48671,-551.6743,2416005.0,10216.703,0.00047257566,1053203800.0,5464329000.0,7822021.0,20502.855,0.0061655343,6662759400.0,54.153366,2641037300.0,2698955000.0,2613654.0,2631479600.0,2701359900.0,18.487976,0.017998666,85.77074,-0.012473695,0.13598913,0.49573964,0.0322349,0.0051126853,-6.254369e-07,-0.00058816373,16.384893,0.22970295,0.33974975,0.0,0.006240219,0.0,23.266205,23.18457,43.18013,-0.012473695,48.82599,3637.4836,0.0,0.0,0.0,-8334.738,3.5999988e-12,0.0,-158710.75,-236975.12,25673.879,0.0,0.0,1184171.0,1268473.0,0.0,0.0,0.0,-762245.4,-970557.75,0.0,0.0,0.0,0.0,-0.6582259,2144.8938,5.422106,43.90854,97.19177,-14.041185,-29.512405,-3.1998333333333335e-05,0.0932391698333333,47745.30533333333,4868.666194316666,1.138604e-07,1.33570098e-06,59.4728345,5.233136876666667e-06,0.0,0.0025920361666666,0.0,1.2815842858333332e-05,265.5290233333333,1.2128884433333331,1.1024953633333332,0.0943796633333333,1.6800485833333333e-05,1.2683079501428571e-05,0.0,130519.47214285714,13309.282185714286,2.462417700000001e-07,2.89929031e-06,15.800375142857144,0.0,1.2056868257142856e-05,0.0,216.84192857142853,42.376257714285714,1.4233158,-0.1148119471428571,-1.0863608468571427e-05,8.404063e-07,233503.0625,23810.6858625,7.077517725e-06,5.272568925e-05,0.92909134,3.05395365e-06,217.86069,6.749496725,1.35720325,-0.00067076925,-1.2935e-05,9.877914333333334e-06,328515.23,33499.23062333333,1.3365284333333332e-05,0.0004751359999999,0.0420782043333333,3.3690854666666667e-06,232.14933,2.015164066666667,1.434292,-0.0002073576666666,-1.2079339999999998e-06,2.369679e-05,442369.625,45109.147875,6.290085e-06,0.0032444785,0.000610428,3.72569055e-06,257.65285,9.77078375,-1.647418,-0.0008422235,-3.325e-06
-79.56769400564892,0.2008133,-0.8625772,286.9519,289.95044,101332.94,100298.56,271.45972,271.45947,271.45996,288.9956,-0.516491,-0.022287983,0.06238966,-0.23684227,2.2074575,-5.446203,3.8431425,0.19401044,0.17535794,0.06773925,0.06370157,7498.457,0.75718415,0.0,0.002373806,0.75718415,0.021319408,0.0,7.705846e-06,-7.9335086e-07,0.39519155,-0.0005340576,0.03849383,0.00015258789,0.0,0.0,0.0,0.0,0.0,1029.114,40.933685,-0.001094525,-0.00014028863,-3.1994896e-10,-1402.7654,-619.3684,14794743000.0,27624208000.0,94606930.0,122122.44,0.04883881,42612662000.0,39.473343,-1054.0986,2382475.0,10218.613,0.00019914287,761891100.0,4571123000.0,6884959.0,16974.398,0.004152786,5461454000.0,48.699234,2640948500.0,2700672500.0,2613381.0,2631391200.0,2703064600.0,19.623184,0.018000767,52.68376,-0.012473695,0.13598913,0.49573976,0.036099225,0.006433755,-3.873056e-07,-0.00078419177,17.57075,0.18801343,0.3060531,0.0,0.006244216,0.0,23.95108,23.909302,43.848083,-0.012473695,44.451157,3635.7585,0.0,0.0,0.0,-8105.16,3.5999988e-12,0.0,-171351.69,-226565.31,28988.312,0.0,0.0,1185433.0,1244735.0,0.0,0.0,0.0,-803175.44,-968291.3,0.0,0.0,0.0,0.0,-0.53883594,2159.0369,-27.904434,38.49266,146.68736,-34.323883,-43.871002,-2.9520641666666665e-05,0.0552063015,47753.0384,4869.454747566667,1.134587075e-07,1.2684001466666667e-06,60.52082333333333,3.1101733108333333e-06,0.0,0.0026238845,0.0,5.948697435e-06,265.42829166666667,0.9504216399999996,0.71115407,0.0373962304999999,1.7924641666666663e-05,1.2842046142857142e-05,0.0,130510.19714285714,13308.336398571428,2.4804750571428574e-07,3.0609299285714287e-06,14.669494714285715,0.0,1.14721928e-05,0.0,216.99304142857144,42.011913,0.7951608185714286,-0.1047537677142857,-3.4708180000000004e-06,1.8144690000000016e-07,233492.875,23809.6470225,7.05429185e-06,5.2738291e-05,0.94650751,3.0529591e-06,217.7427375,6.694949025,0.8836892000000001,-0.0011209665,-1.3525e-05,1.463572866666667e-06,328458.17,33493.412123333335,1.3336920666666669e-05,0.0004701416666666,0.043212374,3.369334366666666e-06,232.52714666666668,2.53657052,0.4125892333333333,0.001784788,-4.898666666666667e-06,1.66056625e-05,442060.56,45077.632015,6.3251740000000006e-06,0.0031668055,0.0006616094999999,3.7264167e-06,257.077925,8.77587385,-1.36563105,0.0004018325,-1.075e-05
-79.42595250968728,0.25401467,-0.39959353,286.9724,289.9248,101329.56,100293.625,271.45972,271.45996,271.4602,288.114,-0.18732601,0.6191344,0.12544304,-0.071884215,1.6167145,-5.4461937,3.447815,0.1939677,0.175327,0.067762256,0.06373334,7497.922,0.20479137,0.0,0.0016966141,0.20524931,0.0053811707,1.2180408e-05,3.602474e-06,2.0213338e-06,0.1039477,-0.00038909912,0.004557509,0.0010070801,0.0,0.0,0.0,0.0,0.0,834.61475,46.323425,-0.0012861048,-9.501397e-06,-7.038259e-10,-1341.8872,-365.76074,14520471000.0,27154993000.0,90588350.0,119968.81,0.048377108,41869470000.0,41.603134,-821.40967,2319501.0,10218.086,0.00072653824,457494100.0,3795963000.0,5541089.0,13772.1875,0.0025312875,4381514000.0,48.47676,2639730700.0,2700037000.0,2612101.0,2630145300.0,2702357500.0,18.499268,0.017999753,16.021027,-0.86233246,0.13598913,0.49574357,0.027622785,0.00908912,-2.0667704e-07,0.004170198,22.385397,-0.8256239,-0.81052995,0.0,0.0062442906,3.0514755e-05,24.157333,24.144836,47.761898,-0.86233246,3.6559029,3411.9192,0.0,0.0,0.0,-3636.8196,3.5999988e-12,0.0,-174305.62,-206102.12,14774.074,0.0,0.0,1199554.0,1228106.0,0.0,0.0,0.0,-873106.3,-959350.56,0.0,0.0,0.0,0.0,-0.2302401,2155.7605,-34.741776,27.47174,114.28723,-5.42519,1.9326124,-3.0403705083333336e-05,0.0111858521666666,47730.355,4867.141684383333,1.13243432e-07,1.372980208333333e-06,59.80298916666667,5.1805493725e-07,0.0,0.0026253725,0.0,1.958022785e-06,265.2797616666667,0.4713812666666667,0.3612068041666667,0.0843307405,2.2450767833333333e-05,1.0712788142857144e-05,0.0,130474.08928571428,13304.65442,2.448759871428572e-07,3.205617808571429e-06,13.7308575,0.0,1.1014531314285714e-05,0.0,217.1959842857143,41.42636571428572,0.0032677957142857,-0.0818071022857142,4.421570271428572e-06,-4.492482950000001e-06,233433.64,23803.606735,7.04965735e-06,5.33870265e-05,0.9553204375,3.05202385e-06,217.768525,6.1211497900000005,0.1060611325,0.001952252,-1.407e-05,-4.7306653333333326e-08,328412.42,33488.74692,1.3345543833333332e-05,0.000463358,0.0413413833333333,3.3695196333333334e-06,232.66163666666668,2.878494313333333,0.1675177766666666,8.757066666666667e-05,-2.7769736666666664e-06,-1.0895749999999998e-05,441782.34,45049.26147,6.2776635e-06,0.0032062735,0.0006081505,3.7320865e-06,257.664785,7.9263238,-0.8939947399999999,0.0004412055,-1.0105e-05
-79.49256642947917,0.674527,0.32224506,286.12354,288.4563,101387.25,100349.56,271.45947,271.45972,271.4602,287.2932,0.5409779,1.4043827,0.20272952,0.11517376,2.021657,-5.4461794,4.7537727,0.19393551,0.1753025,0.06778526,0.06374371,6870.3507666666665,0.05026373,0.0,0.000115713876,0.05026373,0.0005670432,4.878537e-05,2.4026504e-06,1.1173697e-06,0.009610791,5.935618e-06,8.3093066e-05,-0.00035095238,0.0,0.0,0.0,0.0,0.0,416.53833,54.54512,-0.0018352096,0.00022099269,-9.1052654e-10,-1006.458,88.74661,14115165000.0,26305790000.0,84419544.0,116241.625,0.047771018,40608610000.0,40.504105,-443.8794,2214915.0,10223.719,0.00054503116,94766230.0,2772002800.0,3855277.0,9615.449,0.00042829523,2985382700.0,46.05591,2640681000.0,2699857400.0,2613147.0,2631095600.0,2702080300.0,25.243729,0.017998543,1.5965099,-0.8748704,0.13598913,0.495745,0.03598003,0.012740798,-1.4736958e-07,0.00961668,21.537989,-0.850249,-0.84148675,8.921194e-08,0.006251842,2.4392677e-05,23.695236,23.69368,46.67321,-0.8748704,3.2797623,3606.249,0.0,0.0,0.0,-2691.3152,3.5999988e-12,0.0,-193834.69,-200154.75,16823.336,0.0,0.0,1191393.0,1191583.0,0.0,0.0,0.0,-946452.5,-958307.9,0.0,0.0,0.0,0.0,0.6110921,2692.3115,-41.73979,38.41278,124.94353,19.6109,27.324265,-2.713131983333333e-05,0.0005210571666666,47763.09688333334,4870.480427366667,1.1363107399999998e-07,1.5399616666666667e-06,55.819068833333326,5.7589198833333365e-08,0.0,0.0025755876666666,0.0,2.7195729e-07,265.262855,0.1130468833333332,-0.0529705216666667,0.110967457,3.141512166666667e-05,9.382741085714287e-06,0.0,130501.91214285714,13307.491564285714,2.395531228571429e-07,3.3795230142857142e-06,13.022116428571428,0.0,1.0540430685714284e-05,0.0,217.40052285714287,40.57789871428572,-0.7025488857142855,-0.0731860765714285,8.7973849e-06,-9.4578945e-06,233493.89,23809.750525,7.06651815e-06,5.44568505e-05,0.931305785,3.0516576e-06,217.919165,5.3189283875,-0.578801015,0.0021399972499999,-1.2775e-05,-8.262661333333333e-06,328498.48666666663,33497.52328,1.3345571333333334e-05,0.0004623293333333,0.0400951286666666,3.3695142e-06,232.81265666666664,2.9745499333333334,-0.1823003,0.0001606846666666,-2.9441245000000003e-06,-1.7045e-05,441855.775,45056.749755,6.2666003e-06,0.0032811965,0.00062386,3.73462395e-06,257.84336,7.74201965,-1.36397215,-0.000147205,-6.5975268e-06
-79.43961767076023,0.9283685,0.60453683,286.46973,287.98145,101370.56,100332.125,271.45972,271.45996,271.4602,287.05444,1.1944742,1.8366718,0.32403022,0.26618737,2.4376297,-5.446205,6.1014357,0.19390333,0.17527324,0.06780523,0.06376016,6242.779533333333,0.0050122365,0.0,0.000115713876,0.0051218607,0.00014010657,7.3273666e-05,-6.0272896e-08,2.3827778e-07,0.0029514479,-5.5099546e-05,0.0005083084,-0.00064086914,0.0,0.0,0.0,0.0,0.0,187.29128,60.641953,-0.0020258597,0.00038266764,-2.3443605e-09,-794.20776,347.77295,13554304000.0,24897634000.0,76910870.0,110408.875,0.045446634,38611750000.0,33.33293,-283.094,2088267.0,10221.926,0.00012731149,-152025680.0,2098686700.0,2295132.0,6858.3945,-0.0005305805,2059616400.0,43.842712,2639125800.0,2695623700.0,2611876.0,2629558500.0,2697732900.0,36.89682,0.018000335,0.0,-1.000001,0.13598913,0.49575037,0.045440175,0.018433876,-2.1976194e-07,0.013980072,20.326878,-1.000001,-1.000001,2.141087e-07,0.006252084,3.0578492e-05,22.621185,22.620789,45.115826,-1.000001,-1.000001,3622.3335,0.0,0.0,0.0,-2844.5188,3.5999988e-12,0.0,-205904.62,-208996.19,23847.926,0.0,0.0,1176355.0,1167159.0,0.0,0.0,0.0,-960019.2,-961687.6,0.0,0.0,0.0,0.0,1.3073854,3366.06,-27.66623,64.28415,120.63258,40.71486,59.386627,-1.8944759750166662e-05,0.0,47731.49909999999,4867.258350033334,1.1460844066666669e-07,1.6100126733333333e-06,50.68972333333334,7.929953e-09,0.0,0.0024827458333333,0.0,3.7667261083333334e-08,265.20200166666666,-0.40779955,-0.4773317833333333,0.0941168846666666,3.834966033333333e-05,1.1009878528571428e-05,0.0,130450.33928571428,13302.232594285711,2.374627014285714e-07,3.545802685714286e-06,12.632812428571428,0.0,1.0210985185714284e-05,0.0,217.54521142857143,39.61501214285715,-1.0891554342857144,-0.0810579888571428,9.337371157142856e-06,-8.31e-06,233440.64,23804.3205375,7.07853005e-06,5.504767925e-05,0.92754323,3.051736925e-06,217.9866425,4.165257045,-0.3329650524999999,0.00355224975,-1.05325e-05,3.2350406000000007e-06,328433.52,33490.89852333333,1.3338581666666667e-05,0.000462357,0.042831902,3.368434866666667e-06,232.27948666666663,3.045664766666667,-0.6994546000000001,-0.0017626453333333,-2.295811e-06,9.895713e-07,441594.225,45030.07908,6.31576725e-06,0.003283305,0.0007024304999999,3.73414695e-06,256.914125,6.979529250000001,-2.06332685,-0.000270691,-6.19e-06
-79.45693422361687,1.4960098,0.50982225,285.95483,291.08032,101398.875,100359.0,271.45996,271.45972,271.4602,286.8296,2.9445925,2.3371649,0.956022,0.5542161,2.5501328,-5.4462166,19.393356,0.19386196,0.17524397,0.06781882,0.06377971,5615.2083,0.00034105126,0.0,0.000116319396,0.00045737065,3.0451018e-05,0.00029252097,-9.644864e-07,2.53387e-07,0.0002254041,-0.001527227,0.0006713867,-2.4578994e-06,0.0,0.0,0.0,0.0,0.0,397.85156,51.822952,-0.004223611,0.0002455695,-7.676952e-09,-1741.2554,-754.0803,13080901000.0,23928844000.0,70083630.0,106114.94,0.044645738,37142540000.0,24.705475,-485.94238,1992268.0,10224.5625,0.0014191924,-273689280.0,1997284500.0,1837112.0,6270.793,-0.0012309642,1842970900.0,47.58864,2640195000.0,2691779800.0,2613409.0,2630636300.0,2693778000.0,90.74875,0.018000308,0.0,-0.8748704,0.13587093,0.49575126,0.053168647,0.061442226,-6.5827436e-07,0.04089088,20.008648,-0.85380524,-0.846705,3.7523228e-07,0.0062656477,0.00027422118,20.6512,20.650818,43.742237,-0.8748704,3.2797623,3618.5647,0.0,0.0,0.0,-4178.551,3.5999988e-12,0.0,-217392.5,-223708.31,41482.24,0.0,0.0,1157919.0,1148613.0,0.0,0.0,0.0,-964742.6,-965792.75,0.0,0.0,0.0,0.0,1.133749,3855.8926,-0.550695,105.08246,91.87114,31.15738,83.85855,-9.674249166666669e-06,0.0,47742.00685,4868.3298426,1.1608478500000001e-07,1.7090986633333333e-06,49.6891885,0.0,7.136957633333333e-08,0.0024446071666666,0.0,1.784239425e-08,265.29229,-0.2414524519999998,-0.6195513250000001,0.0534431571666666,5.068825833333333e-05,8.758293928571427e-06,0.0,130519.92857142857,13309.32873,2.5105348142857145e-07,3.4481146428571427e-06,12.130578714285717,0.0,1.0213617457142858e-05,0.0,217.8478871428572,38.403996285714285,-0.9401449857142856,-0.0632477211428571,4.114274059999999e-06,-1.3145e-05,233607.19,23821.3039125,7.05601865e-06,5.57808525e-05,0.87371325,3.052503875e-06,218.4633875,3.7413869125,1.3092038499999998,0.00502484525,-6.47457225e-06,3.884720000000002e-06,328532.04,33500.94476666667,1.32799455e-05,0.0004741506666666,0.0447297116666666,3.3699579666666667e-06,232.2949433333333,2.5805364666666666,-1.0182362333333332,0.0042398613333333,-6.783099566666667e-06,2.4753800000000003e-06,441760.81,45047.06602,6.470402750000001e-06,0.00331196,0.000816965,3.7347295e-06,256.74802,5.00258685,-2.404794525,-0.0001123464999999,-8.14e-06
-79.49304901750419,1.3291607,0.24062967,285.55103,291.2827,101473.56,100432.81,271.45972,271.45996,271.45996,289.1023,2.6702604,1.6828156,1.0011778,0.45152712,2.8116903,-5.4461737,7.991604,0.19383281,0.17521644,0.06784493,0.06379318,4987.637066666666,0.0,0.0,0.010091152,0.010091152,1.2180408e-05,0.0014269149,3.468508e-07,-2.3228921e-07,0.00051541114,-0.006693922,-0.00074768066,-0.00029822043,0.0,0.0,0.0,0.0,0.0,-134.21777,43.08574,-0.0018562251,0.00010446549,-3.123679e-10,-426.38623,-258.59326,12582417000.0,22546735000.0,64007944.0,100487.19,0.042737346,35239080000.0,17.717438,39.57524,1892134.0,10232.18,0.002033285,-114544380.0,2396157200.0,2195358.0,7918.7266,-7.5833e-05,2401912800.0,48.01329,2641609500.0,2691775000.0,2614955.0,2632034800.0,2693691000.0,89.31212,0.018000636,0.0,-0.8748704,0.13587093,0.49575222,0.07418269,0.055687062,-5.862009e-06,0.030675504,20.727201,-0.85076225,-0.8421956,4.1700002e-07,0.006268341,0.0014029741,20.088333,20.087158,42.537334,-0.8748704,3.2297354,3443.2417,0.0,38770.547,11219.043,-14052.5,82763.81,74981.44,-230815.88,-230604.56,44239.625,95652.75,96536.19,1146125.0,1140084.0,257889.56,181245.0,172950.5,-971324.5,-968713.25,39717.855,0.0,0.0,0.0,0.28455156,4037.414,8.881709,128.38087,102.69194,30.232544,107.6355,-1.3232760166666669e-05,0.0002598486666666,47782.05615,4872.41373445,1.1646000166666669e-07,1.637889105e-06,43.280339833333336,1.98248825e-09,2.3814755e-07,0.0022908995,0.0,1.992862166666666e-09,265.4158433333333,-0.8745109233333331,-0.9387908783333332,0.2201259633333333,4.655436033333333e-05,3.573743771428572e-06,0.0,130565.13428571427,13313.938427142855,2.553444971428572e-07,3.569568557142857e-06,12.2238327,0.0,1.0164956728571429e-05,0.0,217.8673571428572,37.394367571428575,-0.3389983571428571,-0.0667511998571428,1.2501191928571427e-05,-6.972916750000001e-06,233648.5275,23825.5191625,7.0596986e-06,5.62718855e-05,0.890619105,3.0506905e-06,218.3852875,3.950021435,2.315332375,-0.00222952,-4.523470000000001e-07,-2.66655042e-06,328597.13333333336,33507.58244,1.3301034333333331e-05,0.000466767,0.0410969646666666,3.372621633333333e-06,232.62021666666664,2.6706604000000005,0.0421379566666667,0.001406148,-1.0826666666666667e-05,9.3271125e-06,441494.82,45019.94259,6.5063095e-06,0.0033220339999999,0.0009518255,3.73613555e-06,256.10366,4.64322765,-1.53171355,0.000247197,-7.344855799999999e-06
-79.51516311599326,0.9175544,0.26979047,285.75732,291.87817,101543.94,100502.75,271.45996,271.45996,271.4602,294.09204,1.7227182,1.1379547,0.9667476,0.20452571,3.6555357,-5.445715,-23.642197,0.19378406,0.17518717,0.067870975,0.06381267,4360.065833333334,0.0,0.0,0.0022594656,0.0022594656,4.878537e-05,0.0032698985,-3.86564e-07,-2.2574022e-06,-0.00037553417,-0.01905832,-0.00035442994,0.0010941352,0.0,0.0,0.0,0.0,0.0,64.78784,38.48532,-0.0032786662,-2.9842238e-05,-1.1316947e-09,-1090.969,-1076.4688,12045912000.0,20943960000.0,56818084.0,94056.44,0.040576663,33070868000.0,9.479568,-146.79115,1768857.0,10239.113,0.0015939802,35314130.0,2764692700.0,1972765.0,9435.434,0.0012110441,2928952000.0,50.159744,2643310300.0,2693782500.0,2616599.0,2633710800.0,2695541500.0,133.87425,0.018000554,0.0,-0.8748704,0.13587093,0.49575555,0.10686338,0.045963276,-2.3059998e-05,0.026599564,20.763052,-0.8436498,-0.8436498,3.1575763e-07,0.0062723905,0.003051239,20.20845,20.204544,41.16938,3.2797623,6.34571,3372.2102,0.0,380620.3,60185.625,-113849.125,534595.06,516646.75,-299531.12,-262385.88,-19977.3,608535.94,621045.0,1146917.0,1151962.0,1167892.0,901452.7,881072.25,-992858.3,-980002.25,394664.5,0.0,0.0,0.0,0.037037857,4292.535,17.61914,160.86234,135.04147,39.294632,122.292114,-7.688070600000001e-06,0.0007809058333333,47830.890966666666,4877.3935,1.1639356033333333e-07,7.514001733333334e-07,37.39219401666667,5.9578393333333334e-09,3.337292333333333e-07,0.0022536507906666,0.0,0.0,265.75100000000003,-1.53120255,-0.897950945,0.1911863616666666,3.7863478e-05,2.267837177142857e-06,0.0,130613.85642857142,13318.906704285717,2.590301757142857e-07,3.680881757142857e-06,12.603918142857143,0.0,1.0489282957142857e-05,0.0,217.79734,36.105093857142855,-0.1389241328571428,-0.0415592804285714,1.637920542857143e-05,3.4635285750000004e-06,233693.1275,23830.0671,7.04809355e-06,5.665198875e-05,0.92035283,3.04823995e-06,218.187505,3.951879375,2.66487735,-0.00199474375,1.4705115000000004e-06,-1.9959826666666662e-06,328705.11666666664,33518.59367333333,1.3333344166666669e-05,0.0004569423333333,0.040693428,3.372346933333333e-06,232.0956233333333,3.1114397,0.294055266666667,0.000294781,-8.708666666666667e-06,2.80003e-06,441726.34,45043.55106,6.37775635e-06,0.003359866,0.00070599,3.74956245e-06,257.70348,3.94861143,1.85566865,0.0009590569999999,-1.0007356e-05
-79.49124356501225,0.38858324,0.86684203,286.20898,292.49243,101586.94,100545.375,271.4602,271.45996,271.45972,298.05078,0.77199143,1.1863966,0.3717509,0.9995276,4.38803,-5.4461565,-65.69972,0.19375181,0.17515963,0.06789094,0.06382918,3732.4946,0.0,0.0,0.027700316,0.027700316,0.00010372751,0.006626874,-5.272469e-07,-2.5063218e-06,-0.000896791,-0.041890915,0.0002864392,0.010856338,0.0,0.0,0.0,0.0,0.0,307.35547,31.401398,-0.0015774288,-4.934515e-05,-2.5997053e-09,-676.9319,-470.8501,11851232000.0,20043586000.0,54385700.0,90636.25,0.04031367,31957537000.0,2.6989145,-388.57007,1740355.0,10243.52,0.0010527284,215114960.0,3441065000.0,2279521.0,12049.672,0.0029980747,3807126300.0,59.675323,2644338400.0,2695819300.0,2617537.0,2634772200.0,2697559300.0,341.29932,0.018000346,0.0,0.21618569,0.13587093,0.4957468,0.10475671,0.032147232,-4.6576795e-05,0.060921658,20.265432,-0.9866549,-0.9866549,1.3108132e-07,0.006279994,0.0031554317,20.612442,20.605408,40.16528,0.6174019,0.99354213,3372.5352,0.0,920807.75,128094.56,-299130.3,1064793.0,1076407.0,-364725.2,-330265.3,-161129.81,1250419.0,1231319.0,1168995.0,1179622.0,2020988.0,1614139.0,1625139.0,-1014582.06,-1004706.4,913802.9,0.0,0.0,0.0,-0.25104856,5073.66,29.90416,189.70282,161.20479,43.535355,181.27568,1.2705498333333333e-06,0.0015618118333333,47855.45596666666,4879.8984329,1.1601702100000001e-07,4.362970633333334e-07,32.733178175,3.9753505e-09,2.5434671666666665e-07,0.0022084804956,0.0,0.0,266.17084666666665,-2.1729539333333334,-0.9461190333333334,0.1179849585,2.8581797166666668e-05,4.8961282e-06,0.0,130641.53714285714,13321.729352857144,2.584556171428571e-07,3.558666957142857e-06,12.885837285714286,0.0,1.0781447385714284e-05,0.0,217.7469771428572,35.71788685714286,0.3935535714285714,-0.0628319381428571,1.2437450714285716e-05,7.8190737e-06,233744.8775,23835.34413,7.053857975e-06,5.695835675e-05,0.9219937825,3.046848425e-06,218.117905,4.2678734,2.7690281750000003,-0.0018283854999999,-2.3912233e-06,-5.573333333333333e-06,328792.34,33527.48798,1.3332795666666666e-05,0.000462367,0.0406926836666666,3.3727665e-06,232.07766666666663,3.124540333333333,-0.5693966666666667,-0.0002359816666666,-3.2245521e-06,-1.5709985e-05,442198.06,45091.653115,6.2769577500000005e-06,0.003452261,0.0005137165,3.7578302e-06,259.69482500000004,5.0626016300000005,2.89348655,0.0007413019999999,-8.19851585e-06
-79.46412547003318,0.49124986,1.7537127,285.2317,298.16113,101615.5,100577.0,271.4602,271.45996,271.45996,301.04297,0.8668511,2.298379,0.49329525,1.9950218,5.7977743,-5.4462137,-104.37419,0.19371217,0.17513037,0.06791395,0.06384587,3065.278,0.0,0.0,0.060530994,0.060530994,0.00020143417,0.012206204,9.5077627e-07,-3.224916e-07,-0.0016725312,-0.08261031,0.000238205,0.03627985,0.0,0.0,0.0,0.0,0.0,301.5,25.295166,-0.00039621745,-9.829711e-05,-8.725254e-10,-169.39421,-28.128525,11672304000.0,18985159000.0,53417864.0,86746.56,0.040362537,30691810000.0,-9.209681,-344.88574,1729804.0,10246.832,0.0005692749,344069760.0,4233704000.0,1986391.0,14893.828,0.005387645,4761486000.0,73.4644,2644771000.0,2697582300.0,2617819.0,2635168000.0,2699327500.0,834.7522,0.018001106,0.0,195.85606,0.13587093,0.49574125,0.15512282,0.04941168,-6.980603e-05,0.13860863,20.096174,-0.4206016,-0.4206016,3.575254e-08,0.0062875226,0.0017760317,21.157486,21.145767,39.247055,197.31815,225.77249,3372.8352,0.0,1429225.0,195548.56,-515057.12,1574782.0,1575162.0,-398433.06,-375944.0,-328757.44,1823221.0,1816929.0,1196800.0,1223918.0,2723070.0,2256365.0,2257871.0,-1022607.9,-1022813.06,1397711.0,0.0,0.0,0.0,-0.4678799,7089.7812,10.695774,249.9288,112.31741,37.994186,352.24683,4.20233105e-06,0.0023441973333333,47869.40341666667,4881.320676966667,1.1571740833333337e-07,4.273942583333334e-07,30.114529450000003,7.950701666666666e-09,4.928409333333333e-07,0.0020886742901666,0.0,0.0,266.47025333333335,-2.4728497,-0.7071759666666667,0.0307472991666666,2.3038024333333338e-05,6.01147842857143e-06,0.0,130608.30357142857,13318.340468571429,2.603716128571429e-07,3.490628557142857e-06,12.72399,0.0,1.0932032014285714e-05,0.0,217.70261142857143,35.68966471428571,0.4926493571428572,-0.0374896071428571,1.1351209542857145e-05,1.562118235e-05,233753.5625,23836.229755,7.0281551750000005e-06,5.747133725e-05,0.9254395625,3.0453961500000003e-06,217.9454675,5.037389175,2.741102925,-0.0024012749999999,-6.1590401200000005e-06,8.3618919e-06,328813.0733333333,33529.60219,1.3335025333333332e-05,0.0004710796666666,0.042215306,3.371077e-06,231.75406,2.3782905,-1.1052904,-0.002459198,-4.471989999999999e-07,-1.592e-05,442614.34,45134.101855,6.2785175e-06,0.0035477345,0.0004900055,3.7556229e-06,260.027465,6.114825,5.0519465,-0.00114703,-9.202436499999998e-07
-79.46747032835115,0.6477245,2.633665,284.7207,298.81738,101622.25,100585.06,271.45972,271.45972,271.45996,302.65308,1.035183,3.4247847,0.684383,2.911623,7.390011,-5.4464245,-130.04742,0.19367999,0.17510283,0.06793696,0.06386238,2788.0496,0.0,0.0,0.05152583,0.05152583,0.00017091942,0.010497469,8.767654e-08,6.899238e-07,-0.0018403779,-0.072989225,0.00062561035,0.045854125,0.0,0.0,0.0,0.0,0.0,-614.16895,8.566817,0.00059915404,-6.438221e-05,-4.569184e-09,672.7776,-113.819885,11571596000.0,18077735000.0,52301450.0,83471.625,0.041114137,29642033000.0,-23.46402,613.95337,1707169.0,10247.703,-0.00056323525,407449900.0,4660267000.0,1543322.0,16417.543,0.006582316,5282604500.0,84.63104,2645241900.0,2699860000.0,2618133.0,2635666700.0,2701554200.0,1225.2822,0.017998882,0.0,-1.000001,0.13587093,0.4957394,0.22084337,0.055568367,-8.4240804e-05,0.23075426,20.180222,-1.000001,-1.000001,0.0,0.00629697,0.0011656801,21.86885,21.857529,38.062828,-1.000001,-1.000001,3373.335,0.0,1815889.0,238276.44,-698136.4,1947838.0,1945954.0,-433147.44,-408603.0,-457018.44,2248860.0,2246803.0,1221455.0,1241406.0,3225881.0,2718804.0,2718085.0,-1035426.75,-1036112.94,1817725.0,0.0,0.0,0.0,-0.4828272,10344.949,4.3862963,392.292,47.033783,14.806029,685.2478,4.4581465333333336e-06,0.0018231403333333,47884.32061666666,4882.841807983334,1.1564590733333333e-07,4.443314393333334e-07,27.63976363333333,1.992862166666666e-09,2.9413558333333333e-07,0.0019673581883333,0.0,0.0,266.7421766666667,-2.3852000166666665,-0.438850095,0.1447068111666666,2.0732987666666667e-05,2.0301634857142856e-06,0.0,130596.93642857144,13317.181344285713,2.656231157142857e-07,3.633233414285714e-06,12.268427142857144,0.0,1.1044095742857144e-05,0.0,217.7728042857143,35.640843000000004,0.5297373142857144,-0.0290894801428571,1.6195364085714285e-05,2.6561004999999987e-06,233762.2175,23837.11232,7.05752745e-06,5.833819925e-05,0.9056806675,3.046400775e-06,218.2954825,5.553116775,2.1994522325,0.00451404975,-8.9425e-06,1.0877727e-05,328776.7233333333,33525.89552,1.3285959333333332e-05,0.0004694053333333,0.048220198,3.3688484333333334e-06,231.5077733333333,2.2810116,-1.6311715333333332,-0.0002673663333333,-4.0003059e-06,1.5768554e-05,442703.82,45143.22628,6.3576482e-06,0.0035361825,0.0005747085,3.74337515e-06,258.9347,8.7630331,4.610445,-0.000501998,4.006955e-07
-79.35647488312354,0.31270254,3.3644629,284.25708,299.15015,101572.0,100536.75,271.45996,271.45947,271.4602,303.46924,0.5714415,4.382601,0.33506083,3.6477118,8.592084,-5.4465675,-149.26067,0.19364035,0.17507356,0.067947745,0.063881874,2801.6716,0.0,0.0,0.0468052,0.0468052,9.764012e-05,0.0055903792,-3.0394148e-07,-4.1469502e-07,-0.00093078613,-0.03820351,0.00049760425,0.028009798,0.0,0.0,0.0,0.0,0.0,-296.3933,10.035807,0.0018310298,-2.5651621e-05,-2.0304316e-09,866.6311,562.4182,11618329000.0,17606744000.0,51167320.0,81929.94,0.042842355,29191074000.0,-34.125854,319.08008,1688845.0,10242.809,-0.00124052,363855360.0,4771059700.0,961531.9,16662.73,0.0065659434,5371081700.0,93.31499,2644352000.0,2700064800.0,2617130.0,2634775000.0,2701782800.0,1464.2947,0.018000767,0.0,-1.000001,0.13587093,0.49573988,0.26801813,0.023093004,-9.310806e-05,0.32085013,20.72352,-1.000001,-1.000001,0.0,0.006305363,0.0026059803,22.316605,22.310364,37.793327,-1.000001,-1.000001,3372.66,0.0,2024607.0,273216.8,-816048.0,2144998.0,2145675.0,-441932.7,-425633.5,-536709.25,2478084.0,2473198.0,1237857.0,1261853.0,3495169.0,2966101.0,2966023.0,-1044983.25,-1043802.5,2000000.0,0.0,0.0,0.0,0.03346773,11022.996,0.23793614,369.8728,10.215489,3.4224043,1072.0322,1.0161504166666662e-06,0.0,47859.05718333333,4880.26565475,1.1519366233333339e-07,4.506662316666666e-07,25.63307366666667,0.0,6.357145333333336e-08,0.0018950934666666,0.0,0.0,267.04304333333334,-2.276033033333333,-0.2071897849999999,0.1160747326666666,1.6282669500000002e-05,8.43248642857143e-07,0.0,130566.18714285716,13314.04579,2.736577942857143e-07,3.881144828571428e-06,12.386608714285714,0.0,1.1853413128571429e-05,0.0,217.88460571428573,35.663918571428574,0.2951693128571429,-0.0190281495714285,2.408385314285714e-05,6.152030000000004e-07,233740.36,23834.8834725,7.0489004250000006e-06,5.7872552e-05,0.894016215,3.046468225e-06,218.357185,5.66019415,1.794957175,-0.0014063712499999,-9.585e-06,-4.700906666666666e-06,328735.9533333333,33521.73814333333,1.3252197333333332e-05,0.0004748999999999,0.0483965923333333,3.3695323666666666e-06,232.1053533333333,2.1384132,-1.3750443833333332,-5.007700000000001e-05,-4.133333333333333e-06,2.217005775e-05,442680.06,45140.803435,6.37528825e-06,0.003465778,0.0005715875,3.7374253e-06,258.739865,10.3355659,3.2445875,-0.0001501669135,-6.22009015e-06
-79.37427025413335,-0.027695298,3.754324,283.15698,301.25952,101532.125,100497.75,271.45972,271.45972,271.45972,303.3723,0.12405574,4.9311676,-0.030329522,4.019449,9.383414,-5.446562,-143.48752,0.19359595,0.17505348,0.06797075,0.063892305,2861.911,0.0,0.0,0.034025043,0.034025043,0.00012815488,0.0055903196,-5.906005e-08,-3.252063e-06,-0.0011197373,-0.0376321,0.0011232146,0.030869424,0.0,0.0,0.0,0.0,0.0,-978.53296,-4.236022,0.0022695602,-0.00012728671,-1.5738244e-09,1531.6392,190.73581,11674204000.0,17425033000.0,50053748.0,81355.0,0.045048937,29044408000.0,-42.238632,1018.13696,1662062.0,10238.844,-0.00093533937,239135600.0,4674068000.0,325194.3,16080.961,0.005591139,5164443000.0,99.614624,2643777300.0,2701291300.0,2616405.0,2634199000.0,2702957600.0,1594.6846,0.018000577,0.0,-1.000001,0.13587093,0.49574053,0.29974848,-0.008871205,-9.103703e-05,0.36431277,22.268145,-1.000001,-1.000001,0.0,0.006308455,0.0049261227,23.026825,23.021362,39.59641,-1.000001,-1.000001,3371.7847,0.0,2034490.0,269805.2,-847467.2,2157063.0,2155430.0,-456661.3,-429879.38,-544578.4,2489029.0,2486813.0,1250530.0,1254694.0,3512528.0,2988252.0,2982895.0,-1056191.0,-1046818.75,2024367.0,0.0,0.0,0.0,0.29987055,12360.332,0.8021706,258.44653,26.574448,6.46651,1445.304,-1.2740504666666665e-06,0.0,47843.41408333334,4878.670502516667,1.1468551866666669e-07,4.768465016666666e-07,25.59599268333333,0.0,0.0,0.0019195041441666,0.0,0.0,267.23413666666664,-2.1492215861666666,0.0792167111666666,0.128539435,1.5741641333333334e-05,-3.2016451e-06,0.0,130560.41071428572,13313.456755714287,2.7850231285714285e-07,4.117371128571429e-06,12.158119385714286,0.0,1.2190713e-05,0.0,218.01962571428567,35.59150714285714,0.0174963800000001,-0.0028513572857142,3.1603491e-05,-1.87682025e-06,233717.9675,23832.600075,7.0499699e-06,5.7054834e-05,0.8871896800000001,3.0467554e-06,218.50027,5.751934475,1.3908312130000002,0.0023038547499999,-1.0925e-05,2.5979163333333333e-06,328718.4633333333,33519.95466,1.3251262833333335e-05,0.0004788119999999,0.0489363706666666,3.3684179333333337e-06,232.14266,2.2915309333333336,-1.638913133333333,-0.0005795719999999,-2.0603896666666664e-06,5.785355e-06,442662.41,45139.003635,6.35903915e-06,0.0034240235,0.00052646,3.73627565e-06,259.507205,10.302183,1.0608959000000002,0.000270756,-1.147e-05
-79.42058058884989,-0.28156668,3.7241526,283.26538,301.11743,101504.875,100471.0,271.45996,271.45972,271.4602,302.53125,-0.2286886,4.91475,-0.2984205,3.954154,9.402932,-5.446697,-117.62077,0.19356847,0.17501372,0.06799072,0.06392074,2663.5679,0.0,0.0,0.046303883,0.046303883,6.1220735e-06,0.0035282467,3.9934582e-07,-7.290133e-07,-0.00050354004,-0.019438393,0.0005247344,0.017849065,0.0,0.0,0.0,0.0,0.0,-775.1633,-11.249339,0.0018362226,-0.00026810123,-5.6184724e-10,1232.6853,-231.84474,11781198000.0,17442583000.0,50416376.0,81613.31,0.04626063,29144404000.0,-51.920364,811.6162,1661228.0,10236.039,-0.0008721405,48295350.0,4046609200.0,-62150.203,13639.145,0.0033298656,4343619000.0,99.10994,2644098300.0,2704442400.0,2616441.0,2634514200.0,2706081300.0,1600.105,0.018000446,0.04989095,-1.000001,0.13587093,0.4957406,0.30471873,-0.028756525,-8.196292e-05,0.3525355,21.8342,-1.000001,-1.000001,0.0,0.006316662,0.0055854023,24.1577,24.153397,39.761192,-1.000001,-1.000001,3371.8096,0.0,1842721.0,252226.12,-786150.1,1920428.0,1974207.0,-428653.25,-419145.8,-464701.38,2280608.0,2221533.0,1257876.0,1273017.0,3276856.0,2703647.0,2766551.0,-1041518.5,-1045266.4,1793017.0,0.0,0.0,0.0,-0.115832746,13152.02,0.3824674,186.49841,27.97786,8.587351,1603.3008,-4.864421666666667e-07,0.0,47848.22056666666,4879.1606274666665,1.14484085e-07,5.00009365e-07,25.751568416666668,0.0,0.0,0.0019863808126666,0.0,0.0,267.45064,-2.10960586,0.0114706966666666,0.0930282766666666,1.7950349416666664e-05,-1.3682641142857147e-06,0.0,130579.75142857144,13315.428961428572,2.783038614285715e-07,4.147649085714286e-06,11.847521757142855,0.0,1.1636276728571427e-05,0.0,217.97264142857145,35.602493714285714,-0.1446985071428571,-0.0377435864285714,3.312237085714286e-05,1.0076560000000002e-06,233802.7825,23841.248795,7.061352125e-06,5.581829375e-05,0.86206013,3.0464325750000003e-06,218.580635,6.0493587,1.046818375,-0.001780544,-1.02908145e-05,-1.0569946666666667e-05,328807.6066666667,33529.04474666667,1.3255317e-05,0.000488242,0.0454224193333333,3.3695666333333327e-06,232.86831,1.84556839,-2.037235866666667,0.0013610983333333,-1.492726666666662e-07,-1.105e-05,442939.59,45167.26813,6.2827535e-06,0.0034259015,0.000453181,3.7405297e-06,261.03051500000004,9.64777125,0.12594315,0.0005728345,-1.015e-05
-79.44006598072875,-0.24965006,3.6171703,283.59106,300.88672,101470.31,100436.25,271.45972,271.45996,271.45972,301.00537,-0.22054583,4.8410797,-0.26084113,3.7916927,8.094116,-5.4466124,-60.646378,0.19352406,0.17498583,0.06801373,0.06394029,2590.6720666666665,0.0,0.0,0.07927859,0.07927859,0.00010362908,0.0029906323,-3.355035e-07,-1.0461363e-06,-0.00093656546,-0.017412018,0.0006314558,0.013158649,0.0,0.0,0.0,0.0,0.0,-953.6621,1.907095,0.00072736037,-0.00030226307,2.254217e-09,1109.4495,-616.36743,11933794000.0,17679000000.0,52193456.0,82689.375,0.046810377,29517496000.0,-59.736465,967.2461,1684424.0,10232.609,1.6149235e-05,-57874016.0,3733480700.0,-90685.375,12448.082,0.00069334987,3925854000.0,100.76439,2643306000.0,2707219200.0,2615321.0,2633721000.0,2708904000.0,1533.4624,0.018000025,0.3991276,-1.000001,0.13587093,0.4957403,0.26095825,-0.025104307,-6.237693e-05,0.3097729,26.217443,-1.000001,-1.000001,0.0,0.006311517,0.00041488092,25.591324,25.589752,39.572895,-1.000001,-1.000001,3367.5598,0.0,1465978.0,198469.12,-678708.5,1645165.0,1617368.0,-418889.25,-397419.12,-368264.12,1870368.0,1897871.0,1257019.0,1264632.0,2803846.0,2363115.0,2333194.0,-1045038.9,-1039071.44,1511621.0,0.0,0.0,0.0,-1.1638641,10470.504,-1.2013912,-90.78494,25.439331,6.925975,1273.0554,5.9750375e-07,0.0007795455,47819.334,4876.21501745,1.1440243983333333e-07,5.576331108333334e-07,28.651551566666665,1.5870273249999998e-08,3.9691258333333336e-08,0.002144236265,0.0,1.98248825e-09,267.401605,-2.016632365,0.1175968316666666,0.0744891521666666,2.363492633333333e-05,-1.5613767142857137e-07,0.0,130548.05285714286,13312.196607142858,2.798596657142857e-07,4.227174414285714e-06,11.589874485714288,0.0,1.1326388814285714e-05,0.0,218.03343,36.25324142857143,0.0545131164285714,0.0050553011428571,3.294054442857143e-05,9.17720945e-06,233812.0175,23842.1905025,7.05283485e-06,5.41522815e-05,0.8860216175,3.046978475e-06,218.5174925,5.9203835,0.24224742,-0.000421078,-1.386436225e-05,4.050966666666668e-06,328867.44333333336,33535.14639,1.3292291833333331e-05,0.0004887773333333,0.0440455523333333,3.366849366666667e-06,232.3413,1.0262643,-1.8687667666666667,-0.0021809296666666,9.625310999999994e-07,-2.595e-05,443058.275,45179.370630000005,6.22112e-06,0.003429829,0.0003988775,3.744055e-06,261.899045,9.9140755,0.4733770499999999,-0.0001450395,-6.78e-06
-79.52597027249165,-0.3193307,3.2786999,284.42407,299.22998,101507.25,100472.0,271.45972,271.4602,271.4602,299.04858,-0.3391332,4.5312357,-0.32540083,3.3606358,7.1440086,-5.446581,-12.188805,0.19348884,0.17495829,0.068042815,0.06395674,2517.7762333333335,0.0,0.0,0.15177304,0.15177304,4.2697982e-05,0.00270939,1.4523516e-07,8.578348e-07,-0.0005493164,-0.01581467,0.0002746582,0.010873456,0.0,0.0,0.0,0.0,0.0,-1512.7561,0.61928827,0.00054727076,-0.00017560642,1.991655e-09,1571.1855,-527.4868,11948151000.0,17699780000.0,51014176.0,82768.75,0.04628094,29528211000.0,-68.61034,1541.8743,1644595.0,10236.3125,0.00025839335,-256024640.0,3055929000.0,-633991.9,9892.719,-0.0028467714,3032588800.0,93.52905,2645138700.0,2711517700.0,2616909.0,2635556400.0,2713184800.0,1358.4893,0.018000629,0.99781907,-1.000001,0.13587093,0.49573952,0.23730785,-0.026780944,-4.2038475e-05,0.2325744,26.864792,-1.000001,-1.000001,0.0,0.0063076615,4.272985e-05,26.58397,26.581238,38.90176,-1.000001,-1.000001,3368.1099,0.0,963295.5,135898.31,-498616.0,1109466.0,1127753.0,-376130.8,-374238.06,-159417.75,1308026.0,1285887.0,1257942.0,1270899.0,2125908.0,1701697.0,1719767.0,-1027965.1,-1030239.7,941899.56,0.0,0.0,0.0,-0.8343902,8028.9883,-0.36154687,-76.130615,15.231448,6.625883,1068.9863,-1.066494666666667e-06,0.0015590916666666,47865.08643333334,4880.880467366666,1.1482300566666666e-07,5.809233473333333e-07,29.804377416666664,1.98248825e-09,0.0,0.0022508999133333,0.0,0.0,267.51029,-1.40896842,0.2453548566666667,0.2187370933333333,2.598601375e-05,-1.7666787914285716e-06,0.0,130603.64285714286,13317.865210000002,2.817781957142857e-07,4.682177071428572e-06,11.629495571428572,0.0,1.1572089457142855e-05,0.0,218.11638,36.20743657142857,-0.1532911657142857,0.0047193914285714,4.2285744142857136e-05,-1.0232264999999998e-06,233942.545,23855.5006075,7.093819524999999e-06,5.3173134e-05,0.880466135,3.04970875e-06,218.9573125,5.95623275,-0.577435575,0.00205578225,-1.672e-05,1.905207866666667e-05,328950.2733333334,33543.59269666667,1.3287703333333336e-05,0.0004844966666666,0.0464742743333333,3.3644737333333333e-06,231.83077,-0.4438413333333333,-2.7814385,-0.000787037,-1.6604246866666668e-06,-1.65e-05,443390.19,45213.216545,6.227559849999999e-06,0.003451396,0.000414357,3.7413997e-06,261.67053,9.4780495,0.0815453999999999,-0.0006633565,-3.0337036500000006e-06
-79.502002034892,-0.44321096,2.4963064,284.46338,298.84204,101490.06,100454.06,271.45972,271.45996,271.4602,296.2683,-0.67196697,4.539853,-0.39582545,2.301917,5.2149725,-5.4464293,22.904922,0.19345057,0.17493206,0.06806278,0.06397021,2444.8804,0.0,0.0,0.14535248,0.14535248,0.0,0.005139675,1.1144775e-06,-1.6964377e-06,-2.002716e-05,-0.025495522,0.00065612793,0.016947985,0.0,0.0,0.0,0.0,0.0,-840.2666,6.7778006,0.0008802945,-0.00015396775,-2.2956772e-09,959.7412,-225.12784,11869611000.0,17589727000.0,48440070.0,82252.94,0.045637254,29320071000.0,-75.199005,868.62646,1586641.0,10234.4375,-6.0273946e-05,-679047400.0,2194835000.0,-2538552.0,6209.996,-0.0057308376,1742945300.0,90.93527,2644949200.0,2713019000.0,2616545.0,2635353900.0,2714614800.0,873.09204,0.018000182,2.3963547,-1.000001,0.13587093,0.49573898,0.16254729,-0.023193263,-1.6188656e-05,0.13444495,26.11609,-1.000001,-1.000001,0.0,0.0063103586,0.0,27.266953,27.262268,37.22049,-1.000001,-1.000001,3486.0847,0.0,426820.5,65874.31,-287066.2,578156.9,574816.44,-333445.7,-335107.7,13999.77,673925.5,672645.1,1252799.0,1264283.0,1289172.0,985403.6,984558.7,-1016213.44,-1020476.3,429812.88,0.0,0.0,0.0,-0.56912065,5239.492,-3.9656363,-83.67021,95.74144,23.808914,742.51733,-7.225376750000001e-06,0.0,47863.477516666666,4880.716403266667,1.1505428166666668e-07,6.854389316666667e-07,29.68411055,0.0,0.0,0.00234775025,0.0,0.0,267.67300833333337,-0.8172563950000001,0.4174705666666667,0.1613422033333333,2.871182433333333e-05,1.567511428571427e-07,0.0,130606.33857142855,13318.140097142856,2.9262318571428573e-07,4.984580942857143e-06,11.6344655,0.0,1.112843417142857e-05,0.0,218.1545057142857,35.655415285714284,-1.459775752857143,-0.0231397348571428,4.895214357142857e-05,-4.72024175e-06,233992.3925,23860.5836325,7.0782367e-06,5.2759624e-05,0.8883008425,3.0501574e-06,218.8971725,5.785436425,-0.831112375,-0.00290231525,-1.59e-05,2.3981823333333324e-06,328845.0833333333,33532.86630666667,1.3258567333333332e-05,0.0004822683333333,0.0449907403333333,3.3658285333333334e-06,232.35317333333333,-0.9117412333333332,-3.162701933333333,0.0025886793333333,-4.297236666666667e-06,7.616887600000001e-06,443296.75,45203.688315,6.28773425e-06,0.0033923865,0.000469594,3.7357249e-06,260.40807500000005,9.76341225,-1.3909276,-0.0007777975,-1.216e-06
-79.60879573664381,-0.3909105,2.4174604,286.0786,294.13452,101504.19,100467.69,271.45996,271.45947,271.4602,292.43604,-0.33652306,4.2296886,-0.1463539,1.0785742,3.972807,-5.4464045,11.063641,0.19341701,0.17490149,0.06807965,0.0639897,2254.6704,0.0,0.0013076258,0.038704094,0.038704094,0.0,0.0010138347,5.9534653e-07,2.5486509e-07,-0.00044155144,-0.0055733584,-0.00039672852,0.0021736133,0.0,0.0,0.0,0.0,0.0,-1329.0339,-0.3021536,2.9453571e-05,-6.822603e-05,4.7393485e-09,859.05835,-594.5337,11839147000.0,16873469000.0,50871508.0,79887.94,0.042186774,28503370000.0,-104.443695,1333.3518,1657928.0,10235.832,0.0009265796,-1165285800.0,1158776800.0,-5478134.0,1799.032,-0.0077973716,189161330.0,80.90335,2645516800.0,2717851100.0,2616735.0,2635927600.0,2719512000.0,174.09552,0.018001184,2.1486206,-1.000001,0.13574529,0.49573916,0.09058261,-0.0035229414,-1.8488226e-06,0.04741556,24.993761,-1.000001,-1.000001,0.0,0.0063292906,0.0,28.960419,28.959244,35.913357,-1.000001,-1.000001,3612.108,0.0,59854.414,14958.27,-78055.625,113564.19,106345.0,-273820.06,-294573.8,78710.875,136258.88,132098.75,1241941.0,1257167.0,360070.5,249886.19,244459.25,-1004074.6,-1011429.3,57959.883,0.0,0.0,0.0,-0.48440564,2933.1875,-12.544478,-38.859283,416.39844,94.29895,368.1709,-1.1907088733333337e-05,0.0,47876.69471666667,4882.064182666666,1.1722766083333333e-07,9.193654416666666e-07,33.555054000000005,0.0,0.0,0.0025455542841666,0.0,0.0,267.736765,-0.5586813183333333,1.0548188516666668,0.0936379791666666,2.584757016666667e-05,-1.7256349999999995e-06,0.0,130634.18,13320.979130000002,2.994703514285715e-07,4.7783782e-06,11.130735428571429,0.0,9.80224302857143e-06,0.0,218.20975,36.18852457142857,-3.536185051428572,0.0031476492857142,4.077482132857143e-05,-1.7724025000000003e-06,233978.3775,23859.1545,7.1303176000000005e-06,5.090263225e-05,0.943978185,3.0496483e-06,218.393695,5.1382724500000005,-0.71306046,-0.0017651607499999,-1.567e-05,-2.051286e-05,328851.54,33533.5247,1.3226206e-05,0.0004751969999999,0.039199377,3.3684795e-06,233.45365,-0.5564305333333334,-2.4817094666666666,0.0027665033333333,-2.516049333333333e-06,4.47405075e-06,443093.03,45182.914655,6.44057765e-06,0.0034404715,0.0005388325,3.7368641e-06,259.77050999999994,10.286127,-3.5359392,0.00019940529,-6.2389849e-07
-79.6510370578915,0.06973511,2.3088474,286.32593,293.614,101558.31,100519.625,271.45972,271.45972,271.45996,291.06738,0.12347323,4.056719,0.009704664,1.0062466,4.010912,-5.4464283,9.342129,0.19337565,0.17488438,0.06809962,0.06400925,2104.759883333333,0.0,0.0065624937,0.01088715,0.01088715,0.0,0.00019553519,2.6636792e-07,1.8573849e-07,-0.00015735626,-0.0010631995,-0.00035095238,0.00074768066,0.0,0.0,0.0,0.0,0.0,-724.2373,-9.029195,0.0009525188,-4.279423e-05,1.9719325e-10,886.74414,102.2495,11828910000.0,17090201000.0,50825184.0,80678.75,0.039891176,28694145000.0,-110.12923,753.0969,1679212.0,10241.133,0.0015678348,-1768184400.0,357584220.0,-8241258.0,-2041.8638,-0.010131765,-1193490300.0,90.23489,2647013000.0,2719489000.0,2618235.0,2637426000.0,2721159200.0,88.4731,0.017999448,0.04989095,-1.000001,0.13574529,0.4957397,0.088752866,0.0003351334,-1.3215658e-06,0.041004013,24.039371,-1.000001,-1.000001,0.0,0.006328568,9.161365e-05,29.013336,29.013336,35.34954,-1.000001,-1.000001,3613.533,0.0,0.0,0.0,-21113.89,3.5999988e-12,0.0,-242397.5,-245500.62,63492.105,0.0,0.0,1224905.0,1228848.0,0.0,0.0,0.0,-999553.1,-998877.4,0.0,0.0,0.0,0.0,-0.34055597,2442.6985,9.524591,14.769529,576.3325,131.90027,251.41985,-7.686398333333334e-06,0.0,47922.12891666667,4886.6971816,1.16422353e-07,1.0021102633333333e-06,34.93686235,0.0,0.0,0.0026123444258333,0.0,0.0,267.64178166666665,0.3910103483333333,0.9400221666666666,0.0527975761666666,2.459351433333333e-05,-3.898771042857142e-06,0.0,130701.40142857144,13327.833809999998,3.011645042857143e-07,4.512513257142857e-06,11.048824285714286,0.0,9.714118257142857e-06,0.0,218.25578,36.00877,-5.503169585714287,0.0127378432857142,3.286037461428572e-05,-5.8531575e-06,233992.67,23860.6119325,7.13567325e-06,5.196294275e-05,0.95757124,3.0502849e-06,218.3762575,4.480194099999999,-0.0840140084999999,0.0017632245,-1.3105e-05,-2.2950576666666664e-06,328893.9166666667,33537.845916666665,1.3233941333333332e-05,0.0004673856666666,0.0419387673333333,3.3662979e-06,232.73856666666663,-1.7897377566666666,-2.4147703333333337,-0.0032162949999999,-1.3276232333333334e-06,1.70927955e-05,442779.47,45150.94043,6.463567999999999e-06,0.0033749885,0.0006113955,3.73914735e-06,258.585615,9.859225,-5.6342118,0.0003960105,-4.98e-06
-79.59431250539836,0.3861546,2.102332,286.60205,293.375,101617.94,100578.5,271.45972,271.45996,271.45996,290.2234,0.2617452,3.929325,0.08495432,0.9758461,4.0129538,-5.4463167,9.69725,0.19333905,0.17485213,0.068119586,0.06401658,1954.8493666666666,0.0,0.0039350577,0.017429579,0.01875551,2.4392677e-05,0.0010746205,-1.1720176e-06,-1.3062527e-06,-0.00021362306,-0.0063834228,-7.6293945e-05,0.003623108,0.0,0.0,0.0,0.0,0.0,-1082.4434,-27.892654,-0.0020211968,-3.5073317e-06,4.2350052e-09,283.43677,-826.2783,11822742000.0,17440639000.0,50910390.0,81894.19,0.038037147,29042582000.0,-108.65312,1152.478,1693071.0,10247.074,0.0017847717,-2223628000.0,-101227010.0,-10107993.0,-4489.6836,-0.011227958,-2070042100.0,106.18532,2648325600.0,2720726500.0,2619530.0,2638763800.0,2722415600.0,76.69798,0.017999686,0.59882194,-1.000001,0.13574529,0.49574023,0.08864373,0.0002242033,-1.0000076e-06,0.03959051,23.604612,-1.000001,-1.000001,0.0,0.006325558,0.00016479453,28.981583,28.97963,34.933125,-1.000001,-1.000001,3611.833,0.0,0.0,0.0,-16236.832,3.5999988e-12,0.0,-219226.94,-227855.88,51857.348,0.0,0.0,1216679.0,1233500.0,0.0,0.0,0.0,-992470.3,-993603.8,0.0,0.0,0.0,0.0,-0.1083855,2426.891,37.385513,32.882004,595.4983,140.86844,226.01152,-1.0705619e-05,0.0,47959.03458333333,4890.4605123833335,1.1530999416666669e-07,1.0267275366666666e-06,33.92222405,0.0,0.0,0.002594812344,0.0,0.0,267.64494,1.1204159966666665,0.5571207833333334,0.1647514966666666,2.21697628e-05,-7.738941428571428e-06,0.0,130766.63428571427,13334.48571,3.020782557142857e-07,4.315385642857143e-06,11.489940285714283,0.0,1.0379957742857142e-05,0.0,218.11518285714288,35.72058128571429,-6.659433914285714,0.0123996955714285,2.9684805571428573e-05,-1.0096656075e-05,234000.0125,23861.360655,7.12476345e-06,5.2335876e-05,0.9238393875,3.04937725e-06,218.25295,4.2453529,0.748404775,-0.00038238075,-9.7194362e-06,-9.69466666666633e-09,328799.08,33528.17527,1.3201094833333334e-05,0.0004695326666666,0.0446271063333333,3.3668572e-06,232.7554333333333,-2.4676562366666666,-2.445947966666667,0.0032778033333333,-2.6e-06,-3.5593571000000004e-06,442872.38,45160.414615,6.3504705e-06,0.0033664895,0.000573411,3.7514169e-06,259.61663,9.0794895,-4.491374,0.0006250715,-1.006e-05
-79.52722613531058,0.35200036,1.7852955,286.90967,293.00684,101686.875,100645.81,271.45972,271.45996,271.45996,289.69678,0.007837512,3.576682,0.0660336,0.7957382,3.9679832,-5.446228,7.6333284,0.19330072,0.17482764,0.06814897,0.06404829,1804.93885,0.0,0.011823487,0.050293963,0.050293963,1.2212277e-05,0.0038112886,-1.2669938e-07,1.3561057e-06,-0.0002937317,-0.02167996,-0.00012207031,0.014480263,0.0,0.0,0.0,0.0,0.0,-334.32568,-35.80452,0.0015325977,-2.7039205e-05,1.323772e-08,883.8535,503.68848,11951960000.0,18087959000.0,53039290.0,84409.19,0.035207614,29829670000.0,-104.824036,394.8452,1732886.0,10253.805,0.0009806149,-2536147200.0,-767589200.0,-11720407.0,-7371.6445,-0.01059138,-3036360200.0,111.11662,2649740500.0,2722005200.0,2620937.0,2640140800.0,2723765800.0,67.644745,0.017999556,3.1985264,-1.000001,0.13574529,0.4957413,0.08735657,0.00035058986,-7.961611e-07,0.03129529,23.081068,-1.000001,-1.000001,0.0,0.0062933005,6.718909e-05,28.945038,28.940353,34.477703,-1.000001,-1.000001,3609.683,0.0,0.0,0.0,-11643.758,3.5999988e-12,0.0,-213852.25,-222135.69,43967.02,0.0,0.0,1211584.0,1223191.0,0.0,0.0,0.0,-989231.4,-991800.56,0.0,0.0,0.0,0.0,0.029418822,2273.8508,29.015442,9.797133,616.3906,154.06317,207.7221,-1.0739561358333334e-05,0.0,47998.45253333333,4894.480024683334,1.1467133733333337e-07,9.952596483333333e-07,31.24969461666667,0.0,0.0,0.002515357606,0.0,0.0,267.7085133333333,1.6917074233333336,0.1302040999999999,0.1225716643333333,2.1884993566666667e-05,-6.196116e-06,0.0,130825.26785714286,13340.464671428572,2.882343457142857e-07,4.323903528571429e-06,12.02783142857143,0.0,1.0764337628571428e-05,0.0,217.8970742857143,35.92362542857143,-7.333142885714285,0.0027998168571428,2.9236637142857143e-05,-6.285e-06,233987.9225,23860.1278225,7.08524185e-06,5.24016425e-05,0.90671958,3.0476228e-06,217.920985,3.9404286,0.8400781,-0.005533707,-8.59197235e-06,-1.7472234333333328e-06,328922.38,33540.748369999994,1.3201961e-05,0.000469028,0.0396470986666666,3.369947666666666e-06,233.33702666666667,-1.5228223333333333,-1.5360634433333331,-0.000291031,-1.338835333333333e-06,-1.4695e-05,442925.94,45165.876215,6.3166283e-06,0.0034185175,0.00058128,3.7596842e-06,259.757895,9.49216265,-5.80325985,-0.000236486,-5.78e-06
-79.49035903374296,0.48059267,1.4807119,287.3457,292.15967,101690.125,100647.875,271.4602,271.45996,271.45996,288.81885,0.123153806,2.9352198,0.1313147,0.47498375,3.616664,-5.44602,3.5347567,0.19326723,0.17478919,0.06816888,0.06406784,1655.0283333333332,0.0,0.017176371,0.059148595,0.06045622,0.0,0.008086551,-2.1065227e-07,2.878778e-06,0.0006828308,-0.04495253,1.5258789e-05,0.031540554,0.0,0.0,0.0,0.0,0.0,-642.43115,-48.86508,-0.0011071155,2.085774e-05,7.387598e-09,133.79141,-539.96484,12214838000.0,18854523000.0,58301090.0,87581.5,0.0332799,30881020000.0,-98.54468,717.37354,1820954.0,10254.023,0.00013187449,-2671270700.0,-1258545900.0,-13258748.0,-9329.008,-0.008672003,-3672939000.0,108.08038,2649062700.0,2721173200.0,2620260.0,2639459600.0,2722982000.0,45.733215,0.01799842,13.828389,-1.000001,0.13574529,0.4957438,0.07137096,0.0013901868,-4.5276732e-07,0.017157834,22.442238,-1.000001,-1.000001,0.0,0.0062564127,3.0549447e-05,28.875443,28.866837,34.08461,-1.000001,-1.000001,3606.458,0.0,0.0,0.0,-8248.828,3.5999988e-12,0.0,-218118.94,-215368.44,40775.484,0.0,0.0,1205922.0,1203168.0,0.0,0.0,0.0,-991540.06,-991276.56,0.0,0.0,0.0,0.0,0.17007703,2144.033,10.502023,-1.4088755,762.40234,191.93993,190.00806,-8.449961166666665e-06,0.0,47978.637350000005,4892.45943805,1.1432428766666669e-07,9.8515089e-07,29.6338657,0.0,0.0,0.002459437054,0.0,0.0,267.712615,1.784462775,-0.0828589966666667,0.12447868,2.1977496666666663e-05,-5.493800571428571e-06,0.0,130829.0257142857,13340.847865714286,2.767463371428572e-07,4.225689942857143e-06,12.082195928571428,0.0,1.0964603028571427e-05,0.0,217.79600285714287,36.98980285714286,-7.935808528571428,0.0021103231428571,3.155746057142857e-05,-4.13524e-06,233893.1225,23850.46091,7.078775749999999e-06,5.33600395e-05,0.907123025,3.0462552e-06,217.7909425,3.872594435,1.095738225,0.001615465,-7.38322515e-06,1.87728e-06,328839.06,33532.252093333336,1.32135325e-05,0.0004658606666666,0.0399927733333333,3.3695190333333337e-06,232.80115666666663,-1.449734108,-1.5972021333333333,-0.0014534643333333,-7.439990000000001e-07,3.148517999999998e-07,442743.63,45147.28577,6.3139665e-06,0.0033690495,0.000603757,3.76596065e-06,258.8685,8.87912875,-7.492637650000001,3.3734e-05,-3.1565185e-06
-79.4838098919915,0.78270525,0.21051186,287.26538,291.01807,101698.375,100655.06,271.4602,271.45972,271.45996,288.3855,0.39335632,1.6637077,0.18115884,0.062164187,2.802391,-5.445757,1.3594036,0.19323498,0.17476165,0.068191886,0.06407517,1505.1178166666666,0.0,0.028281145,0.067172766,0.06848037,0.0,0.009063538,-1.233883e-07,3.0154943e-06,-4.577638e-05,-0.051823396,0.0009765625,0.033351943,0.0,0.0,0.0,0.0,0.0,-498.42017,-26.893738,0.0008185392,0.00013358549,1.3509588e-08,724.6577,552.61597,12584859000.0,19573352000.0,65248030.0,90785.75,0.032306544,31979182000.0,-97.73155,585.1748,1939873.0,10254.746,-7.566404e-05,-2599330000.0,-1457269500.0,-14429638.0,-9889.461,-0.007454768,-3833524000.0,95.27341,2648784600.0,2719694000.0,2620099.0,2639191600.0,2721621000.0,20.752502,0.018000737,21.03003,9.02808,0.13574529,0.4957487,0.050543275,0.0015675682,-1.8680595e-07,0.007465124,21.818796,-0.9248966,-0.9248966,0.0,0.006219581,2.4427369e-05,28.399567,28.390564,33.78799,10.175572,12.53292,3606.2517,0.0,0.0,0.0,-5656.7656,3.5999988e-12,0.0,-197928.44,-208103.56,27209.188,0.0,0.0,1198055.0,1213740.0,0.0,0.0,0.0,-986477.0,-990505.2,0.0,0.0,0.0,0.0,0.4515888,1751.7903,20.964981,22.770279,588.25854,162.69237,129.28673,-6.8257638666666665e-06,0.0,47971.069533333335,4891.687735683333,1.1422847e-07,9.597378516666669e-07,28.72238073333333,0.0,0.0,0.0024155701016666,0.0,0.0,267.690435,1.993137766666667,-0.1042586749999999,0.0836781793333333,2.343047795e-05,-3.2757219e-06,0.0,130839.49,13341.914924285717,2.562641400000001e-07,3.719850657142857e-06,12.213460285714286,0.0,1.14432355e-05,0.0,217.70101285714284,38.42474357142857,-8.44074257142857,0.0298468228571428,1.7071848651428573e-05,4.535008999999999e-06,233848.89,23845.95045,7.0852705e-06,5.40159675e-05,0.910593785,3.045203375e-06,217.7101375,4.6771644850000005,1.0838159375,-0.00303843925,-7.445000000000001e-06,7.983308333333334e-06,328659.3333333333,33513.92507666667,1.3187697666666667e-05,0.00046549,0.0442236453333333,3.369072733333333e-06,232.22055666666665,-2.0358517566666667,-2.5686627,-0.0006676949999999,-3.258445e-06,1.85218515e-05,442498.96,45122.336370000005,6.337832e-06,0.0032597605,0.0006658645,3.77009015e-06,257.74752,5.96768415,-7.9525913,-0.000611802,-6.505e-06
-79.59255037652288,0.6281042,-0.81169134,287.2556,290.96875,101685.81,100642.625,271.45947,271.45996,271.45996,288.09497,0.8197436,0.11918843,0.19639838,-0.24188823,2.3029718,-5.446291,3.0016775,0.19319367,0.17473239,0.068202496,0.06409776,1355.2073,0.0,0.056462828,0.07071751,0.08527994,0.0,0.009819165,1.8492847e-07,1.5872029e-06,-0.00047302246,-0.054814707,0.00015258789,0.032663226,0.0,0.0,0.0,0.0,0.0,-1349.3647,-21.395325,-0.00033449428,0.00018280325,7.1929094e-09,786.2085,0.087197006,12874694000.0,20705434000.0,65603216.0,95142.875,0.03241001,33431022000.0,-84.79622,1420.3828,1940025.0,10253.43,-0.00024372294,-2168450000.0,-968077060.0,-13216543.0,-7404.1094,-0.0058170706,-2949872600.0,78.66022,2648118000.0,2716915200.0,2619637.0,2638525000.0,2718866000.0,20.886368,0.017998744,26.552109,9.976008,0.13574529,0.49574012,0.037679862,0.0035818184,-2.3381853e-07,-0.000816853,21.025084,-0.92560303,-0.92560303,5.947463e-09,0.006181594,0.0,27.554077,27.543915,33.557964,10.163099,12.520447,3725.8096,0.0,0.0,0.0,-3082.0535,3.5999988e-12,0.0,-208221.81,-208229.31,18471.133,0.0,0.0,1192177.0,1187820.0,0.0,0.0,0.0,-990467.06,-990951.8,0.0,0.0,0.0,0.0,0.48762912,1486.5745,37.2836,37.807526,402.19043,123.26839,77.759964,-4.199557433333333e-06,0.0,47960.62896666667,4890.623094016667,1.1418100433333341e-07,9.406581383333334e-07,27.500401683333333,0.0,0.0,0.0023487622483333,0.0,0.0,267.772875,2.884899355,0.0573517466666666,0.1946700733333333,2.395165333333333e-05,-2.6896335714285715e-06,0.0,130845.92857142857,13342.571477142856,2.408994742857143e-07,3.471762271428572e-06,12.764314142857144,0.0,1.25053412e-05,0.0,217.7086571428572,38.36762528571428,-7.929388042857143,0.0507643434285714,2.968840775714287e-06,8.445135e-06,233758.83,23836.7668875,7.0728521e-06,5.3728847e-05,0.930548425,3.044545375e-06,217.5432725,5.107203175,0.780410389,0.00162994625,-1.03675e-05,1.3325816642e-06,328495.6666666667,33497.23571666667,1.3178481333333334e-05,0.0004613466666666,0.0442615123333333,3.3703142e-06,232.19867666666664,-1.7608555533333332,-2.0546967666666665,0.0001067516666666,-5.760139566666667e-06,4.6942255e-06,442132.45,45084.962755,6.3219165e-06,0.0031423465,0.0006670974999999,3.77698825e-06,257.4064,4.11686805,-8.45785465,0.000256936,-1.0015e-05
-79.5300158510375,0.25744122,-1.3263054,286.92676,289.96094,101681.375,100637.56,271.4602,271.45996,271.45996,287.60913,0.102779806,-0.894289,0.07288343,-0.4114195,1.6730614,-5.4463425,2.9459496,0.19315404,0.17471403,0.0682255,0.06411731,1434.8098,0.0,0.05958032,0.12827939,0.13484192,0.0,0.01714008,-9.348986e-08,-1.2054506e-06,-0.00039672852,-0.10424197,0.0008087158,0.049494024,0.0,0.0,0.0,0.0,0.0,-980.54126,-27.357819,-0.001530983,-3.5190415e-06,3.1012097e-09,375.90308,-622.41235,13209870000.0,21859875000.0,64994830.0,99655.625,0.03319743,34934520000.0,-80.32471,1030.0808,1939698.0,10252.945,-1.923507e-05,-1798289000.0,-595976100.0,-11075114.0,-5411.7383,-0.004669875,-2239712300.0,66.84595,2648076300.0,2715597000.0,2619719.0,2638482700.0,2717536300.0,24.63797,0.018000465,38.724777,-1.000001,0.13574529,0.49574113,0.024319503,0.00046177814,-2.6443047e-07,-0.0047394745,19.85966,-1.000001,-1.000001,4.1632255e-08,0.006165486,0.0,27.05246,27.036041,33.379128,-1.000001,-1.000001,3727.1936,0.0,0.0,0.0,-1760.9575,3.5999988e-12,0.0,-199247.81,-200402.31,11854.859,0.0,0.0,1185228.0,1185928.0,0.0,0.0,0.0,-987951.2,-988981.06,0.0,0.0,0.0,0.0,0.39123106,1266.2812,29.9207,37.785828,183.84523,66.838806,41.31926,-2.1961466833333325e-06,0.0,47959.343166666666,4890.4919789333335,1.1431173600000001e-07,8.612258316666667e-07,26.14997545,0.0,0.0,0.002271948919,0.0,0.0,267.94432,3.676635085,-0.0554623616666666,0.1416521066666666,1.8394892e-05,-2.9572289e-06,0.0,130884.37357142856,13346.491775714285,2.331953242857143e-07,3.3975217571428573e-06,13.347634714285716,0.0,1.3523847085714286e-05,0.0,217.67952714285715,37.893997,-6.8450660857142855,0.0161925272857142,-8.827710571428575e-07,3.73894185e-06,233724.5,23833.2662,7.0790226e-06,5.36171165e-05,0.926525355,3.04435885e-06,217.65452,5.353572144999999,0.3329542175,0.00346914825,-1.2525e-05,6.829740666666666e-06,328390.3133333333,33486.492666666665,1.3180637e-05,0.0004494296666666,0.0462972103333333,3.3696603e-06,231.57839666666663,-2.0459132466666667,-2.009034253333333,-0.0010937823333333,-8.6612263e-06,7.036504500000001e-06,441851.47,45056.31077,6.32833375e-06,0.003059106,0.0006849194999999,3.78208005e-06,256.55112,4.42970515,-8.3263616,-0.0006563134999999,-1.058e-05
-79.5612208462308,-0.113785446,-1.3309364,286.96655,290.063,101685.31,100640.75,271.45996,271.45996,271.45996,287.23853,-0.94056654,-1.0139542,-0.07711476,-0.4079612,1.2550097,-5.4462576,2.592351,0.19311267,0.17468476,0.06824851,0.064124644,1385.4451,0.0,0.10241896,0.16829532,0.17919314,0.0,0.02905747,-8.487047e-07,-3.3023816e-06,-0.0007171633,-0.17611456,9.1552734e-05,0.07509464,0.0,0.0,0.0,0.0,0.0,-420.15308,-12.468363,-0.00036412803,-7.984966e-05,2.7221634e-09,204.78177,-322.87256,13545120000.0,23097596000.0,65599476.0,104438.75,0.034102954,36514976000.0,-76.79631,472.5525,1958137.0,10253.238,-0.00039425096,-1611171000.0,-462347620.0,-9631441.0,-4590.2773,-0.0044102967,-1934919000.0,60.8069,2647791600.0,2715497700.0,2619437.0,2638198500.0,2717476000.0,27.435043,0.018000685,43.424957,-1.000001,0.13574529,0.49574143,0.020953868,-0.0019423009,-2.1783757e-07,-0.0042472705,18.84977,-1.000001,-1.000001,4.7579718e-08,0.006154973,0.0,27.141342,27.112839,33.37389,-1.000001,-1.000001,3854.9067,0.0,0.0,0.0,-1051.9358,3.5999988e-12,0.0,-191391.06,-198006.5,9454.539,0.0,0.0,1180464.0,1188045.0,0.0,0.0,0.0,-986565.06,-988470.06,0.0,0.0,0.0,2.4446564,0.21853518,1111.4973,16.039795,27.6044,91.619385,33.29947,20.099518,-9.551407533333332e-06,0.0,47948.49855,4889.386136016667,1.1406065833333333e-07,8.067002833333334e-07,26.203046016666665,0.0,0.0,0.002260176965,0.0,0.0,267.91439166666663,4.397608258333333,-0.0325593766666667,0.0429846398333333,1.4012137e-05,-5.905888714285713e-07,0.0,130899.23285714284,13348.007001428572,2.293260757142857e-07,3.2467498e-06,13.690810142857142,0.0,1.4299648e-05,0.0,217.59899857142847,37.56168271428572,-5.853516742857143,0.0210068198571428,-5.529834157142857e-06,-3.556897e-06,233696.27,23830.38754,7.088702275e-06,5.363059525e-05,0.9372232,3.0450508e-06,217.745825,5.710853075,-0.266616625,3.633249999999717e-06,-1.1731157965e-05,-1.4710593333333337e-06,328278.12666666665,33475.052813333336,1.313469e-05,0.0004483716666666,0.0483044196666666,3.3719928666666664e-06,231.74604,-2.4207046733333333,-1.5430487433333333,0.0013237093333333,-9.663333333333331e-06,2.1346538e-05,441510.28,45021.51907,6.414412149999999e-06,0.0029577715,0.0008315955,3.7819591e-06,255.136255,5.3688587000000005,-8.113864,-0.00012698,-1.61e-05
-79.53112376629622,-0.11183792,-1.1193838,287.09912,289.22534,101654.625,100609.875,271.45996,271.45996,271.45996,287.78662,-1.705596,-0.91019446,-0.15320742,-0.4073823,2.0685787,-5.4462185,3.119442,0.19308048,0.17465377,0.06827456,0.064144194,1510.8909,0.0,0.14505768,0.2620194,0.28356254,0.0,0.030404791,-8.7551064e-07,-1.8204646e-06,0.0008239746,-0.17528659,0.0005950928,0.07093859,0.0,0.0,0.0,0.0,0.0,-827.6909,-19.393509,0.00029089418,-5.942746e-05,2.1514723e-09,537.5769,-292.0857,13755380000.0,24097569000.0,65492316.0,108220.19,0.03443723,37731647000.0,-73.99457,889.76245,1961492.0,10250.133,-0.00033898465,-1568306200.0,-777738300.0,-8774117.0,-5545.4727,-0.0050012283,-2230943500.0,50.38208,2646612000.0,2714707000.0,2618224.0,2637011500.0,2716660000.0,31.630661,0.01800036,38.123825,-0.8748704,0.13574529,0.49574184,0.038414866,-0.00491295,-2.6332458e-07,-0.005868152,21.144278,-0.8499801,-0.8410468,4.7579718e-08,0.006145172,0.0,27.290146,27.259277,32.91265,-0.8748704,3.2297354,3851.9568,0.0,0.0,0.0,-3575.3047,3.5999988e-12,0.0,-170950.06,-197590.25,10845.316,0.0,0.0,1181091.0,1217057.0,0.0,0.0,0.0,-975436.25,-986065.25,0.0,0.0,0.0,0.0,-0.099422395,722.37036,-43.144836,-12.945312,124.95584,-58.83914,-24.272507,-1.2553533783333337e-05,0.0,47918.42641666666,4886.319631733333,1.141825026666667e-07,8.009834216666666e-07,25.952406366666665,0.0,0.0,0.002239023385,0.0,0.0,267.8702283333334,5.17489465,0.0300439841666666,0.0867676333333333,1.877993383333333e-05,-1.005134142857142e-06,0.0,130881.8492857143,13346.23437,2.276846814285714e-07,3.1067805428571427e-06,13.857538485714286,0.0,1.48266329e-05,0.0,217.5614957142857,37.12064257142857,-5.027106385714285,0.0252943814285714,-1.1705044771428571e-05,-1.0490277825e-05,233624.4675,23823.0657225,7.11335005e-06,5.34248825e-05,0.969688365,3.04696255e-06,217.8454575,5.272286895000001,-0.75128494,0.0001804277499999,-9.96690965e-06,-6.132078346666667e-06,328234.14666666667,33470.56810333333,1.3118274e-05,0.0004484526666666,0.0481598906666666,3.3741526e-06,231.93556,-1.7333663133333337,-1.5049959166666664,4.853433566666667e-05,-8.32e-06,-4.144949999999999e-06,441141.31,44983.894605,6.3837153e-06,0.0029715975,0.0007956285,3.78823915e-06,255.578325,4.2434125,-7.80604385,0.0009591425,-1.855e-05
-79.56951069367376,-0.061109357,-1.0979567,286.90308,288.1338,101662.75,100616.94,271.45996,271.4602,271.45996,287.6128,-1.9375229,-0.91414154,-0.14288944,-0.41451496,1.961587,-5.446357,3.077774,0.19303912,0.17462623,0.068300605,0.064169824,1217.2305,0.0,0.09451008,0.29752427,0.32511485,0.0,0.02724111,-9.1985385e-08,-2.3392413e-06,0.00048828125,-0.14555871,-6.1035156e-05,0.055274278,0.0,0.0,0.0,0.0,0.0,-672.4158,-27.342712,-0.0003248842,-0.000121685705,1.4150678e-09,353.68726,-694.07837,14018729000.0,25152842000.0,67058920.0,112287.125,0.03478132,39057290000.0,-73.686584,745.4873,2002275.0,10250.793,-8.1350736e-05,-1714966300.0,-1628083000.0,-8864997.0,-8702.273,-0.006089665,-3256469800.0,38.332855,2646993400.0,2715615500.0,2618570.0,2637400800.0,2717623600.0,34.622833,0.01799943,39.570602,-0.8748704,0.13574529,0.49574172,0.037255295,-0.005866684,-2.8752913e-07,-0.0071979947,21.328993,-0.8527787,-0.8451774,4.7579718e-08,0.0061448924,0.0,27.501541,27.474594,32.73017,-0.8748704,3.2297354,3851.5066,0.0,0.0,0.0,-3404.5422,3.5999988e-12,0.0,-170178.31,-204370.81,12815.574,0.0,0.0,1181487.0,1216923.0,0.0,0.0,0.0,-973559.1,-987470.1,0.0,0.0,0.0,0.0,-0.17922282,679.4846,-89.028076,-20.172043,203.72015,-54.777237,-31.400604,-1.147557155e-05,0.0,47927.56766666667,4887.251779916666,1.1503542816666669e-07,8.0635122e-07,25.0922496,0.0,0.0,0.0021971899191666,0.0,0.0,267.932875,6.065909128333334,-0.1604866966666666,0.081309787,2.478538733333333e-05,-3.727692942857143e-06,0.0,130910.15285714286,13349.12053,2.2415536142857146e-07,3.018890757142857e-06,14.340962714285714,0.0,1.5526183714285714e-05,0.0,217.52352285714284,37.12964071428571,-4.625529942857143,0.0202125851428571,-1.4325696e-05,-7.956514250000001e-06,233661.8875,23826.8815025,7.1237132e-06,5.321613225e-05,0.988581485,3.047907525e-06,217.795945,4.745403834,-0.89312389,-0.0037496524999999,-7.35260675e-06,-7.650737566666667e-06,328275.45666666667,33474.78054666667,1.3119492e-05,0.000449179,0.0475742413333333,3.375278533333333e-06,231.88568333333333,-1.8249591333333333,-1.7613261233333333,0.0006256206666666,-6.47e-06,-2.454964985e-05,441060.78,44975.682825,6.3340065e-06,0.0030846985,0.0007067195,3.79476205e-06,256.231245,2.99080515,-6.2511835,0.0002287535,-1.255e-05
-79.51351565017072,0.1296491,-1.0858364,286.96655,288.1045,101651.125,100604.375,271.45972,271.45996,271.45996,287.53784,-1.6684618,-1.0549726,-0.058926955,-0.4559716,1.9913254,-5.4461737,2.6429462,0.1930086,0.17459697,0.06832057,0.064189374,1113.7986,0.0,0.100503564,0.45295596,0.46893185,0.0,0.044881113,1.836508e-07,-4.1078756e-06,-0.0007324221,-0.21975529,0.0004119873,0.07960802,0.0,0.0,0.0,0.0,0.0,-627.9724,-33.68373,-0.0022794697,-0.0001612684,-1.3063612e-09,-139.26688,-1176.7351,14110367000.0,25858576000.0,68384570.0,114861.81,0.03413494,39862710000.0,-69.6438,708.15356,2019297.0,10249.551,0.0011201894,-2015994100.0,-2890089700.0,-9627411.0,-13562.387,-0.0071912855,-4845975000.0,27.290802,2646160100.0,2715658200.0,2617641.0,2636557800.0,2717676300.0,35.950714,0.01800039,59.01863,-1.000001,0.13574529,0.49574137,0.04026742,-0.004370667,-3.9886544e-07,-0.010307584,21.924175,-1.000001,-1.000001,5.3527184e-08,0.006145537,0.0,27.874313,27.828598,32.7786,-1.000001,-1.000001,3849.4067,0.0,0.0,0.0,-4270.3984,3.5999988e-12,0.0,-140713.5,-202021.06,11629.043,0.0,0.0,1180361.0,1252257.0,0.0,0.0,0.0,-966717.25,-986969.44,0.0,0.0,0.0,0.0,-0.39243078,685.406,-89.213974,-18.164734,200.68433,-38.962173,-37.37195,-8.811030983333333e-06,0.0,47903.96288333333,4884.844761866666,1.1552359833333333e-07,8.488106166666667e-07,24.681525816666664,0.0,0.0,0.0021694729425,0.0,0.0,267.94329,6.786323966666667,-0.6020555633333333,0.0571909405,2.89288915e-05,-5.038324157142857e-06,0.0,130885.9007142857,13346.6475,2.227402342857143e-07,2.9820699428571425e-06,15.226422799999998,0.0,1.6424956585714283e-05,0.0,217.4350542857143,37.41501514285714,-4.681086671428572,0.0258875497142857,-1.4105744714285717e-05,4.11247285e-06,233627.1375,23823.33799,7.0795062e-06,5.334422425e-05,1.0222834925,3.0473652e-06,217.35488,4.099993175,-0.7584651425000001,-0.00503448175,-6.3428356325e-06,-2.931801666666667e-06,328230.7,33470.21663666667,1.3113927166666669e-05,0.0004477946666666,0.0473820876666666,3.376369e-06,231.85556,-1.519822233333333,-2.0645011,0.0001934453333333,-5.643235833333333e-06,-1.425e-05,440802.91,44949.38741,6.3769835e-06,0.0032322925,0.0007959515,3.79449965e-06,255.62697,1.5779437500000002,-5.2504425,-0.0004700305,-6.25248165e-06
-79.49341720171847,0.14139068,-1.3375587,287.73804,290.43237,101744.125,100696.125,271.4602,271.4602,271.45996,287.7566,-1.5923977,-2.152254,-0.055402417,-0.7813693,2.046754,-5.438323,4.5186796,0.1929642,0.17456031,0.0683344,0.0642091,1093.9812,0.0,0.079034746,0.6848,0.68635243,0.00017668247,0.1940071,-1.1998799e-07,-9.038622e-06,-8.303351e-06,-0.5447556,8.30335e-06,0.5935421,0.0,0.011224244,0.0,0.0,0.00031709555,-900.7439,-33.264404,-0.002628671,-0.0002450156,-3.509583e-09,89.155365,-1533.262,14251433000.0,26306390000.0,68029920.0,116514.19,0.035381194,40405164000.0,-88.54883,999.0459,2038378.0,10258.883,0.0013745374,-2212819000.0,-4063849200.0,-10961959.0,-17963.43,-0.007055532,-6254996000.0,12.221842,2649524000.0,2722498000.0,2620689.0,2639946800.0,2724533800.0,55.18521,0.017999303,8.3998785,-1.000001,0.13562614,0.4962666,0.043112308,-0.009469435,-8.530555e-07,-0.025984883,22.208681,-1.000001,-1.000001,1.5527781e-05,0.0061455555,0.0,29.407013,29.21289,32.93422,-1.000001,-1.000001,3883.7441,0.0,0.0,0.0,-4640.957,3.5999988e-12,0.0,-137674.62,-206361.69,14347.656,0.0,0.0,1182299.0,1257667.0,0.0,0.0,0.0,-960048.44,-985714.44,0.0,0.0,0.0,7.134406,-0.29425883,666.0193,-56.040833,-1.7572079,158.00864,-35.922928,-48.407547,2.5712637166666657e-06,0.0,47967.22893333333,4891.296103333333,1.158429836666667e-07,8.77456795e-07,23.01359686666667,0.0,0.0,0.002065420516,1.3892976666666668e-08,0.0,268.21969,8.030974716666666,-1.2446958516666669,0.1109635978333333,2.76216315e-05,-6.587255361428571e-06,0.0,130997.04357142856,13357.98092,2.296204342857143e-07,3.0064685571428573e-06,14.701251071428572,0.0,1.5769839385714284e-05,0.0,217.58761142857145,37.16159742857143,-5.0128974571428575,0.0396616501428571,-1.1793479328571426e-05,6.9922645e-06,233774.1125,23838.32527,7.021169325e-06,5.31781145e-05,1.0424106175,3.0481206e-06,217.663225,3.477354675,-0.862298775,0.001898341,-1.0245e-05,-7.3351363e-06,328511.37666666665,33498.837693333335,1.3069095333333334e-05,0.0004447433333333,0.0465543023333333,3.3763241333333337e-06,231.91669666666667,-0.3810445533333333,-2.4692081,-0.0006692736666666,-4.463523333333333e-06,-1.392019e-05,440901.065,44959.39643,6.509565349999999e-06,0.0033815395,0.000876807,3.79573745e-06,255.98501500000003,0.3750875,-2.9742867800000004,4.34415e-05,-3.08223985e-06
-79.51210086757162,-0.038633097,-1.3533859,287.68335,290.9121,101749.875,100701.0,271.45996,271.45972,271.45996,290.0952,-1.6629734,-2.0302925,-0.081406,-1.3502083,2.7596264,-5.437312,-2.930914,0.19293374,0.17454016,0.06835437,0.064228654,1258.8364,0.0,0.12576467,0.632057,0.63623685,0.00021328744,0.1361888,7.870915e-08,6.4120486e-06,-0.0002406629,-0.31857306,0.00014563244,0.24326646,1.7128696e-06,0.24099898,2.6181294e-07,1.0,0.00048773736,-1307.0496,-25.162384,-0.0012123636,5.461744e-05,-1.9225979e-09,524.51025,-633.8633,14300201000.0,26761865000.0,67576230.0,118208.31,0.033100054,40895910000.0,-92.526566,1466.9993,2034535.0,10259.43,0.00076660514,-2295600400.0,-4955067400.0,-10999443.0,-21181.941,-0.005417619,-7258062000.0,1.6027813,2649685200.0,2722651000.0,2620837.0,2640081200.0,2724682200.0,78.70415,0.01800038,9.924409,-0.51264066,0.13562614,0.4963596,0.09288877,-0.014708519,-5.109522e-06,-0.03829247,21.892504,-0.44447172,-0.41792905,1.7429687e-05,0.006152697,0.0,29.345383,29.209091,32.85935,-0.51264066,15.157867,3887.8035,1.427391e-06,30117.785,6850.9688,-13403.402,58099.29,66904.625,-136688.38,-204390.75,10067.168,85067.19,68326.25,1182846.0,1266346.0,246395.25,149707.56,163785.88,-957783.75,-983813.44,21235.062,1.3322315e-06,9.515941e-08,154.20699,-0.007992871,767.0935,-22.507706,16.143585,132.30742,-50.304657,-71.953995,-6.736554683333334e-06,0.0,47985.47225,4893.156404,1.163927175e-07,8.270831933333333e-07,21.69701465,0.0,0.0,0.0020083746125,2.2824546666666663e-08,0.0,268.42017333333337,8.817257333333332,-2.0964886333333337,0.1885808786666666,2.6607711e-05,-8.017699e-06,0.0,131010.66214285714,13359.369624285711,2.321209728571429e-07,2.895805185714285e-06,14.491237371428571,0.0,1.4597686071428572e-05,0.0,217.45852857142856,37.39205957142857,-5.228446867142857,0.0066231427142857,-1.6272048714285714e-05,3.88589725e-06,233736.705,23834.5107675,7.041099474999999e-06,5.38107955e-05,0.98514217,3.04827475e-06,217.83421,2.8957643500000003,-0.3219484999999999,0.00439920775,-1.146e-05,3.8406926666666655e-06,328392.69333333336,33486.73536333333,1.3103179333333334e-05,0.0004360666666666,0.0495715233333333,3.3731112e-06,230.99356,-1.9305226,-1.9178565666666667,-0.002876767,-2.760317666666667e-06,-1.975e-06,440621.87,44930.926465,6.517282e-06,0.0033568275,0.0009142235,3.7967692e-06,255.41421,1.5956421,-1.0029578,0.000218787,4.44862e-07
-79.54927290598926,-0.010761011,-1.0864077,287.66943,291.177,101799.56,100750.19,271.4602,271.45996,271.45996,292.26392,-0.9472151,-1.5952377,0.016074494,-1.2231531,3.343502,-5.437092,-19.878922,0.19289237,0.17451262,0.068377376,0.064242065,1228.4275,0.0,0.23054796,0.5284173,0.54947275,2.4360808e-05,0.088974476,3.0192422e-07,1.4384899e-05,0.00033569336,-0.29414457,-0.00017929079,0.09982765,2.2600364e-07,0.04560405,4.7579718e-08,0.0,0.0010012493,-740.72925,-19.241531,-0.0017877829,4.8513437e-05,-1.8260313e-09,-80.064255,-707.7656,14319699000.0,27043697000.0,66123372.0,119192.81,0.033081584,41200000000.0,-92.143524,868.5144,2006443.0,10264.395,0.0012727033,-2066336100.0,-5070358000.0,-9406083.0,-21150.598,-0.002971643,-7143514600.0,1.0436211,2652032800.0,2724170500.0,2623233.0,2642419000.0,2726164000.0,133.4819,0.018001158,12.1021185,-1.000001,0.13562614,0.49636328,0.09335309,-0.013917465,-1.31551e-05,-0.0387989,21.58803,-1.000001,-1.000001,1.8185121e-05,0.006161306,0.0,28.96849,28.878662,32.7798,-1.000001,-1.000001,3990.4033,5.6159006e-06,328216.94,47868.11,-80500.44,379748.75,476390.3,-187772.0,-231423.06,-53517.344,562161.1,442225.94,1188731.0,1268154.0,1151559.0,743819.1,861027.56,-969855.44,-989180.75,237729.12,3.4733193e-06,1.999344e-06,644.6853,0.06399584,1015.97046,-11.021474,18.397339,125.375244,-60.88333,-125.08203,-7.857501583333334e-06,0.0,48065.68248333334,4901.335571866667,1.1634366983333333e-07,7.50130355e-07,19.871468566666667,0.0,0.0,0.0019516468533333,7.254420666666666e-08,0.0,268.6865866666667,9.34418225,-2.985934883333333,0.1669629705,2.967763083333333e-05,-5.433062285714285e-06,0.0,131084.67714285714,13366.917057142857,2.308610400000001e-07,2.8187806857142857e-06,14.833560714285714,0.0,1.4665178914285716e-05,0.0,217.33936428571428,37.656529142857146,-4.392093671428571,-0.0042740894285714,-1.2572736e-05,-2.63606773e-06,233835.2525,23844.5598125,7.045793825e-06,5.400685425e-05,0.9108839125,3.047826825e-06,218.0468375,2.4909589000000003,0.44841405,7.52407499999999e-05,-1.077e-05,5.7813363333333325e-06,328423.23,33489.849233333334,1.3103190833333334e-05,0.0004346953333333,0.0510056439999999,3.372585533333333e-06,230.77072666666663,-2.3511346,-1.6787529799999998,0.0013773133333333,-5.281045666666666e-06,1.97737817e-05,440920.47,44961.37519,6.52409525e-06,0.0033414259999999,0.0009394305,3.7966488e-06,255.445695,2.38892805,0.64682971,-0.0003587744999999,-1.125e-06
-79.56418542680387,-0.11231685,-0.98134375,287.92432,290.91504,101840.19,100791.25,271.45972,271.45972,271.45996,294.47974,-0.34301138,-1.2613621,-0.09235364,-1.1604376,3.4108505,-5.4320593,-47.748825,0.19285274,0.17448336,0.06840038,0.064258575,1007.39307,0.0,0.26619488,0.3596207,0.41278422,0.0,0.07881528,-7.612658e-08,7.1207087e-06,0.0008363724,-0.25266552,0.00019454956,0.064356744,8.163001e-06,0.01318609,0.0,0.0,0.00014668607,-540.5596,-12.250762,-0.00041337823,-1.4763571e-05,3.678434e-09,355.04663,-218.23828,14337086000.0,27618005000.0,65706704.0,121159.06,0.033572022,41823883000.0,-79.04689,632.1719,1992518.0,10268.43,7.831579e-05,-1809721300.0,-5148144600.0,-7799626.0,-20877.871,-0.001172302,-6958928400.0,2.8243961,2653858800.0,2725781000.0,2625057.0,2644252200.0,2727780000.0,286.96582,0.017999683,10.371701,-1.000001,0.13562614,0.49661458,0.07110423,-0.015767384,-2.5920352e-05,-0.043686174,21.196783,-1.000001,-1.000001,2.8836555e-05,0.00615583,0.0,28.874725,28.79538,32.94589,-1.000001,-1.000001,4248.3164,1.9031887e-07,827673.6,93376.5,-167040.31,691497.25,1013045.6,-248679.25,-279761.25,-136178.0,1177253.0,799737.56,1205615.0,1265379.0,2004271.0,1243973.0,1601280.0,-978230.2,-1001257.0,438997.3,1.9031887e-07,9.515941e-08,105.188614,0.15798736,1128.4077,-14.674478,-59.14557,44.999634,-27.138535,-126.54375,2.8036150333333337e-06,0.0,48129.43445,4907.836463083334,1.1610656833333337e-07,6.992922816666667e-07,18.716156666666667,0.0,0.0,0.001966806375,9.944481666666669e-09,0.0,268.862815,9.666127975,-3.9452555166666654,0.0958120176666666,3.67947695e-05,-5.035859857142858e-06,0.0,131135.25857142857,13372.074924285716,2.321450571428573e-07,2.978740414285714e-06,14.867427714285713,0.0,1.4606037285714286e-05,0.0,217.3377457142857,37.96905085714286,-3.301340357142857,0.0166073667142857,-3.921044714285714e-06,-2.372261875e-06,233864.97,23847.59016,6.981948225e-06,5.39462815e-05,0.9363424825,3.0469887e-06,217.63143,2.84933343,0.8171478775,-0.009506116,-9.765e-06,1.186229999999996e-07,328519.32666666666,33499.64836666667,1.3114850333333332e-05,0.0004306806666666,0.0457400799999999,3.3755274333333333e-06,231.31107333333333,-2.789776733333333,-0.8248317333333333,0.000898321,-7.4793468e-06,9.71155e-06,441287.685,44998.8207,6.4926052500000005e-06,0.003406472,0.0008383374999999,3.7986647e-06,256.704435,3.889128,0.488620515,0.0005565805,-5.3140255e-06
-79.59264050453412,-0.9046411,-0.5820395,288.87427,295.33472,101803.125,100755.625,271.4602,271.4602,271.45996,297.34766,-1.1787119,-0.71945286,-1.1079092,-0.73414844,4.8129253,-5.4319954,-71.061676,0.19282359,0.17445719,0.06842035,0.064278066,751.94653,0.0,0.4584326,0.30191195,0.4997034,0.0,0.14375049,9.246668e-07,6.3146654e-06,6.1035156e-05,-0.37656063,-0.000667572,0.18164688,4.867409e-05,0.042454593,4.057586e-06,1.0,0.0019022734,-1225.4688,-20.959457,-4.6986635e-05,1.8950304e-05,-9.21182e-10,1054.2786,-82.808624,14346002000.0,28348606000.0,65441348.0,123696.44,0.034183346,42619000000.0,-56.419357,1296.9446,1983459.0,10264.809,-0.00032499805,-1631245400.0,-5456118000.0,-6742705.0,-21601.633,0.0010672212,-7077383700.0,5.722636,2653472800.0,2725065200.0,2624695.0,2643877400.0,2727050500.0,698.5156,0.017999187,8.525155,-1.000001,0.13562614,0.4966805,0.11027759,-0.05116607,-3.9300954e-05,-0.025267027,20.069715,-1.000001,-1.000001,2.82431e-05,0.006147109,0.0,28.800507,28.655548,32.9805,-1.000001,-1.000001,4531.332,5.819481e-05,1317133.0,146309.19,-324451.12,1202622.0,1502405.0,-291374.88,-306943.0,-338074.62,1739212.0,1398479.0,1221253.0,1287023.0,2705406.0,1920090.0,2233832.0,-991373.94,-1009804.5,980392.06,5.1320807e-05,6.8740064e-06,109.696365,0.38387227,1452.2869,-27.263535,-240.52888,35.510406,-2.607211,-34.789032,6.248884966666667e-06,0.0,48135.40633333334,4908.4454258333335,1.1595331916666669e-07,6.606298000000001e-07,17.58394995,0.0,0.0,0.0019500496666666,9.324667333333333e-08,0.0,269.00317,9.5768295,-5.003229833333333,0.1282365813333333,3.7361998666666667e-05,-3.649745385714287e-06,0.0,131125.44642857142,13371.074365714288,2.353934928571429e-07,3.2790597285714284e-06,15.197833285714283,0.0,1.4688887014285716e-05,0.0,217.31364714285715,38.10831314285714,-2.5623303285714285,0.0168837625714285,4.9766622857142855e-06,-1.847209999999996e-07,233738.44,23834.687685,6.96311895e-06,5.5084118e-05,1.0083798925,3.047014375e-06,217.34082,2.42185575,1.74803045,0.0002579209999999,-7.0825e-06,5.9219185e-06,328462.83,33493.88731333333,1.31317845e-05,0.0004203886666666,0.0446571219999999,3.376341133333333e-06,231.00618666666665,-1.65780886,-0.1434170983333333,-0.0024064456666666,-9.167738933333334e-06,-6.3345e-06,441361.15,45006.31204,6.442541800000001e-06,0.0033810704999999,0.000710954,3.79980385e-06,257.5344,4.549094555,2.335806985,7.049300000000003e-05,-6.98786975e-06
-79.53887806857604,-1.5206909,-0.13828886,288.84058,295.3208,101814.19,100768.25,271.45996,271.45972,271.45996,299.68823,-1.8984718,-0.16969955,-1.8424911,-0.16338158,5.280881,-5.437457,-108.511795,0.19278091,0.17442966,0.06843424,0.06429154,872.67847,0.0,0.52019745,0.2737329,0.55571336,0.0,0.1505515,-2.6267013e-08,-4.9212733e-08,0.00065612793,-0.23402798,-0.00016784668,0.14190257,9.417083e-06,0.0011387055,0.0,1.0,0.0010982954,-1831.4431,-33.832,0.0027358613,4.2258587e-05,2.4653959e-09,2551.9556,777.60547,14413472000.0,29129622000.0,64848736.0,126473.0,0.0354689,43521987000.0,-34.154816,1901.095,1991272.0,10266.25,-0.0011103409,-1789984100.0,-6619657000.0,-7215759.0,-25869.027,0.0018304533,-8412783000.0,1.3871803,2655410700.0,2726853000.0,2626621.0,2645783600.0,2728858400.0,877.32666,0.0180013,9.721721,-1.000001,0.13562614,0.49630553,0.12913114,-0.090666056,-5.1530325e-05,-0.006091751,19.433977,-1.000001,-1.000001,1.767087e-05,0.0061588213,0.0,28.762405,28.612,32.81919,-1.000001,-1.000001,4698.25,0.0001258838,1697321.0,194145.94,-487363.7,1519738.0,1870996.0,-316045.88,-345226.62,-454855.94,2162318.0,1750667.0,1240747.0,1303061.0,3207116.0,2350100.0,2694277.0,-998929.1,-1021700.94,1220594.0,0.000100080986,2.5755013e-05,395.58203,0.27060968,1761.1931,-1.52353,-372.69922,5.5824585,1.0316868,77.79707,8.049906883333334e-06,0.0,48198.29713333333,4914.858502283333,1.1568424833333333e-07,5.708386233333333e-07,16.5453742,0.0,0.0,0.0018820741666666,2.9789196666666667e-09,0.0,269.22684,9.385163516666667,-5.954111903333334,0.2656734966666667,3.00435525e-05,-9.581555428571427e-06,0.0,131177.5357142857,13376.385994285714,2.3562463571428575e-07,3.3530290428571427e-06,15.388372571428572,0.0,1.4515290571428573e-05,0.0,217.21873,37.86970057142857,-2.8103374285714287,0.0052598874285714,9.672728357142858e-06,-6.694062499999997e-07,233794.53,23840.407275,7.0301233e-06,5.5646207e-05,0.9880478375,3.0475801e-06,217.7727025,2.530338925,2.397946375,0.00214636075,-8.2725e-06,5.4487550000000005e-06,328482.0,33495.84210666667,1.3080781666666666e-05,0.000422316,0.0467780686666666,3.377367066666667e-06,231.2592566666667,-2.3704424333333334,0.6121130333333333,0.0006503681926666,-1.28e-05,3.78028e-06,441833.56,45054.484455,6.460677299999999e-06,0.0032671315,0.0006316049999999,3.79851825e-06,257.345445,6.8996463,1.2073545,-0.0006052115,-6.089984375000001e-06
-79.53334639167522,-1.2867174,0.015335422,289.0149,295.09424,101721.44,100677.25,271.4602,271.45972,271.45996,299.99023,-1.5889158,0.025967114,-1.5976362,0.0176625,4.85703,-5.4375706,-96.98465,0.19275177,0.17438817,0.06845415,0.06431109,970.1592,0.0,0.5983551,0.22122473,0.61587906,0.0,0.18509221,2.0829816e-08,1.3887575e-06,0.00015258789,-0.14256561,-0.0005340576,0.06138728,1.6457125e-05,0.0,0.0,1.0,0.0070562027,-2455.8484,-71.05417,-0.0017690202,-4.2715576e-05,4.949121e-10,1726.02,-922.3042,14816773000.0,30411670000.0,67951416.0,131598.25,0.03810517,45254760000.0,-17.08107,2493.2576,2096709.0,10256.965,-0.0017296551,-2123367000.0,-8001208000.0,-9040616.0,-31261.863,0.002667993,-10141720000.0,-2.1099548,2653986800.0,2725393200.0,2625235.0,2644397600.0,2727491600.0,956.31323,0.017998558,19.919647,-1.000001,0.13562614,0.49630105,0.11813116,-0.06815624,-5.251728e-05,0.0029848528,18.807774,-1.000001,-1.000001,1.6894279e-05,0.00614867,0.0,28.775421,28.584,32.91493,-1.000001,-1.000001,4701.375,5.3036798e-05,1908253.0,183241.44,-455780.56,1333697.0,2072675.0,-295587.94,-362528.25,-383409.0,2393705.0,1550126.0,1253377.0,1327731.0,3475125.0,2232221.0,2942036.0,-997366.0,-1027990.4,982703.25,5.289355e-05,0.0,3.4604893,0.31334782,1567.3701,-1.67978,-359.5813,3.8203077,1.019968,77.47406,1.3819393116666669e-05,0.0,48169.27025,4911.898584166666,1.149927375e-07,4.566791900000001e-07,16.3982725,0.0,0.0,0.0018560623333333,1.0232609333333334e-07,0.0,269.5753866666667,9.3815783,-6.6657594221666665,0.3102711933333333,1.7775521733333333e-05,-1.4998521857142856e-05,0.0,131152.91999999998,13373.87589,2.333607257142857e-07,2.9442073e-06,15.25841842857143,0.0,1.4207870114285712e-05,0.0,217.1089457142857,37.62764857142857,-3.2068268714285715,0.0145050371428571,-4.834249071428571e-06,1.369092065e-06,233730.5775,23833.8859325,7.007687475e-06,5.4297311e-05,0.989025235,3.046474625e-06,217.5591575,3.542329625,2.524590825,-0.0034977575,-9.3225e-06,-1.983333333333333e-05,328363.52,33483.76051,1.3067336e-05,0.00043285,0.0422106433333333,3.3809368e-06,232.36524333333327,-2.6939492200000004,2.214218826666667,0.0016871669999999,-1.1876666666666666e-05,3.2378755e-06,441519.97,45022.50718,6.54217385e-06,0.003239342,0.000672959,3.7947598e-06,256.47681,5.3479915,0.6621976,1.6612500000000004e-05,-6.62e-06
-79.52948578953541,-0.71510094,-0.0076187663,288.58423,296.88574,101688.56,100645.69,271.45996,271.4602,271.45996,300.5996,-0.8426231,0.0025452054,-0.9934747,-0.02180659,4.761051,-5.431078,-65.22331,0.19269991,0.17437285,0.06848025,0.06432754,1060.5564,0.0,0.6131357,0.66616637,0.7267555,0.0,0.2764023,1.9254298e-07,1.8102946e-06,0.00088500977,0.022373065,0.0002746582,0.010422833,9.27929e-07,0.0,0.0,0.0,0.064555705,-2704.893,-47.789886,0.0005944313,8.9678186e-05,5.5089444e-09,2761.0576,283.41748,15277964000.0,31971449000.0,73256650.0,137737.0,0.04120367,47349998000.0,10.661319,2739.6292,2211756.0,10253.918,-0.0014593906,-2210562300.0,-8604603000.0,-9304272.0,-33439.65,0.0022330957,-10836170000.0,-5.0643044,2654371800.0,2725887200.0,2625584.0,2644771300.0,2728093700.0,1028.071,0.017999914,21.445663,-1.000001,0.13562614,0.49679726,0.10682356,-0.03334658,-4.996026e-05,-0.0002463688,17.34893,-1.000001,-1.000001,2.9535717e-05,0.0061361752,0.0,28.96994,28.630096,32.77389,-1.000001,-1.000001,4743.5156,1.6213016e-05,1922744.0,211782.19,-535938.94,1577915.0,2085822.0,-326600.56,-349643.56,-466692.38,2408760.0,1822291.0,1255120.0,1319909.0,3491127.0,2484833.0,2957065.0,-1009343.5,-1027687.9,1331432.0,1.6117832e-05,0.0,16.524384,0.5281267,1395.8298,-1.763937,-336.26123,-0.48889554,0.44921875,40.714493,1.2704312983333334e-05,0.0,48176.50561666666,4912.636386216666,1.14625265e-07,3.65749955e-07,16.371118283333335,0.0,0.0,0.0018507159999999,1.336806e-06,0.0,269.74942500000003,9.14653935,-7.162676174333334,0.2438507976666666,6.926640499999999e-07,-1.176844285714286e-05,0.0,131173.93785714285,13376.019115714284,2.253726257142857e-07,2.3526005857142856e-06,14.751975142857145,0.0,1.357690984285714e-05,0.0,217.0373785714285,37.91802357142857,-2.698582007142857,0.0236214822857142,-1.768e-05,4.6359565e-06,233718.8275,23832.6877675,6.99100525e-06,5.3790951e-05,1.0149647,3.045985075e-06,217.407315,4.2893464,2.2134639625,-0.0017457402499999,-1.043e-05,2.3391736666666674e-06,328437.6666666667,33491.32136333333,1.3107915666666666e-05,0.000427496,0.042939358,3.3791996333333333e-06,231.68946,-0.7629610666666666,2.20125004,-0.003938449,-8.142158933333334e-06,-1.6951397499999998e-05,441644.47,45035.202645,6.466565500000001e-06,0.0033160105,0.0006116975,3.7964414e-06,258.083595,5.190053649,1.377929165,0.0002315505,-7.0250000000000005e-06
-79.4652967920862,-1.195859,-0.027554907,288.4131,297.1045,101615.69,100574.625,271.45996,271.4602,271.45996,298.4873,-1.4477062,-0.053056985,-1.4372101,-0.03403139,4.0622253,-5.4386864,-75.59979,0.19266903,0.17434359,0.06850624,0.06433791,1496.7163,0.0,0.54009837,0.5892129,0.6520411,1.2212277e-05,0.08825445,2.664438e-07,1.0061503e-06,0.0005928483,0.026668675,-0.00042629265,-0.013939135,2.8547828e-07,0.0,0.0,0.0,0.003416829,-3737.672,-44.28502,-0.00083138514,0.00031736726,2.599199e-09,2718.5898,-308.30103,15591008000.0,32802896000.0,76096810.0,141108.69,0.041848905,48488840000.0,8.268903,3801.889,2261708.0,10246.395,-0.0018579469,-1908965800.0,-8097085400.0,-7464748.0,-31055.336,0.0009669927,-10049274000.0,-13.424514,2653908200.0,2723891700.0,2625260.0,2644313900.0,2726159600.0,955.69775,0.017999507,8.940858,-1.000001,0.13562614,0.49622965,0.08787656,-0.071294606,-4.7241847e-05,0.0023773152,15.943725,-1.000001,-1.000001,1.5217949e-05,0.0061151944,0.0,28.116425,28.025345,32.84296,-1.000001,-1.000001,4747.6406,8.569329e-07,1741177.0,159654.12,-440155.62,1268340.0,1910437.0,-302308.88,-365519.2,-347272.0,2207340.0,1472262.0,1264403.0,1345833.0,3254047.0,2123096.0,2738288.0,-1002724.2,-1035169.1,992615.75,9.0451266e-07,0.0,0.0,0.64609915,1227.5347,-1.6563425,-269.67432,-2.5309181,0.16015625,32.94716,8.4991053e-06,0.0,48183.5551,4913.3552334000005,1.1456789083333342e-07,2.6472181733333333e-07,16.713706083333335,0.0,0.0,0.0018722495,3.975809333333334e-09,0.0,269.8321133333333,9.27922915,-6.616857373333333,0.3083815473333333,-1.2749104716666668e-05,-1.0204354714285716e-05,0.0,131177.76714285713,13376.409592857144,2.1852321857142857e-07,2.4083614857142856e-06,14.326727642857142,0.0,1.253490985714286e-05,0.0,216.9843257142857,38.53443228571429,-2.308193757142857,0.0291840448571428,-1.484955457142857e-05,4.9889884999999773e-08,233734.375,23834.2731725,7.0150098e-06,5.417252e-05,1.00900922,3.046217e-06,217.65301,4.69435835,1.82374435,0.00250676625,-1.1375e-05,9.861641e-06,328362.60333333333,33483.66703666667,1.307566e-05,0.0004244139999999,0.0501749633333333,3.375666566666667e-06,230.9276833333333,-0.6243070000000001,1.3639625000000002,-0.0011018936666666,-1.1333333333333334e-05,-4.669859499999999e-06,441849.16,45056.075215,6.4605005e-06,0.0033178115,0.000573282,3.7936543e-06,258.05896,7.5547745,2.304050535,-0.000310341,-7.025e-07
-79.52119856954062,-1.2741365,0.035308328,288.17407,297.21948,101555.19,100515.06,271.45996,271.45996,271.45996,298.8733,-1.5489025,0.03826348,-1.5160007,0.04118448,4.01375,-5.442894,-51.982956,0.19262463,0.17431432,0.06852621,0.0643605,1042.7542,0.0,0.5882528,0.33553833,0.64712006,0.0,0.075060785,4.5185334e-07,6.884489e-07,0.0004119873,0.032279924,-0.00019836426,-0.016744956,5.1075185e-06,0.008136511,1.6652899e-07,0.0,0.0014621702,-1985.801,-34.191666,0.000601562,6.902116e-05,4.010623e-09,2047.342,248.83812,15835366000.0,33423673000.0,78542500.0,143636.69,0.04244684,49364287000.0,10.529682,2064.203,2302203.0,10240.473,-0.00035578385,-1742992600.0,-7477949000.0,-6516551.0,-28584.496,-0.00027646613,-9268215000.0,-15.435565,2653996800.0,2722773800.0,2625498.0,2644399600.0,2725065000.0,1128.3833,0.017999336,2.5744944,-1.000001,0.13562614,0.4959342,0.09714419,-0.06178323,-3.6607045e-05,0.0045097135,18.094463,-1.000001,-1.000001,6.9759353e-06,0.0061004423,0.0,27.6053,27.529022,34.726845,-1.000001,-1.000001,4751.1914,1.9180734e-05,1339735.0,119845.0,-385141.44,1031511.25,1538176.0,-251926.56,-310975.94,-265091.88,1779938.0,1193589.0,1268814.0,1373562.0,2779834.0,1792443.0,2298097.0,-983635.9,-1017062.1,670883.9,1.11195495e-05,8.013341e-06,102.665115,0.687214,1498.0991,-1.7344675,-279.1206,3.850627,-0.16015631,3.680954,1.3086731233333333e-05,0.0,48192.02488333333,4914.2189109,1.141068256666667e-07,1.9418367833333334e-07,17.742159083333334,0.0,0.0,0.0019038009999999,2.2798616666666666e-08,0.0,269.940325,9.43112725,-5.897507093666666,0.167903919,-1.813333333333333e-05,-1.1098860257142855e-05,0.0,131192.86714285714,13377.949365714288,2.1508511142857146e-07,2.5641119e-06,15.014737,0.0,1.3589326857142856e-05,0.0,216.9055957142857,39.004490857142855,-2.089846357142857,0.0412486617142857,-1.6821428571428573e-05,-1.7344094999999998e-06,233769.8,23837.8855175,7.03176295e-06,5.4107455e-05,0.9943986,3.0460874e-06,217.8401425,4.909174775,1.66531347375,-0.00182504375,-1.0425e-05,-3.347157666666668e-06,328382.6066666667,33485.70680666666,1.3058598666666666e-05,0.000424265,0.0493145506666666,3.3756835333333333e-06,231.24140333333327,-0.2795832666666667,0.2258564666666667,0.00047072963,-1.27e-05,-1.3391587500000003e-06,441924.9,45063.79854,6.502593e-06,0.003222685,0.000591397,3.7890586e-06,257.73816,7.9784802,4.5857424,-0.000312573885,-2.8741075e-06
-79.58582002794483,-1.0371952,0.25036353,288.2256,296.81372,101589.31,100549.375,271.45972,271.45996,271.45996,297.58667,-1.2436476,0.30903643,-1.2144499,0.28146052,3.3690147,-5.4425335,-14.28268,0.19259417,0.17428511,0.068549216,0.06438589,1150.3235,0.0,0.46209586,0.24999458,0.57509404,0.0,0.06765419,-4.2577352e-07,1.6224158e-06,-4.577638e-05,0.07692546,-0.0006256106,-0.021864183,1.7604489e-06,0.0011327779,0.0,0.0,0.0007554514,-2613.6274,-38.069412,-0.0018207268,0.00014434135,1.2566082e-09,1661.7063,-601.073,15918654000.0,34134581000.0,80216920.0,146145.44,0.04296635,50212490000.0,31.35556,2725.7107,2319093.0,10244.055,0.0001175349,-1883953200.0,-7674719000.0,-6594032.0,-29435.941,-0.0026320086,-9608531000.0,-16.638474,2655887600.0,2724378400.0,2627375.0,2646311700.0,2726690800.0,774.0696,0.017999828,1.7475109,-1.000001,0.13562614,0.4959765,0.084361255,-0.046121635,-2.2466164e-05,0.014084954,18.235155,-1.000001,-1.000001,7.531761e-06,0.0060972013,0.0,27.487823,27.418625,35.171833,-1.000001,-1.000001,4754.6914,6.67695e-06,881761.3,102682.69,-307976.5,807155.56,1072497.0,-247378.38,-314439.0,-170996.88,1245000.0,934049.6,1272300.0,1368119.0,2100794.0,1413900.0,1686538.0,-988716.4,-1019616.2,522258.0,5.0587187e-06,1.9042282e-06,55.516037,0.09032369,1302.2412,-1.1033897,-206.66333,7.663452,0.53515625,24.209137,1.2426914750000002e-05,0.0,48235.0431,4918.6055482833335,1.134067046666667e-07,2.001886983333333e-07,19.057037266666665,0.0,0.0,0.001942975,3.271105666666667e-08,0.0,269.8294183333333,9.282138116666667,-5.694662686666667,0.2029528916666666,-1.7761666666666666e-05,-1.4351933357142858e-05,0.0,131256.91857142857,13384.480792857144,2.1126480857142857e-07,2.444047585714286e-06,17.157970857142857,0.0,1.8453069185714284e-05,0.0,216.95469,39.52641485714286,-1.5215988857142857,0.0561861307142857,-2.8085714285714285e-05,8.661245000000004e-07,233852.5475,23846.3234125,7.0378906e-06,5.380795175e-05,1.005457475,3.0460037e-06,217.8989,5.082634175,1.904704875,-0.0006900315,-8.565e-06,7.522714333333333e-06,328514.12666666665,33499.118116666665,1.3082219833333331e-05,0.0004160636666666,0.047959374,3.375011433333333e-06,231.03246666666664,0.2278536666666666,-1.5099222666666667,-0.00065657,-1.1396666666666664e-05,1.8931208e-05,442139.625,45085.6944,6.5233435e-06,0.0031586929999999,0.000630675,3.7832606e-06,257.272585,11.114664,3.1096602,-0.000747821,-5.9125917650000005e-06
-79.57463450478228,-1.486062,0.45499533,288.4851,296.79907,101563.56,100523.5,271.45996,271.45972,271.45996,294.94507,-2.373105,0.84889936,-1.4129038,0.4256184,3.3974047,-5.4417114,5.0181046,0.19256192,0.17425585,0.06857222,0.06440544,1323.0098,0.00022651671,0.07496512,0.19250137,0.20618647,0.0,0.01936232,-2.2415225e-07,2.671367e-06,0.0002746582,0.031725798,-0.00018310548,-0.012720317,1.61771e-06,0.02035955,2.1648766e-06,0.0,0.00077967346,-2844.4119,-32.70479,0.00054655713,0.00018917487,3.821132e-09,2518.3699,-11.8959465,16035236000.0,34614460000.0,81254690.0,147930.0,0.043139357,50799223000.0,27.396881,2979.4065,2340939.0,10241.379,-2.8409646e-05,-1665070500.0,-7268467000.0,-4728747.0,-27523.445,-0.0040572435,-8989054000.0,-20.711212,2656457700.0,2723120400.0,2628094.0,2646851600.0,2725471200.0,479.6443,0.017999224,0.27440023,-1.000001,0.13562614,0.49600905,0.1060977,-0.052108925,-1.0131549e-05,0.017579105,14.417855,-1.000001,-1.000001,1.0042882e-05,0.0060839057,0.0,26.719757,26.699387,35.155163,-1.000001,-1.000001,4760.4688,1.1799771e-05,376812.62,48391.86,-150352.81,334779.8,536545.5,-201428.62,-295641.44,-16423.004,630304.4,387349.75,1271292.0,1371861.0,1263291.0,730122.6,953967.0,-975907.75,-1013163.2,145349.0,5.04345e-06,6.7563196e-06,75.54114,0.8465955,1354.0647,-3.3108587,-207.5809,4.1948824,1.003561,60.05072,-5.707542183333333e-06,0.0,48261.55653333333,4921.309166,1.13045729e-07,2.1102336866666666e-07,21.19967533333333,0.0,0.0,0.0020281773333333,5.2535938333333334e-08,0.0,269.69091333333336,9.6438186,-5.06647239,0.2895626133333333,-2.1750794241e-05,-1.1439570442857142e-05,0.0,131293.18785714285,13388.17923142857,2.052064557142857e-07,2.1442578e-06,16.657507857142857,0.0,1.772233681428571e-05,0.0,216.9061514285714,39.66734342857143,-1.032081852857143,0.0389720528571428,-3.2142857142857144e-05,7.64441575e-06,233894.3425,23850.5853175,7.011701675e-06,5.307150375e-05,1.02762686,3.044623975e-06,217.6387325,5.526348525,2.042140475,-0.0035751765,-8.0525e-06,8.06167456e-06,328494.1066666667,33497.076643333334,1.3063644333333332e-05,0.000415155,0.0490071193333333,3.3755101333333337e-06,231.2315166666667,-0.1410446413333333,-1.8214733666666667,0.000196616,-1.4233333333333331e-05,2.44947295e-05,441903.13,45061.578625,6.5881105e-06,0.00302104,0.0007281995,3.77755535e-06,256.54838,11.403426,0.5066695999999999,2.578950000000008e-05,-1.6525000000000002e-05
-79.56344898161973,-1.3841286,0.5001537,289.34644,293.17847,101590.06,100547.25,271.45996,271.45996,271.45996,292.32275,-2.1595001,0.8425207,-0.65602106,0.21028298,2.9150753,-5.442479,4.409789,0.19252229,0.17423743,0.06858283,0.06441891,1862.9297,0.009881023,0.07886946,0.14843667,0.19059753,2.4488283e-05,0.010239888,4.7831276e-07,8.7697526e-07,0.0010277659,0.014607869,-0.00077819824,-0.0013266427,0.0,0.007539671,0.0,0.0,0.0,-2028.4414,-49.374176,-0.0028980214,-0.00013537152,3.9177763e-09,911.89136,-1535.9429,15861343000.0,34572595000.0,78304020.0,147389.31,0.041421443,50592092000.0,31.641373,2116.1611,2285400.0,10243.766,0.00096363644,-1196998900.0,-5625249300.0,-2804233.0,-21003.852,-0.0033910205,-6858411500.0,-12.727291,2657673200.0,2726151700.0,2629168.0,2648085800.0,2728426500.0,222.43971,0.018000022,0.1746183,-1.000001,0.13549882,0.49596494,0.06106248,-0.013301823,-1.0486356e-06,0.0055629015,10.788864,-1.000001,-1.000001,7.4831123e-06,0.0060710125,0.0,27.425034,27.414764,35.0172,-1.000001,-1.000001,4764.367,3.3305796e-06,49320.098,12832.109,-42858.203,78683.375,95964.19,-201818.75,-263200.62,32109.148,122729.31,91317.125,1254750.0,1313365.0,337849.5,203933.94,226923.12,-989666.4,-1003458.6,28686.629,1.1419124e-06,2.0935076e-06,39.451263,0.2503705,1252.2019,-43.257767,-138.78154,121.150375,19.938675,54.492493,-8.252878916666667e-06,0.0,48293.751566666666,4924.59214575,1.134835091666667e-07,2.241174366666667e-07,27.418157666666666,0.0,0.0,0.0022199568333333,9.91243833333333e-10,0.0,269.5361633333333,10.614783433333333,-4.248877316666667,0.27130115,-2.908356485e-05,-1.1345612428571429e-05,0.0,131362.42857142858,13395.239818571428,2.0360813285714285e-07,1.8995702428571427e-06,16.805834642857143,0.0,1.8049410842857144e-05,0.0,216.76485428571428,38.89499314285714,-0.7018881614285714,0.0388178954285714,-3.3728571428571426e-05,1.4107074425e-05,233906.97,23851.8729625,7.0398175e-06,5.33804815e-05,1.0501201325,3.04320995e-06,217.3964925,5.22484291,1.7610359250000005,-0.0033265015,-1.0165e-05,-1.995891e-06,328471.99666666664,33494.82205333334,1.3018212666666668e-05,0.0004191486666666,0.0496217436666666,3.377004133333334e-06,231.68412666666663,-0.2431079666666666,-0.6835021666666666,0.0006492733333333,-1.7833333333333334e-05,-2.88645504e-05,441744.18,45045.37023,6.53817e-06,0.0031821704999999,0.000662559,3.782323e-06,258.81496000000004,12.21384525,-0.8329292319999999,0.000824283,-1.535e-05
-79.55226345845719,-1.1069584,0.7628294,289.52588,292.781,101635.0,100591.625,271.45996,271.4602,271.45996,290.8069,-1.6728745,1.2593994,-0.38506144,0.24304104,3.0359373,-5.442647,2.3966942,0.19248706,0.17419899,0.06860584,0.0644384,1910.2603,0.080049574,0.08805978,0.11758149,0.217718,0.0001832854,0.005914796,1.646103e-07,2.2103995e-06,0.005800709,0.0047529116,-0.00033569336,-0.00070112245,0.0,0.0,0.0,0.0,0.0,-1684.5696,-35.31598,-0.0047256686,-0.0001068312,3.923648e-10,-15.838401,-1960.5042,15946891000.0,35099832000.0,79700560.0,149355.06,0.041263323,51237950000.0,45.121475,1774.8533,2318466.0,10248.18,0.0015074397,-1012982800.0,-5040020000.0,-2016211.0,-18542.938,-0.005414825,-6063618000.0,-3.8739567,2659172900.0,2728088000.0,2630613.0,2649576200.0,2730403600.0,70.556015,0.018001359,0.0,-1.000001,0.13549882,0.49595183,0.05766129,-0.005636666,-5.6348756e-07,0.004763726,8.277942,-1.000001,-1.000001,7.08457e-06,0.0060651824,0.0,27.597443,27.590698,35.57602,-1.000001,-1.000001,4767.992,0.0,0.0,0.0,-9782.652,3.5999988e-12,0.0,-199049.38,-224770.56,27529.277,0.0,0.0,1237536.0,1260872.0,0.0,0.0,0.0,-984303.5,-986914.94,0.0,0.0,0.0,15.628341,-0.19424152,1168.0164,-77.88173,-79.824844,294.18115,75.3475,69.05939,-1.6462488333333334e-05,0.0,48347.63393333333,4930.0866182,1.1320606433333333e-07,3.467031890000001e-07,31.793082916666663,0.0,0.0,0.0023698906666666,0.0,0.0,269.34977,10.7928828,-4.1429513,0.2301096133333333,-1.2975938166666666e-05,-7.924087714285715e-06,0.0,131411.115,13400.204454285717,2.081786742857143e-07,2.0389061285714286e-06,17.594875714285713,0.0,1.9724743928571427e-05,0.0,216.7909985714286,39.09345142857143,-0.3677218857142857,0.0143174587142857,-2.838571428571429e-05,1.231373e-05,233882.2525,23849.35248,7.0286084e-06,5.262983225e-05,1.0878145625,3.04215385e-06,217.2073025,5.4674795750000005,1.27906755,0.00284365075,-1.42e-05,-8.392008333333335e-06,328463.0333333333,33493.90804666667,1.3017607e-05,0.0004141386666666,0.0513095239999999,3.3765821666666665e-06,231.43603,-0.4473381666666666,-2.010804733333333,0.0001660766666666,-1.6156666666666667e-05,-2.695e-05,441706.95,45041.57383,6.4779177000000005e-06,0.003341628,0.000612135,3.7844856e-06,258.827685,12.325879,-2.908,-0.000130835,-4.4150000000000003e-07
-79.54107793529464,-0.79063916,0.23378843,289.604,293.59326,101698.31,100653.56,271.4602,271.45996,271.45996,290.34253,-1.1326561,1.0575075,-0.17955011,0.07217467,2.071272,-5.4419804,0.7405241,0.19244128,0.17417145,0.06862581,0.06445491,3141.4966,0.13681632,0.15455014,0.009075981,0.26936156,0.0004821599,0.007937357,5.3615804e-07,-3.378555e-07,0.014861155,0.0061914995,0.0005493164,0.00061604916,0.0,0.0638957,0.0,1.0,0.0,-603.6704,-18.50032,-0.001504672,-0.00035248185,6.222198e-09,369.38843,-1237.5715,15808237000.0,34889294000.0,79505750.0,148449.56,0.03914782,50932744000.0,61.392227,646.0393,2296763.0,10254.703,0.0015451389,-813032800.0,-4835989500.0,-1287869.0,-17448.332,-0.0049504675,-5672289300.0,-8.927233,2660857900.0,2731315000.0,2632144.0,2651273000.0,2733598500.0,31.761856,0.018000335,0.0,-1.000001,0.13549882,0.49595702,0.038168952,-0.0014688473,-1.1793992e-07,0.0013461006,5.305052,-1.000001,-1.000001,6.9239577e-06,0.006054938,0.0,28.21167,28.203262,36.366596,-1.000001,-1.000001,4772.2656,0.0,0.0,0.0,-5567.0312,3.5999988e-12,0.0,-172710.38,-209516.19,15862.199,0.0,0.0,1226970.0,1272052.0,0.0,0.0,0.0,-953919.1,-974225.94,0.0,0.0,0.0,24.059906,-0.3252663,942.31445,-65.93239,-37.409195,322.05396,109.347336,51.471664,-1.8164056266666667e-05,0.0,48406.98411666667,4936.138652533334,1.1213080333333337e-07,4.058955e-07,37.93623275,0.0,0.0,0.0026040701666666,0.0,0.0,269.07932166666666,10.451544933333333,-4.18503425,0.1886038566666666,3.21627675e-06,-3.983836142857142e-06,0.0,131445.42785714284,13403.703391428571,2.107262857142857e-07,2.1310504142857145e-06,16.453504928571427,0.0,1.810212024285714e-05,0.0,216.87311285714284,39.53199728571428,-0.1291884071428571,-0.0003060645714285,-2.5865714285714286e-05,5.210899249999999e-06,233880.095,23849.1324775,7.034667975e-06,5.222314225e-05,1.0843196875,3.04157085e-06,217.236165,5.31282629,0.6552307499999999,0.00244124475,-1.7775000000000002e-05,1.2758271666666666e-06,328476.6666666667,33495.29826,1.3033291e-05,0.0004130646666666,0.0521869,3.3758730333333334e-06,231.14827,-1.57027582,-1.9982299533333328,-0.0007646793333333,-1.2331465166666666e-05,9.5306978e-06,441741.5,45045.09695000001,6.5040649e-06,0.003435591,0.0006815285,3.782518400000001e-06,257.51867,12.7169915,-7.09226815,-0.0005944115,5.3279741e-06
-79.52989241213209,-0.16641366,-0.30861878,289.65723,293.3977,101745.875,100700.25,271.45947,271.45996,271.45996,289.68237,-0.6145135,0.5769932,-0.03485576,-0.058277767,1.3376045,-5.442358,0.90278256,0.19240606,0.17414224,0.06865513,0.064465284,802.1963,0.42273176,0.23093325,0.04010828,0.572327,0.002074795,0.011855848,-4.2671724e-07,-1.0282702e-06,0.06744546,0.01385567,0.0046140887,-0.0031371044,0.0,0.04999177,0.0,1.0,0.0,-1238.6838,-20.677292,-0.0037405237,-0.00021293237,5.822496e-10,-30.113907,-1734.5381,15787637000.0,34772010000.0,82141210.0,148109.25,0.038003545,50835263000.0,77.906876,1257.27,2312554.0,10259.383,0.0003278763,-565454500.0,-4692624000.0,-196006.38,-16499.23,-0.0036421807,-5323454000.0,-25.603302,2661571800.0,2734378000.0,2632644.0,2651955200.0,2736696300.0,14.074612,0.018000487,0.0,-1.000001,0.13549882,0.4959514,0.022831853,-0.00027031335,-1.533462e-07,-0.00046496978,5.6439695,-1.000001,-1.000001,6.9180105e-06,0.006046638,0.0,29.169998,29.155487,36.76051,-1.000001,-1.000001,4773.617,0.0,0.0,0.0,-2349.2278,3.5999988e-12,0.0,-160192.75,-208367.06,5627.914,0.0,0.0,1221585.0,1273308.0,0.0,0.0,0.0,-957315.06,-966703.56,0.0,0.0,0.0,211.0117,-0.9024577,708.7522,-14.905076,-2.336154,139.75401,68.98604,20.697983,-1.4801230556666668e-05,0.0,48433.7219,4938.865147766667,1.1100132666666669e-07,4.354363100000001e-07,43.5590915,0.0,0.0,0.0028411095,0.0,3.985725e-09,268.93371666666667,10.023907206666667,-4.216810813333333,0.286301099,1.0710943666666663e-05,5.65993442857143e-07,0.0006690689999999,131447.99071428573,13403.964730000002,2.102220928571429e-07,2.0653319142857143e-06,16.045643714285713,1.3612244285714286e-08,1.740356897142857e-05,0.0,216.89289142857143,40.42513557142858,0.0884917528571429,-0.0183127892857142,-2.6157142857142857e-05,-1.3200764925e-05,233881.36,23849.26147,7.1006758e-06,5.175636425e-05,1.0424458125,3.043016725e-06,217.68958,4.8096719,0.2892101849999999,0.005910852,-1.8775e-05,3.846928e-06,328478.25333333336,33495.460053333336,1.3029218666666668e-05,0.00041219,0.0509499619999999,3.3772473333333334e-06,231.3784633333333,-1.5854937666666666,-1.9216944433333327,0.0016699706666666,-1.4636666666666668e-05,1.775916e-05,441916.25,45062.91649,6.48341365e-06,0.0035775105,0.000720148,3.78534565e-06,257.28824,9.210885,-10.1180845,0.0005360565,5.569851e-06
-79.53658669333572,-0.44336945,-0.08605409,289.5652,292.65894,101722.5,100676.625,271.45947,271.45996,271.45996,289.1516,-0.54937834,0.94855595,-0.034281515,-0.007387977,1.5856686,-5.441865,0.28823704,0.19236642,0.17411464,0.0686751,0.064487875,722.6526,0.45405847,0.12181008,0.040806796,0.5185693,0.0048878714,0.0075937547,1.0156027e-06,-4.7599025e-07,0.16369385,0.008999806,0.013359081,-0.00387912,0.0,0.064712346,0.0,1.0,0.0,-972.4829,-1.0781336,-0.00052338815,6.14632e-05,2.6019331e-09,524.2019,-119.77379,15810749000.0,34410320000.0,85999740.0,147092.69,0.03717222,50498990000.0,76.37384,983.4158,2359071.0,10257.008,-9.12872e-06,-237232560.0,-4019848700.0,1374615.0,-13632.273,-0.0013766715,-4317115000.0,-24.193985,2660746500.0,2733432800.0,2631827.0,2651148500.0,2735788000.0,14.444924,0.017999504,0.07483637,-1.000001,0.13549882,0.4959613,0.031605966,-0.00033577764,-5.029007e-08,0.0021674323,3.6905904,-1.000001,-1.000001,6.935853e-06,0.006040167,0.0,29.116867,29.103577,36.506798,-1.000001,-1.000001,4775.465,0.0,0.0,0.0,-444.29126,3.5999988e-12,0.0,-182530.81,-201715.5,4053.2476,0.0,0.0,1218606.0,1230874.0,0.0,0.0,0.0,-937993.94,-959638.75,0.0,0.0,0.0,222.39423,-0.10307902,790.1406,0.94817746,8.902716,103.02675,50.531036,14.944553,-1.5836305e-05,0.0,48426.6978,4938.148888816667,1.1038757166666669e-07,4.4028703833333333e-07,46.230621500000005,0.0,0.0,0.0029303621666666,0.0,4.370323833333335e-08,268.850705,9.440121886666669,-4.267254091666667,0.2081076718333333,8.131266266666666e-06,5.023776957142857e-06,0.0033463015714285,131406.06214285715,13399.689207142856,2.064810042857143e-07,1.9278725285714284e-06,17.063423142857143,3.4030611428571434e-08,1.7384668414285714e-05,0.0,216.6759157142857,41.21772114285714,0.7851301571428573,-0.0403156304285714,-3.014857142857143e-05,-1.6168141e-05,233846.0175,23845.6575375,7.116825625e-06,5.126455275e-05,1.0325287925,3.043158825e-06,217.6844775,4.459371625000001,1.03590827,-0.00299364825,-1.2805e-05,-6.5356732333333335e-06,328369.10333333333,33484.32985,1.3022143166666666e-05,0.000413366,0.0476431673333333,3.3801371e-06,231.80433,-1.9900418466666665,-1.7399714933333332,0.0010284316666666,-1.5206666666666666e-05,1.0386799e-05,441759.91,45046.974245000005,6.460265849999999e-06,0.003698515,0.0006766985,3.7920458e-06,256.99755,7.4615595,-10.1449775,0.000121199,5.3763965e-06
-79.5855919714722,0.4714715,0.7015565,289.0022,290.55933,101746.0,100700.0,271.45972,271.45996,271.45996,288.76855,0.052306913,1.5372753,0.10843438,0.16597068,2.0444565,-5.442544,1.1562185,0.19233727,0.17408538,0.06869811,0.064507425,6917.9805,0.9424421,0.06063453,0.03859828,0.9495825,0.021620024,0.0039499104,-2.9648627e-06,-9.3849474e-07,0.66567934,0.005754601,0.07921338,-0.000469635,0.0,0.10331619,0.0,1.0,0.0,-111.315445,13.141826,-0.002164858,4.38983e-06,-9.583945e-10,-457.0786,-503.25244,15675241000.0,33946257000.0,85135380.0,145342.44,0.037315153,49908210000.0,81.51413,118.00369,2336098.0,10259.301,-0.00012425683,-19511924.0,-3284077300.0,1777168.0,-10752.293,-0.00018834413,-3323841800.0,-8.699799,2661024800.0,2733046000.0,2632173.0,2651406800.0,2735372000.0,21.525848,0.018000476,0.024945475,-1.000001,0.13549882,0.4959498,0.032494873,0.0038151105,-5.488358e-08,0.005716823,0.26346037,-1.000001,-1.000001,7.0251663e-06,0.006042674,0.0,28.872025,28.834885,36.6326,-1.000001,-1.000001,4778.5664,0.0,0.0,0.0,180.11932,3.5999988e-12,0.0,-173521.94,-189386.94,6231.6523,0.0,0.0,1211211.0,1229525.0,0.0,0.0,0.0,-926427.75,-955199.0,0.0,0.0,0.0,305.08765,0.34150243,1045.634,5.280224,19.003418,139.16377,60.24556,27.069397,-1.9387047e-05,0.0,48457.71783333333,4941.312051983334,1.0972247250000001e-07,4.206607733333333e-07,49.68340066666667,0.0,0.0,0.0029578391666666,0.0,1.2120757e-06,268.58020500000003,8.876666563333332,-4.4084070833333335,0.0833784195,-2.092648383333334e-06,9.50799147142857e-06,0.0017851404285714,131384.9457142857,13397.53593,2.0478008285714289e-07,2.0160889857142858e-06,17.36159442857143,4.767204285714287e-08,1.67167686e-05,0.0,216.5472385714285,41.379582000000006,1.2383861314285711,-0.0367668191428571,-2.61912655e-05,-7.293206e-06,233835.935,23844.62941,7.09307895e-06,5.14445495e-05,1.004527525,3.041706575e-06,217.5199825,4.810510125,1.002229475,-0.00498707375,-7.2853535e-06,-1.24616553e-05,328351.41333333333,33482.52597,1.3040158333333332e-05,0.0004186083333333,0.0455790936666666,3.381149333333333e-06,231.80015666666668,-2.6417692666666666,-0.6927816766666667,0.0002585616666666,-1.3840439e-05,-1.1206e-05,441585.97,45029.237305,6.4305545e-06,0.0038444005,0.0006393785,3.7995675e-06,257.13397,6.1131998,-9.17132785,0.0006954965,8.208296e-06
-79.63526746196037,0.76454836,0.2537269,288.92456,290.2544,101714.19,100667.875,271.45996,271.45996,271.45996,288.8103,0.7904307,1.3038588,0.22506505,0.07445383,1.8545599,-5.442602,1.2286129,0.19230676,0.17406702,0.0687089,0.064514756,2725.2844,0.93216926,0.04820258,0.025091484,0.9383638,0.029797576,0.0029909296,-1.5604764e-06,1.1339516e-06,0.8556018,0.006015349,0.10523009,0.0016163215,0.0,0.098976314,4.770421e-08,1.0,0.0,-924.1355,-11.975901,-0.0015490851,2.5356174e-05,-5.539702e-10,194.76585,-548.6426,15669489000.0,34233928000.0,84496620.0,146347.12,0.03881115,50235773000.0,98.21188,946.6836,2322058.0,10255.965,-0.00060902047,180718500.0,-2716901600.0,1915870.0,-8471.5,0.0008183189,-2545940000.0,-5.27761,2659180800.0,2731103500.0,2630369.0,2649602800.0,2733419800.0,22.087662,0.01799978,0.0,-1.000001,0.13549882,0.4959514,0.029124025,0.007134836,-9.201483e-08,0.004523836,-0.7392216,-1.000001,-1.000001,7.138301e-06,0.0060431175,0.0,28.853394,28.788544,37.07045,-1.000001,-1.000001,4778.8164,0.0,0.0,0.0,396.33862,3.5999988e-12,0.0,-159609.19,-190073.62,10215.281,0.0,0.0,1205121.0,1243062.0,0.0,0.0,0.0,-875861.0,-953502.56,0.0,0.0,0.0,320.43042,0.16687965,1071.1907,20.404297,40.22812,115.73926,49.604736,29.353424,-1.4553745666666669e-05,0.00989597,48431.49808333333,4938.638381383334,1.0933717833333333e-07,4.142972893333333e-07,55.31830383333333,3.37827275e-07,0.0,0.0030091939999999,1.987675166666666e-09,5.571400033333334e-06,268.3007,8.833517500000001,-4.128879763333333,0.1746700795,-2.4939805e-05,6.092112228571428e-06,0.0015621174285714,131297.64428571428,13388.63366142857,2.058652128571429e-07,2.2078683e-06,17.49822342857143,1.3612244285714286e-08,1.6023812571428572e-05,0.0,216.46464571428567,41.27951314285714,1.2499840857142857,-0.0016592127142857,-1.979693064285714e-05,6.075606000000001e-06,233724.925,23833.3095375,7.040249875e-06,5.189526975e-05,0.9947033875,3.039328e-06,217.120025,5.618598275,0.893562325,-0.005806617,-5.762015800000001e-06,1.0086863333333336e-06,328118.75,33458.80091666667,1.3073378e-05,0.0004154386666666,0.046459296,3.3802847e-06,231.05336333333327,-2.466128226666666,-0.3321717333333333,-0.0002775886666666,-1.321399449e-05,4.754815000000002e-06,441193.81,44989.24811,6.44994535e-06,0.0038598245,0.0006734095,3.8033527e-06,255.87756,5.196134150000001,-6.0957037,-0.00111246,1.28320255e-05
-79.6247123393454,0.51771444,0.33191937,288.66113,289.61987,101703.25,100656.81,271.45972,271.45996,271.45996,288.80273,0.6869911,1.3543835,0.15721798,0.10187751,1.6294355,-5.4423723,1.1535645,0.19226372,0.17403775,0.06874108,0.064546466,458.44678,0.9351456,0.0667299,0.0005681736,0.93655676,0.021986283,0.0026849401,-3.831842e-06,3.6797985e-07,0.6494819,0.005696263,0.060413986,0.0046645105,0.0,0.118599296,0.0,1.0,0.0,-1563.1926,-42.652542,-0.0011192693,0.00015394176,-9.03964e-10,1043.2549,-171.5704,15712084000.0,34666820000.0,82674370.0,147885.19,0.039556727,50724490000.0,104.16502,1620.469,2303260.0,10254.879,-0.0009490899,328576030.0,-1819206800.0,1625617.0,-5206.1562,0.0014099232,-1476576000.0,5.5091486,2658845200.0,2729828900.0,2630114.0,2649238500.0,2732123100.0,20.465164,0.017998986,0.0,-1.000001,0.13549882,0.49595726,0.026045468,0.0064799786,-6.8143358e-09,0.0057248957,-1.2765468,-1.000001,-1.000001,7.1918594e-06,0.0060483553,0.0,28.473404,28.418335,37.401302,-1.000001,-1.000001,4742.426,0.0,0.0,0.0,1733.9187,3.5999988e-12,0.0,-166730.19,-195274.75,10933.875,0.0,0.0,1201031.0,1229813.0,0.0,0.0,0.0,-879389.75,-952327.25,0.0,0.0,0.0,377.2163,0.29365653,1067.063,22.401352,45.551926,77.79382,24.62445,11.832043,-1.1208491433333336e-05,0.0395882333333333,48437.30533333333,4939.2305563166665,1.0959221733333332e-07,4.143526831666666e-07,59.026602,3.4205475e-07,0.0,0.0030309505,1.987675166666666e-09,6.549068506666666e-06,268.13838333333337,9.168550116666667,-3.18303615,0.2265647001666666,-4.213487666666666e-05,-4.354593999999995e-07,0.0004460459999999,131266.35642857142,13385.443185714286,2.109979557142857e-07,2.519056185714285e-06,18.01776885714286,1.3612244285714286e-08,1.6214119614285715e-05,0.0,216.38377857142856,40.72993014285714,0.8872898685714287,0.0293731505714285,-7.011658928571429e-06,1.929508e-05,233680.9225,23828.8225325,7.01013215e-06,5.1743343e-05,1.0294427000000002,3.03908905e-06,216.7314475,6.051138375000001,0.379097365,-0.0038984982499999,-1.009e-05,-8.486666666666666e-06,328017.0,33448.425299999995,1.3056667e-05,0.0004172463333333,0.0454624026666666,3.3817726333333334e-06,231.32023,-1.7119793966666663,-0.2961309033333333,0.0026204303333333,-1.201e-05,2.1083484e-05,440666.525,44935.480005,6.562710799999999e-06,0.003797853,0.0008634795,3.7989954e-06,253.9304,3.839468,-6.5841483,-0.000499151,7.3346373e-06
-79.56735460063642,0.20849937,0.25039935,288.6848,289.8628,101647.375,100601.06,271.45972,271.4602,271.45996,287.9978,0.34611595,1.1547441,0.065101266,0.057939295,1.413825,-5.4421406,1.0010386,0.19222409,0.17400241,0.06876409,0.064566255,438.87744,0.9280675,0.082752526,0.00067955,0.9307637,0.01747869,0.0022152183,-1.978703e-06,1.6882296e-08,0.5068261,0.004676111,0.042161442,0.004561268,0.0,0.09853786,0.0,1.0,0.0,-2119.1272,-60.618454,0.0011912233,0.00024016424,8.3005824e-10,2021.2747,464.09546,15812359000.0,35251690000.0,80820980.0,150074.25,0.03970476,51408840000.0,105.04735,2191.7344,2288236.0,10249.184,-0.0012730556,411539650.0,-981324500.0,1133182.0,-2284.1067,0.0019629523,-535763300.0,14.413177,2657697800.0,2726812700.0,2629151.0,2648086300.0,2729108200.0,16.197586,0.017999608,0.0,-1.000001,0.13549882,0.49597156,0.023048688,0.0055346936,8.495704e-08,0.004135374,-2.185124,-1.000001,-1.000001,7.686417e-06,0.006048236,6.1220735e-06,27.72725,27.679749,37.384907,-1.000001,-1.000001,4742.9766,0.0,0.0,0.0,1513.0425,3.5999988e-12,0.0,-158588.88,-193369.0,8688.391,0.0,0.0,1195366.0,1233754.0,0.0,0.0,0.0,-840851.8,-951157.94,0.0,0.0,0.0,373.77686,0.28365922,995.5095,9.383098,38.17978,52.365524,15.675044,10.091765,-1.29205175e-05,0.0401065306666666,48420.63991666667,4937.5311566166665,1.10040115e-07,4.641401433333333e-07,59.110326166666674,2.981359966666667e-07,0.0,0.0029887584999999,0.0,5.873202066666666e-06,268.08700166666665,9.766754066666666,-2.1082612616666667,0.2770878926666666,-5.3516556e-05,-7.506262128571427e-06,0.0,131226.5542857143,13381.384498571428,2.129886442857143e-07,2.5520661857142857e-06,19.920766,0.0,1.859774262857143e-05,0.0,216.29902571428573,40.19474571428572,0.4891615457142856,0.0464788662857142,-6.790870285714285e-06,2.7338548250000003e-05,233595.5025,23820.11212,6.972964625000001e-06,5.141887325e-05,1.063500445,3.0397232e-06,216.347615,5.5107805,-0.3520774999999999,0.0001062942499999,-1.555e-05,9.696539999999987e-07,328022.6666666667,33449.003143333335,1.3086149333333334e-05,0.0004131283333333,0.0439221653333333,3.381233e-06,231.0564433333333,-0.6034609266666667,0.6387002566666666,-0.002234765,-7.726666666666667e-06,-1.146e-05,440267.31,44894.771405,6.512613999999999e-06,0.0039103839999999,0.000860581,3.80266965e-06,254.73088,2.9016361,-5.96682265,0.000453815,6.93152735e-06
-79.57793894031848,0.067806184,-0.17387813,288.70728,289.49243,101612.625,100566.94,271.45972,271.45947,271.45996,287.9021,0.19876254,0.6220618,0.06427181,-0.07830751,1.2376099,-5.4420834,0.88310665,0.19218272,0.1739701,0.068784,0.064579666,463.08887,0.874057,0.041003015,0.0,0.874057,0.004761111,0.0020995822,-3.2391245e-06,3.166508e-07,0.13131928,0.0043622293,0.009589054,0.0039239638,0.0,0.11676067,0.0,1.0,0.0,-1405.8684,-65.81685,-0.0010472578,7.976452e-05,-3.388123e-10,990.4475,-349.51538,16098163000.0,36135318000.0,83154056.0,153566.88,0.041268714,52582277000.0,107.71637,1505.8154,2329323.0,10245.625,-0.0003851296,422363970.0,-315987170.0,229240.25,-90.16728,0.0021262427,152163870.0,18.218811,2657074200.0,2724594700.0,2628681.0,2647500300.0,2726926000.0,14.065019,0.017999817,0.0,-1.000001,0.13549882,0.49598575,0.018054489,0.0072990805,2.7089246e-08,0.0002735774,-0.5008763,-1.000001,-1.000001,8.204637e-06,0.0060454234,0.0,27.04863,27.032303,38.247337,-1.000001,-1.000001,4781.215,0.0,0.0,0.0,905.95215,3.5999988e-12,0.0,-143526.0,-197481.44,4407.25,0.0,0.0,1193131.0,1252600.0,0.0,0.0,0.0,-757871.6,-945661.9,0.0,0.0,0.0,432.88672,0.7077425,1060.9111,2.8084269,22.702484,45.793365,20.85196,9.137864,-1.0155094416666666e-05,0.0164145433333333,48411.55703333334,4936.6049601,1.10331485e-07,5.831997183333333e-07,57.99011883333333,6.361294833333335e-08,0.0,0.0029407954999999,0.0,2.58289825e-06,268.08703,10.297202593333331,-1.0747089733333333,0.1746095734999999,-6.211980216666667e-05,-7.953656728571428e-06,0.0,131220.85571428572,13380.803404285714,2.112887042857143e-07,2.3335686571428573e-06,18.660984428571428,0.0,1.703383707142857e-05,0.0,216.23117285714287,40.639292857142856,0.1011169514285714,0.0676815592857142,-1.4071427957142856e-05,2.1370631e-05,233512.4225,23811.6403175,6.9615349e-06,5.099079775e-05,1.078780325,3.04144215e-06,216.236835,5.479795675,-1.043864675,0.00380780875,-2.22325e-05,1.2579807333333332e-05,327955.6866666667,33442.17308,1.3079121833333332e-05,0.0004027333333333,0.0489858333333333,3.379168733333333e-06,230.22272666666663,-0.1026249333333333,0.5187137000000002,-0.002410094,-1.0474031786666666e-05,-6.58e-06,440128.47,44880.613665,6.51762935e-06,0.0039304805,0.0009265405,3.80334585e-06,254.505035,2.9280319500000003,-5.001882650000001,-0.0004195034999999,9.84962425e-06
-79.61391804082318,0.2644648,-0.5970911,288.21997,288.57056,101620.31,100573.56,271.45972,271.45972,271.45996,287.79443,0.08925456,-0.28295648,0.22888446,-0.45965886,1.4194927,-5.441642,1.258832,0.19214916,0.17394394,0.068803966,0.064596176,456.7644,0.28947085,0.025999673,0.000116319396,0.30012876,0.0017710926,0.0019043339,-3.190542e-06,-6.908067e-08,0.036942195,0.003678108,0.00567678,0.002960205,0.0,0.09726876,0.0,1.0,0.0,-732.42456,-105.36833,-0.00075164414,-5.0775387e-05,-1.2454964e-09,498.11108,-466.0703,16390019000.0,36720742000.0,90628920.0,156154.06,0.042402297,53482893000.0,112.92105,854.0398,2426786.0,10246.387,6.5649176e-05,289192450.0,-179022980.0,-2212066.0,39.37137,0.0012345004,133030580.0,9.869988,2656917000.0,2724072700.0,2628569.0,2647330600.0,2726499600.0,16.053223,0.017999798,0.0,-0.8748704,0.13549882,0.49601185,0.02654083,0.011086557,4.5367603e-08,-0.010885842,1.2609162,-0.85316974,-0.84580064,9.13425e-06,0.0060554408,0.0,26.895142,26.887375,38.478024,-0.8748704,3.2297354,4779.59,0.0,0.0,0.0,-185.99478,3.5999988e-12,0.0,-123825.56,-200957.44,4920.875,0.0,0.0,1187465.0,1276663.0,0.0,0.0,0.0,-841249.44,-949022.3,0.0,0.0,0.0,389.3667,0.1530211,1086.1775,11.0569725,32.943756,43.70967,-8.351067,-20.088516,-8.377893333333337e-07,0.0112083256666666,48401.85235,4935.615357866666,1.10275294e-07,6.16406873495e-07,58.65886766666667,2.6255924666666666e-07,3.180280333333333e-08,0.00295248,0.0,1.0095232e-06,268.0293383333333,10.105203205,-0.3262172066666666,0.0827829266666666,-6.560342633333333e-05,-1.1667593342857142e-05,0.0,131230.36571428573,13381.773154285716,2.066381857142857e-07,2.1186445428571422e-06,18.71188771428572,0.0,1.6283584314285714e-05,0.0,216.0965157142857,42.221642714285714,-1.03821845,0.076838531,-1.284461914285714e-05,-1.03616235e-06,233465.0775,23806.81247,7.018998175e-06,5.180669875e-05,1.0652257425,3.044597625e-06,216.697845,5.33500184,-1.094370825,0.00591525425,-2.256e-05,5.884315333333334e-06,327914.42,33437.96505666667,1.3027079333333332e-05,0.00040311,0.0555614723333333,3.378034e-06,230.04898666666668,0.6923211666666668,-0.4813203666666665,-0.0007095846666666,-1.4066666666666664e-05,-8.160118e-06,439964.82,44863.92601,6.56003465e-06,0.0040090925,0.0011349469999999,3.8013941e-06,254.229735,2.51271965,-4.1900945,-0.0004449634999999,1.22088335e-05
-79.5289217241262,0.3052714,-0.7601768,288.29175,288.52075,101618.0,100571.625,271.45972,271.45972,271.45996,287.61157,-0.3121593,-0.58166677,0.26463127,-0.48744488,1.7103262,-5.440897,1.1199846,0.1921109,0.17391634,0.06882697,0.06461877,402.62598,0.7429229,0.09885883,0.000116319396,0.77418125,0.009336337,0.0019042008,-7.4864756e-06,4.7091055e-07,0.17420602,0.0029433758,0.028697979,0.000579834,0.0,0.08091223,0.0,0.0,0.0,-625.5598,-68.02484,-0.0017137604,-2.3189437e-05,-1.3520856e-09,63.082336,-666.6504,16762028000.0,37215617000.0,102820344.0,158663.25,0.042094678,54364955000.0,114.74043,708.4607,2589305.0,10246.199,0.0002274539,223201660.0,-21324532.0,-3338977.0,395.11304,0.000631141,202577070.0,1.9827433,2656028400.0,2723245300.0,2627679.0,2646443500.0,2725849000.0,26.095474,0.018000055,0.22493547,-0.8748704,0.13549882,0.4960578,0.035414547,0.011765085,4.409231e-08,-0.012513004,4.821652,-0.8543063,-0.8474627,1.0707539e-05,0.006058056,0.0,26.927124,26.910019,38.71063,-0.8748704,3.2171974,4739.074,0.0,0.0,0.0,4060.9683,3.5999988e-12,0.0,-145341.75,-207967.0,2572.2952,0.0,0.0,1183701.0,1248054.0,0.0,0.0,0.0,-879950.7,-952114.25,0.0,0.0,0.0,407.09106,-0.027395062,1924.2617,1.4351578,34.926483,65.24396,-36.793076,-40.157837,-3.027059e-06,0.0820406405,48367.639116666665,4932.1265793,1.1008306000000001e-07,4.854492158383333e-07,61.40705633333334,2.297915488333333e-06,7.309936666666667e-07,0.0030071306666666,0.0,1.8248716166666669e-06,267.80877166666664,9.404742096666666,0.3837980683333333,0.0184348156666666,-6.724252549999999e-05,-1.1448072e-05,0.0,131214.66999999998,13380.172637142856,2.004022185714286e-07,1.8474999355714283e-06,28.101817142857147,0.0,3.342912071428572e-05,0.0,215.86361857142856,43.78306385714286,-0.4163854528571429,0.0796090985714285,-3.646746428571429e-05,-1.6711755e-05,233423.7675,23802.6000225,7.091249775e-06,5.346126225e-05,1.074956225,3.0476949e-06,217.2641725,4.5578799750000005,-0.4289353000000001,0.00327880475,-1.4657e-05,-2.0067236666666665e-06,327856.83666666667,33432.093186666665,1.3005049e-05,0.0004078573333333,0.058074969,3.3775319666666666e-06,230.1404733333333,1.1745864966666668,-1.1121944,0.0006461736666666,-1.4233333333333331e-05,1.30181235e-05,439799.16,44847.03339,6.60323215e-06,0.003980535,0.001295762,3.7995147e-06,253.404455,2.5776940999999995,-3.06724395,-4.80225e-05,1.1465807e-05
-79.57456914818597,0.25884426,-0.80591416,289.64307,290.11548,101637.75,100589.94,271.45972,271.45972,271.45996,288.06714,-0.7674877,-0.98676234,0.23628324,-0.67207754,1.7320433,-5.43882,0.016253926,0.19207561,0.1738993,0.06884086,0.06462914,127.18852,0.0066687725,0.8679708,0.000116319396,0.8679708,1.2180408e-05,0.0053582527,-3.1497226e-08,-7.630938e-07,0.0008576901,0.0028095574,-0.00044250512,-0.0016035209,0.0,0.011224244,0.0,0.0,0.0,-747.2964,-43.41559,-0.002021128,-0.00016806742,-1.8761894e-09,235.48033,-960.6929,17239478000.0,38123557000.0,109316030.0,162608.94,0.042763416,55746210000.0,110.438126,801.2842,2732954.0,10248.078,0.0007120699,305257440.0,925666940.0,-3382783.0,3624.657,0.0029017108,1258010400.0,12.124049,2657064000.0,2728290000.0,2628324.0,2647458300.0,2731019300.0,31.340103,0.01799865,0.22493547,-1.000001,0.13537145,0.4961952,0.044847492,0.011733536,4.4665921e-07,-0.016849454,6.0366044,-1.000001,-1.000001,1.4837413e-05,0.00604954,6.1220735e-06,28.522263,28.515778,38.80776,-1.000001,-1.000001,4739.1484,0.0,0.0,0.0,4066.6096,3.5999988e-12,0.0,-121467.5,-204599.0,-3638.624,0.0,0.0,1176233.0,1273431.0,0.0,0.0,0.0,-892762.7,-947354.9,0.0,0.0,0.0,856.0593,0.25215405,2044.1829,-18.344238,33.993607,79.44014,-44.434418,-52.00244,-3.691851166666665e-06,0.0486819828333333,48372.52106666667,4932.62439945,1.112593766666667e-07,3.6114302e-07,63.13243716666667,7.929953e-09,1.7797346666666669e-06,0.0031717486666666,0.0,2.741601e-07,267.86078,10.4198829425,1.501673025,0.1580488485,-5.866866666666666e-05,-5.101634514285715e-06,0.0,131293.0007142857,13388.160148571427,2.0154323e-07,1.7868863957142858e-06,26.02689342857143,0.0,2.997991812857143e-05,0.0,215.91523,44.05599771428571,-0.2966802528571427,0.0370699675714285,-2.9350290428571422e-05,-1.4774927000000002e-05,233562.9975,23816.7975325,7.03162875e-06,5.272220025e-05,1.0415809875000002,3.0484482e-06,217.3748125,3.87282356,0.9619304225,0.0010539785,-8.163e-06,-7.1867352e-06,327971.33,33443.768260000004,1.3019293333333331e-05,0.00040625,0.0523692416666666,3.3774589333333336e-06,230.51868,0.3923686533333333,-0.4020602533333333,0.0009512079999999,-1.29e-05,1.34288715e-05,439766.68,44843.721355,6.6799844e-06,0.0039065455,0.00123704,3.8022809e-06,253.18854,2.14636034,-2.9245335,0.0005593345,4.522884999999999e-06
-79.58131526098674,0.55830884,-0.6837935,289.35913,289.9807,101669.81,100621.5,271.45996,271.45972,271.45996,289.4109,-0.055766623,-0.6654494,0.6186565,-0.7796874,2.5954342,-5.4381695,-16.865173,0.19203597,0.17386872,0.06886387,0.06464869,203.00644,0.011933684,0.8669877,0.012335047,0.87903774,9.164834e-05,0.012009613,-1.2234136e-07,1.0079848e-06,0.001148693,0.0049693473,8.909483e-05,0.0010837347,0.0,0.56495994,0.0,1.0,0.0,-489.71118,-73.27739,-0.0015076837,-6.9960835e-05,1.9890776e-09,-89.190475,-828.9016,17336234000.0,37899837000.0,114506640.0,162146.0,0.04163617,55617417000.0,106.30211,557.3281,2810135.0,10251.277,0.0015485159,470260930.0,1896326700.0,-1968930.0,7207.418,0.0028758491,2404465400.0,16.871613,2657615000.0,2729375000.0,2628823.0,2648020200.0,2732193500.0,44.429535,0.018000841,0.14993393,-1.000001,0.13537145,0.49623471,0.06579363,0.019792065,-2.6297694e-06,-0.016575404,6.964868,-1.000001,-1.000001,1.5922138e-05,0.0060599744,1.2212277e-05,28.74234,28.729568,38.809032,-1.000001,-1.000001,4737.7266,0.0,27762.71,7700.8516,-4428.6016,57420.805,63333.53,-108382.06,-214945.12,-30482.586,80369.69,67161.375,1169925.0,1293238.0,235003.38,141181.38,156771.56,-895490.1,-948068.2,11942.742,0.0,0.0,1932.2195,-0.08366048,1588.0884,3.5646772,62.538742,59.39435,-13.401425,-47.271362,-3.898590833333333e-06,0.040354748,48372.30198333333,4932.602059116666,1.11477259e-07,2.79755284e-07,62.67309866666667,1.988896333333333e-08,2.9714841666666664e-06,0.0031980521666666,0.0,0.0,267.8649266666667,9.773677183333334,2.6889301566666663,0.054019232,-5.1303166666666674e-05,-8.622068428571428e-06,0.0,131323.14285714287,13391.233791428573,1.999062542857143e-07,1.68031082e-06,27.247238,0.0,2.880202482857143e-05,0.0,215.75489857142853,44.57487271428572,-0.0214048071428571,0.0251886414285714,-3.01504511e-05,5.111687499999998e-07,233597.67,23820.3331425,7.0366614e-06,5.254210125e-05,1.0249212825,3.04821125e-06,217.38254,3.756926075,1.4759025500000005,-0.00148811,-7.47032e-06,7.084330000000007e-07,327981.62,33444.817546666665,1.3060838333333334e-05,0.000398658,0.0528278056666666,3.3759203666666667e-06,229.84086,-0.3786493666666666,-1.1230601866666667,-0.001347347,-1.1673333333333334e-05,8.379350999999999e-06,439525.55,44819.132935,6.662084799999999e-06,0.0038389204999999,0.001100222,3.8048551e-06,253.63289000000003,1.85272785,-2.53836395,0.00028942,1.935284999999987e-07
-79.54028830259564,0.6337876,-0.50000125,289.28955,289.86182,101749.25,100699.0,271.45996,271.45996,271.45996,292.79565,0.7717492,-0.5528777,0.7824065,-0.6422467,3.1146574,-5.439685,-45.73575,0.1919946,0.17383945,0.068883836,0.06467128,145.63171,0.39649493,0.48567945,0.045170207,0.73151356,0.004108209,0.013209384,-2.5637582e-06,-1.7999338e-07,0.068693995,0.015463281,0.02318807,0.012809109,0.0,0.47405803,0.0,1.0,0.0,803.31714,28.479294,-0.002931432,-8.571733e-05,2.747351e-09,-1487.627,-914.15063,17149165000.0,37176082000.0,114909280.0,159398.56,0.039767295,54708830000.0,106.75072,-804.97437,2796854.0,10259.172,0.0009110372,1131146800.0,3643908900.0,2210089.0,14349.457,0.0047896206,4824865000.0,18.85048,2659538200.0,2731862000.0,2630669.0,2649944000.0,2734641700.0,80.48146,0.017999373,0.05002149,-0.46367323,0.13537145,0.49613506,0.060812414,0.027692474,-1.2525423e-05,-0.016275048,7.4974203,-0.9863224,-0.9863224,1.282448e-05,0.006056886,3.0517578e-05,28.970413,28.95195,38.743496,-0.3638913,-0.07701832,4737.4766,0.0,319014.12,47187.973,-55122.06,353647.3,466854.5,-133669.19,-238873.31,-122866.94,551306.94,410594.44,1171997.0,1312981.0,1135226.0,716959.0,847587.9,-907004.4,-951961.5,109764.375,0.0,0.0,1217.3201,-0.24432462,1737.1914,36.220673,98.14589,57.875244,-9.419296,-50.06253,-3.582242466666667e-06,0.0393241846666666,48423.44443333333,4937.817137749999,1.1130390433333336e-07,1.658225221666667e-07,64.233935,1.3035638266666668e-06,1.2696590333333332e-07,0.0032671675,1.987675166666666e-09,6.239629016666666e-07,267.86798500000003,9.274779061666669,3.8050164133333335,-0.0940179718333333,-4.647316666666667e-05,5.968795857142856e-06,0.0,131373.66214285715,13396.385322857142,1.9397131285714285e-07,1.456578457142857e-06,34.34554957142857,0.0,3.831107897142857e-05,0.0,215.57255142857144,44.97196957142857,1.34489665,-0.0091300649999999,-4.8138686185714287e-05,8.345877e-06,233627.2825,23823.352775,7.021215525e-06,5.255679975e-05,1.028815175,3.047616725e-06,217.3023925,3.4873070900000003,1.737543325,-0.00319615975,-1.0125e-05,3.268742333333333e-06,328001.6433333333,33446.85935666667,1.3078321e-05,0.0003917773333333,0.053312839,3.375953366666667e-06,229.5081833333333,-0.9315671333333332,-0.9230863333333332,-0.0007378973333333,-1.25605253e-05,-1.2765e-05,439654.96,44832.329085000005,6.5555927e-06,0.003904252,0.0008355685,3.81099745e-06,255.54901,4.260604799999999,-2.3278103,0.0012498824775,4.556776e-06
-79.54057637885951,0.18077743,-0.24493343,289.39136,290.1328,101734.875,100686.06,271.4602,271.45947,271.45996,295.8506,0.3055871,-0.25807768,0.25597572,-0.36085057,3.2270832,-5.4418364,-63.73784,0.19196415,0.17381018,0.068919,0.06468165,2064.698,0.8959586,0.2501049,0.01155984,0.9205664,0.02929736,0.014338423,-2.8929117e-06,-9.8408805e-08,0.64583284,0.053734977,0.14609659,0.027604856,0.0,0.11724228,4.770421e-08,1.0,0.0,834.2925,24.914703,-0.00029093307,1.4376033e-05,1.6033153e-10,-939.8843,-82.59027,16912439000.0,36318876000.0,108662960.0,156000.88,0.040002026,53591390000.0,101.39723,-834.26245,2721158.0,10257.805,-0.00080743735,1976137700.0,5991512600.0,7201788.0,23912.879,0.007069338,8034637000.0,24.094696,2659572200.0,2731807200.0,2630734.0,2649969700.0,2734525700.0,229.04994,0.018000029,0.0,-1.000001,0.13537145,0.49597287,0.03777307,0.0039091296,-2.4409572e-05,-0.0066627003,8.547881,-1.000001,-1.000001,7.4696873e-06,0.006053563,6.1032333e-05,28.978851,28.917603,38.620872,-1.000001,-1.000001,4737.301,1.9081682e-07,815259.9,91414.94,-168038.44,786543.06,1001821.25,-188606.75,-283535.8,-256171.94,1164442.0,913774.7,1189755.0,1328060.0,1987298.0,1395292.0,1586304.0,-943336.75,-961813.25,395689.38,0.0,1.9081682e-07,993.47266,-0.32901013,1608.9673,25.85675,90.008514,34.753204,-5.6584377,-23.022217,6.720097666666668e-06,0.10831211,48420.19793333334,4937.486086733334,1.11381639e-07,1.1686905728333341e-07,63.97360749999999,6.141600030000001e-06,1.6339096333333331e-06,0.0033212806666666,1.987675166666666e-09,4.91148589e-06,268.0092866666667,8.99118019,4.771800028333334,-0.1243818575,-4.6688e-05,1.203470985714286e-05,0.0100464667142857,131376.1692857143,13396.64098142857,1.9279909e-07,1.6703347614285717e-06,42.92280585714286,1.226269371428572e-07,5.2477303457142856e-05,1.3626829142857144e-08,215.4514542857143,44.26619814285714,2.5317630857142857,-0.0170443725714285,-4.232857142857143e-05,4.924953100000001e-06,233594.17,23819.97624,7.009941500000001e-06,5.2514682e-05,1.0738425975,3.04746825e-06,217.1488075,3.4076080825,2.1158931,0.004075538306,-1.394e-05,-1.8802960000000003e-06,327944.29333333333,33441.01128666667,1.3071739333333334e-05,0.0003910823333333,0.0519733843333333,3.378255e-06,229.86964666666668,-0.7981012466666667,-0.4056854533333334,0.000673515,-1.428e-05,-2.375e-05,440006.625,44868.188935,6.4896602e-06,0.0039723425,0.000667748,3.81548035e-06,256.826905,4.5622201,-2.77284435,1.3700000000000008e-05,1.140027485e-05
-79.54205254437483,-0.049973667,0.16014498,289.9038,295.125,101687.81,100642.44,271.45972,271.45972,271.45996,298.4668,0.0198627,0.21188897,-0.08986747,0.25682324,3.5625105,-5.443737,-85.155685,0.19191974,0.17377347,0.06893593,0.0646981,3113.81,0.8947555,0.39607787,0.026616927,0.92548865,0.027304612,0.007870752,4.4195676e-06,-1.97211e-06,0.6076872,0.02333124,0.15155977,0.00863494,0.0,0.0,0.0,0.0,0.0,591.44556,8.689376,-0.000578464,2.508238e-05,2.3154183e-09,-1071.814,-402.62866,16972413000.0,36055490000.0,109395864.0,155180.94,0.040961023,53370585000.0,93.17804,-582.7129,2761639.0,10253.4375,-0.0012664997,2410159600.0,7491305500.0,8621207.0,29695.516,0.009090673,9984254000.0,29.633942,2659454000.0,2731407400.0,2630645.0,2649858800.0,2734172200.0,511.53882,0.017999742,0.0,-1.000001,0.13537145,0.4958461,0.037019227,-0.005409114,-3.9170394e-05,0.009026762,8.762436,-1.000001,-1.000001,3.1392592e-06,0.0060555898,0.00036570732,28.857895,28.803864,38.500164,-1.000001,-1.000001,4738.4766,2.8597628e-07,1303852.0,156359.62,-305970.56,1236059.0,1490222.0,-268751.88,-323984.0,-390790.8,1725084.0,1428890.0,1214158.0,1317101.0,2687537.0,1972723.0,2218243.0,-928873.2,-970401.56,710047.44,0.0,2.8597628e-07,365.43823,-0.06461477,1757.407,1.4084215,15.479892,11.097914,0.5990456,20.411102,6.915501833333333e-06,0.103117255,48406.61395,4936.10090605,1.1166894333333342e-07,1.3930198616666666e-07,61.72332666666667,6.245749749999999e-06,2.7758977633333337e-07,0.0033448178333333,0.0,5.177022226666666e-06,268.36275333333333,8.668906235333333,5.8421064,-0.1007095041666666,-4.112333333333333e-05,9.290265657142856e-06,0.0098207512857142,131396.20714285714,13398.684274285712,1.9252646714285725e-07,1.5774400928571428e-06,40.64649557142857,2.1116662428571428e-07,4.95213616e-05,1.3626829142857144e-08,215.24654428571424,44.204613571428574,2.8829212771428567,-0.0173855752857142,-5.064285714285714e-05,-7.760622499999997e-07,233602.1875,23820.7937975,7.0088736e-06,5.1937616e-05,0.998451625,3.04592815e-06,217.2082075,4.179221,1.7915857000000002,-0.001148477,-1.4275e-05,-1.0467686333333336e-05,327964.87,33443.10952333333,1.3077624e-05,0.000396965,0.0481486103333333,3.380830133333333e-06,230.59299,-1.3943832,1.2015667,0.0015583003333333,-1.2269999999999998e-05,-6.310428e-06,440207.41,44888.663305,6.54101135e-06,0.0039304425,0.000703007,3.81265185e-06,256.11412,3.80614135,-0.86058388,-0.0008073015,1.44326385e-05
-79.43733860342833,0.48537844,0.8066952,289.77173,295.24023,101638.56,100596.56,271.45947,271.45996,271.45996,300.63135,0.68198997,0.9702058,0.6355302,1.0691795,4.181341,-5.4455605,-115.21791,0.19189227,0.1737442,0.06896198,0.06471765,6046.7188,0.8281608,0.44592696,0.029311784,0.89033014,0.016795337,0.012893759,-3.0588706e-07,2.2226095e-06,0.3816188,0.039457873,0.124655604,0.0073370747,0.0,0.0,0.0,0.0,0.0,943.5569,9.218504,0.0010447616,2.597009e-05,5.294467e-09,-762.6677,274.7937,17159022000.0,36265400000.0,111894300.0,156173.19,0.041644607,53770826000.0,93.29939,-947.2136,2843962.0,10248.719,-0.0019020855,3036124200.0,9242810000.0,13741531.0,36802.645,0.011233531,12395105000.0,41.353165,2659197000.0,2731434000.0,2630364.0,2649596000.0,2734283800.0,805.7068,0.018000662,0.0,-1.000001,0.13537145,0.4957657,0.06828052,0.018733617,-5.122779e-05,0.045935735,8.796497,-1.000001,-1.000001,8.1607976e-07,0.0060383156,0.00012203562,28.954926,28.915848,38.288944,-1.000001,-1.000001,4776.215,0.0,1696468.0,203840.62,-401268.3,1469905.0,1864163.0,-312071.0,-357428.06,-464491.3,2153873.0,1694934.0,1237825.0,1320097.0,3188147.0,2302625.0,2680121.0,-891538.3,-980107.2,935839.44,0.0,0.0,35.98967,-0.1341027,2181.0093,-4.5695457,-52.365265,6.2096577,0.75390625,78.22476,6.414519833333334e-06,0.06978179,48387.86693333334,4934.189242383333,1.1188803666666669e-07,1.4062938483333333e-07,59.3885285,3.825904516666667e-06,3.1802806666666666e-08,0.0032701351666666,0.0,2.951851766666667e-06,268.68065666666666,8.7267877,6.763188016666667,-0.1551767773333333,-3.907643666666667e-05,9.40266e-06,0.1194196072857143,131421.1607142857,13401.228829999998,1.920495828571429e-07,1.4162854485714284e-06,48.95496128571428,1.2738766857142855e-06,6.51625641e-05,6.131301714285716e-08,215.0983457142857,43.720121,4.9789105,-0.0296843788571428,-6.727142857142858e-05,-4.7534795e-06,233530.625,23813.496452500003,6.994566874999999e-06,5.2165371e-05,0.998352115,3.045433925e-06,217.22199,4.2556473625,2.008704675,0.0031620637499999,-1.465e-05,1.6714810000000003e-06,328024.64,33449.204366666665,1.3105617e-05,0.0003951343333333,0.048957704,3.379500433333333e-06,230.22735666666665,-1.2554610433333333,0.6605517333333334,-0.0031842063333333,-9.302333333333334e-06,7.647239e-06,440305.13,44898.62797,6.562515e-06,0.003876524,0.000709393,3.8104595e-06,255.98583,3.64733365,0.92104175,-0.0001632755,1.203744925e-05
-79.55225338319146,0.6869618,0.95680684,289.56226,295.7937,101546.94,100507.875,271.45996,271.45996,271.45996,302.14624,0.9788427,1.1471558,0.85155165,1.2218065,4.82191,-5.446126,-103.07228,0.19185227,0.17372584,0.06896949,0.06474024,5254.371,0.9597643,0.4592595,0.0,0.9793259,0.037633415,0.013995234,-1.7076372e-06,2.3517387e-06,1.2974625,0.03903967,0.3900594,0.0012456861,0.0,0.0,0.0,0.0,0.0,1473.8391,47.724884,0.0003890996,0.00010298849,3.888818e-09,-1486.7493,267.24487,17236349000.0,36304570000.0,113298880.0,156364.88,0.04313604,53886560000.0,93.33502,-1459.1755,2913180.0,10239.758,-0.0027503863,3924113700.0,11467249000.0,21683712.0,46059.87,0.013065435,15530441000.0,47.530075,2657703400.0,2729526500.0,2628926.0,2648120000.0,2732421000.0,1025.4563,0.017999299,0.0,105.55638,0.13537145,0.4957465,0.09428364,0.029289957,-5.3092925e-05,0.05571734,9.001835,-0.84801257,-0.84801257,1.4894931e-07,0.006024163,0.000109887085,28.823227,28.745895,37.811195,105.65643,117.632355,4738.801,0.0,1917792.0,230595.62,-539753.94,1832708.0,2069758.0,-348791.2,-371763.56,-599675.2,2389393.0,2116983.0,1254552.0,1328082.0,3454875.0,2720111.0,2928673.0,-882614.2,-985572.6,1349472.0,0.0,0.0,0.0,0.0046489164,2775.945,-0.9332487,-114.669815,-0.4825763,1.4019985,206.17888,5.5475474166666665e-06,0.0515586733333333,48339.02671666667,4929.208926116667,1.1139303433333337e-07,9.87062866666667e-08,56.49045066666667,3.7307703583333335e-06,1.27180735e-07,0.003116794,0.0,3.977163573333333e-06,268.9168916666667,8.697940056666667,7.819773416666667,-0.223969619,-4.0085328e-05,1.8570297000000003e-05,0.2633904642857143,131406.42071428572,13399.725771428572,1.898257142857143e-07,1.5091145238571429e-06,56.977688,8.637601285714286e-06,6.992541822857142e-05,1.3487865671428572e-06,214.8986885714285,43.45792471428571,7.728995224285714,-0.0849664192857142,-5.783842857142857e-05,-9.647250000000002e-06,233471.2,23807.43679,7.0047947e-06,5.2746243e-05,0.9890896475,3.045221775e-06,217.41273,5.139745525,2.849406275,-0.0004635245,-1.193e-05,4.36321e-06,327931.0,33439.65574666666,1.3111414333333333e-05,0.0003898926666666,0.052924485,3.3770165666666668e-06,229.51985,-1.2432151333333332,0.5028634333333334,-0.0019063643333333,-1.1433333333333331e-05,-2.176548e-06,440370.87,44905.331585,6.571062e-06,0.003822389,0.0006954909999999,3.80889875e-06,256.17964,4.4084268,1.0502131,-0.0001268114999999,1.086994265e-05
-79.54556321338183,0.2777844,1.3294287,289.42944,298.2307,101438.94,100402.25,271.4602,271.4602,271.45996,301.4651,0.512064,1.6289062,0.32492334,1.5960102,5.165595,-5.446166,-95.054825,0.19181877,0.17369968,0.068989456,0.06475365,5418.4023,0.94783545,0.16798955,0.0,0.95176435,0.0458864,0.00616581,-9.428767e-07,9.627511e-07,1.9521036,0.00753187,0.55107695,-0.0015896456,0.0,0.0,0.0,0.0,0.0,1236.0522,73.04292,0.003255397,0.00018203705,2.0393562e-09,-512.3933,1277.408,17268423000.0,36041340000.0,111265630.0,155373.44,0.045079168,53632487000.0,84.81241,-1254.8582,2918949.0,10229.137,-0.002241245,4258393000.0,12516150000.0,24801416.0,50295.58,0.0121611245,16932084000.0,52.72734,2655970800.0,2726821600.0,2627281.0,2646396400.0,2729738200.0,1113.4053,0.01799909,0.0,-1.000001,0.13537145,0.49574077,0.11845064,0.006457027,-5.321756e-05,0.08230311,9.303238,-1.000001,-1.000001,2.9802322e-08,0.0060094707,0.00021362305,28.465683,28.363815,37.141186,-1.000001,-1.000001,4738.699,0.0,1938323.0,257756.75,-569842.8,1795238.0,2084773.0,-346330.0,-393080.8,-571616.25,2406315.0,2067433.0,1272938.0,1352030.0,3469623.0,2691119.0,2943958.0,-911165.0,-993441.25,1224403.0,0.0,0.0,0.0,0.35192484,3502.9744,-0.5504362,-106.48428,2.74438,1.7997456,320.05396,1.11536126e-05,0.0156238808333333,48275.52948333334,4922.734010483334,1.1118030916666669e-07,1.8910762188333334e-07,50.667297,6.675325766666667e-07,0.0,0.0029543973333333,0.0,4.99099415e-06,269.22869833333334,8.654687666666666,8.257305433333334,-0.128426125,-1.860824566666667e-05,1.8561156285714287e-05,0.29419616,131386.0892857143,13397.652541428572,1.8757697285714288e-07,1.7537129557142856e-06,58.321509142857145,1.3235670928571428e-05,7.010311787142858e-05,2.5119308342857142e-06,214.79319428571424,42.76799042857143,8.607424714285715,-0.1192052585714285,-3.437487685714286e-05,-4.819142500000001e-06,233455.4225,23805.827935,6.9784099e-06,5.244656125e-05,1.008010605,3.043949175e-06,217.2836425,6.2423278,2.40997685,-0.00329838925,-1.102e-05,8.816557386666666e-06,327815.78,33427.90657,1.3082157166666664e-05,0.0003908,0.0575133053333333,3.375641133333333e-06,229.23702666666668,-1.2900835533333332,0.7762457566666666,-0.0002815119999999,-1.311e-05,7.234249e-06,440533.72,44921.937665000005,6.61373735e-06,0.0037677885,0.0007289565,3.80640715e-06,256.134005,6.8856153,-0.774836375,-0.001032801225,1.121279615e-05
-79.50192888019264,-0.12643111,1.5301304,289.21558,298.4839,101385.25,100349.875,271.45996,271.45996,271.45996,301.29688,0.0061173886,1.9137068,-0.14285654,1.7877445,5.0955467,-5.446286,-77.89906,0.19177741,0.17366904,0.06901246,0.06477624,6486.883,0.92066956,0.044941425,0.005636085,0.9268586,0.045394663,0.0012670229,9.748152e-06,1.1031552e-06,1.8213911,0.0014396033,0.46060658,0.00074555073,0.0,0.0,0.0,0.0,0.0,1175.6873,78.78169,0.0008119887,0.0002339443,-7.947702e-11,-1056.3726,744.09326,17314677000.0,36201330000.0,106268776.0,155864.81,0.04662081,53818163000.0,79.03136,-1182.5486,2846679.0,10223.777,-0.0013821067,3909367300.0,11729832000.0,22399932.0,47002.688,0.010130435,15778732000.0,47.73268,2655684600.0,2724844500.0,2627160.0,2646108400.0,2727682800.0,1102.2146,0.018000409,0.0,-1.000001,0.13537145,0.49573958,0.124150634,-0.0144146085,-4.9259586e-05,0.08994186,8.957473,-1.000001,-1.000001,0.0,0.0060109906,3.0517578e-05,27.791367,27.68814,36.5085,-1.000001,-1.000001,4739.8984,0.0,1760557.0,222357.31,-564523.9,1675107.0,1910847.0,-340695.62,-388013.56,-502133.2,2206508.0,1932948.0,1281493.0,1361016.0,3231135.0,2515934.0,2725514.0,-861248.5,-994452.8,1143407.0,0.0,0.0,0.0,0.6892173,3959.4045,-0.42152995,-81.915665,-0.88200796,2.194622,387.64014,1.0878343333333336e-05,0.0005210571666666,48248.388750000006,4919.966425683334,1.1166156316666669e-07,3.192448183333333e-07,45.7447895,7.950701666666666e-09,0.0,0.002759719,0.0,7.979067383333333e-06,269.50422833333334,9.333451897,7.281544566666667,-0.1367502836666666,8.750560019999999e-06,1.4196688542857142e-05,0.1035506121428571,131405.4557142857,13399.627368571428,1.915988e-07,1.9687483142857144e-06,57.24057614285714,4.863102835714285e-06,7.050865244285714e-05,8.411796428571428e-07,214.72760714285712,41.66062728571429,7.622914861428571,-0.0700222034285714,-3.129404557142857e-05,7.439944999999999e-07,233502.3775,23810.61601,6.942029224999999e-06,5.171765625e-05,1.0383563,3.042514225e-06,217.0059325,6.767239549999999,1.5562339625,-0.0041217075,-9.27259675e-06,-1.2545218166666666e-05,327905.2233333333,33437.027253333334,1.3058286333333331e-05,0.000408149,0.0532313226666666,3.3780434e-06,230.35882333333333,-0.3643518999999999,1.304959332,0.001261109,-1.0065091986666667e-05,8.187143000000001e-06,440581.815,44926.84199,6.6693712e-06,0.0036878035,0.0008401665,3.8027025e-06,256.00955,5.349599,-0.6459026500000001,4.6532500000000016e-05,4.04226235e-06
-79.4788899685525,-0.58973336,1.2492447,289.14746,298.65234,101339.125,100304.94,271.45996,271.45996,271.45996,300.05835,-0.60567886,1.6002207,-0.66360533,1.4408102,4.3347263,-5.44635,-44.926285,0.19173777,0.17364115,0.06903243,0.06478971,7559.3203,0.98024356,0.01171755,0.0,0.98024356,0.05954457,0.00037169922,-4.0703053e-06,-1.1164448e-06,2.2064009,0.0007407251,0.62349665,0.00044250488,0.0,0.0,0.0,0.0,0.0,879.01025,45.059814,0.0006661683,8.5823645e-05,1.2191517e-09,-821.50366,217.15237,17431142000.0,36386380000.0,104861630.0,156624.62,0.04756813,54104752000.0,72.59355,-859.90845,2801265.0,10219.238,-0.0008121899,3401138400.0,9863789000.0,20343756.0,39836.09,0.006739024,13365081000.0,31.337906,2655087400.0,2722936300.0,2626699.0,2645523700.0,2725732900.0,1026.865,0.017999921,0.0,499.5564,0.13537145,0.49573982,0.11380267,-0.04025504,-3.8377606e-05,0.06378788,11.890318,-0.41683072,-0.41683072,0.0,0.006006304,0.0,27.29422,27.161377,36.09038,506.79175,560.81396,4592.3906,0.0,1390498.0,130713.31,-416799.94,1082648.0,1557414.0,-263148.25,-349291.56,-254174.94,1800584.0,1254274.0,1285747.0,1402967.0,2755744.0,1793388.0,2288727.0,-678280.25,-989510.0,409072.7,0.0,0.0,0.0,0.6767843,3183.8186,-0.9006094,-88.027405,0.7978515,2.5302143,308.86548,9.85443875e-06,0.0007810256666666,48211.8625,4916.241785016667,1.1173613233333333e-07,4.075855903333333e-07,44.6865165,1.828184333333333e-07,0.0,0.0026492888333333,0.0,1.1665243528833334e-05,269.610965,10.06500186,5.44380421,-0.0855457256666666,1.756031075e-05,1.1876901242857142e-05,0.2171832819999999,131400.97357142856,13399.170315714286,1.870132342857143e-07,1.7093255662857142e-06,48.40237214285714,5.278942367142857e-06,6.072692434285714e-05,5.363620114285715e-07,214.8205357142857,41.76098614285714,6.461614964285714,-0.0236519888571428,-5.315126304285715e-05,1.1331141075e-05,233536.125,23814.0572975,6.909993775e-06,5.06948565e-05,1.066200015,3.041377125e-06,216.7760175,6.900776375,0.8517747500000001,-0.0013751785,-1.12625e-05,3.951458666666676e-07,328036.44,33450.40763,1.3091517e-05,0.0004152776666666,0.052067907,3.375899133333333e-06,230.28333333333333,1.0220416333333333,0.6812985333333333,-0.002267853,-4.9918823333333335e-06,-3.916779e-06,440783.93,44947.451985,6.6063474e-06,0.0036923284999999,0.0007390425,3.8050175e-06,256.70716000000004,6.2368155000000005,0.47043315,-2.9674499999999995e-05,3.5027485e-06
-79.54814858680544,-0.9578656,1.3100386,289.18506,297.38037,101327.25,100292.625,271.45972,271.45972,271.45996,298.27466,-1.1887636,1.7396135,-1.0161896,1.4117041,4.134259,-5.446349,-0.69378585,0.1916964,0.17361188,0.06906462,0.0648092,7518.1094,0.99988425,0.010503832,0.0,0.99988425,0.09682399,0.0003168874,-2.2756412e-06,-5.3166286e-07,3.5043497,0.00050735474,1.0766535,0.0006389618,0.0,0.0,0.0,0.0,0.0,1880.4172,76.061386,-0.0011713514,-0.0002599219,3.2295566e-10,-2123.5654,-779.58984,17388554000.0,35691280000.0,103977270.0,154128.44,0.046969563,53342290000.0,64.12019,-1927.364,2764164.0,10217.988,0.0005140095,2988471800.0,8095059500.0,19758784.0,33185.332,0.0035247544,11160008000.0,24.324295,2654973000.0,2723897900.0,2626493.0,2645420000.0,2726658000.0,881.1072,0.017999556,0.0,-1.000001,0.13537145,0.49573934,0.124453306,-0.04684979,-1.9531188e-05,0.062562525,13.339306,-1.000001,-1.000001,0.0,0.0060028285,0.0,27.798096,27.582458,36.238365,-1.000001,-1.000001,4589.1914,0.0,910471.0,100736.19,-293010.2,726644.06,1081418.0,-256858.19,-336898.44,-112281.94,1254164.0,843826.2,1282128.0,1376813.0,2075758.0,1276232.0,1674403.0,-673411.3,-989301.4,238835.25,0.0,0.0,0.0,-0.40577424,3052.8193,-1.9102488,-173.66225,10.42089,2.3327303,233.49957,8.662888833333333e-06,0.0039063698333333,48181.88946666667,4913.185386,1.1130450166666668e-07,4.920995016666667e-07,46.20390125,8.743696666666666e-08,0.0,0.0027044925,0.0,1.806944889333333e-05,269.70688,10.17622355,3.494862133333333,-0.0425291981666666,1.9298432166666667e-05,1.53512285e-05,0.3156267285714285,131418.83000000002,13400.991162857144,1.857955157142857e-07,1.6224077800000002e-06,52.04959942857143,1.2683626228571429e-05,6.347163324285715e-05,2.4454322185714284e-06,214.94076142857145,42.02780357142857,6.533484371428571,-0.0729846024285714,-5.5471428571428574e-05,1.265931125e-05,233569.8425,23817.4955225,6.89924815e-06,4.9631231e-05,1.08342204,3.041521275e-06,216.8031925,6.596007675,0.3845992,0.003990951023,-1.6975e-05,1.4256096333333334e-05,328055.2266666666,33452.32333666667,1.3092153666666666e-05,0.0004122393333333,0.0564305706666666,3.3729320333333333e-06,229.70666666666668,0.8628405699999999,-0.1573065666666667,-0.0019028916666666,-8.147203833333333e-06,1.14189515e-05,440771.53,44946.187535,6.64319e-06,0.003683025,0.000785201,3.8023359e-06,256.276315,8.27231725,0.1249146499999999,-0.0006032515,2.04291795e-06
-79.53383404561552,-0.5923563,1.3763351,288.97534,297.18774,101377.125,100341.06,271.45972,271.45996,271.45996,295.76855,-1.0478115,2.797965,-0.47794944,1.1606722,3.1565733,-5.446391,11.360061,0.19166589,0.1735782,0.069087625,0.06482571,4659.379,0.9950026,0.04872668,0.0,0.9950026,0.07724708,0.0017990828,8.409051e-06,-1.0146023e-06,2.8195038,0.0016433613,0.9249022,0.000994189,0.0,0.0,0.0,0.0,0.0,1318.8948,50.523254,-0.0007698366,-0.00014259182,1.406103e-09,-1514.4663,-481.8225,17122528000.0,34562052000.0,101492320.0,149782.81,0.04578088,51944874000.0,63.506393,-1336.1929,2688189.0,10222.84,0.00042326585,2429403400.0,6669085700.0,18670156.0,27439.832,0.00024588197,9206908000.0,35.815018,2655624000.0,2727189200.0,2626877.0,2646045400.0,2729865000.0,518.79565,0.018000405,0.0,-1.000001,0.13537145,0.49573934,0.092252016,-0.019647233,-7.390483e-06,0.049962312,15.193753,-1.000001,-1.000001,0.0,0.006002225,0.0,28.819595,28.648117,36.995903,-1.000001,-1.000001,4585.789,0.0,390404.56,43862.39,-148696.94,338804.0,538195.6,-223334.88,-307140.8,7440.5117,631685.5,393817.25,1274648.0,1363987.0,1237435.0,635292.9,940475.44,-594824.25,-979225.44,51656.617,0.0,0.0,0.0,-0.88166,2421.7837,-9.872338,-129.94241,32.642883,9.469643,205.22794,-2.860453583333333e-06,0.0026054059999999,48177.07595,4912.694543966667,1.1039698666666669e-07,6.79557265e-07,48.42609625,6.356411166666667e-08,0.0,0.002810271,0.0,1.2974230425e-05,269.6422933333333,9.494511988333334,1.6780036533333331,-0.0087649668333333,2.411750833333333e-05,1.890841857142857e-05,0.3426394142857143,131451.77642857144,13404.350764285717,1.802108122857143e-07,1.4378687185714286e-06,55.64290771428572,1.5551501371428573e-05,6.848905085714285e-05,2.886520942857143e-06,215.0551671428572,42.090140142857145,6.478307394285714,-0.083691325,-6.531571428571428e-05,7.116935975e-06,233638.56,23824.5027625,6.9194015e-06,4.857114975e-05,1.043382295,3.04175405e-06,217.04448,6.5126554125,-0.3647205999999999,0.0033204932499999,-2.0675e-05,9.690756333333332e-06,328003.93333333335,33447.092873333335,1.305289e-05,0.0004061253333333,0.0606969249999999,3.3724287666666667e-06,229.81807333333333,0.0561372799999999,-1.3281133866666666,-5.685833333333336e-05,-1.3843333333333332e-05,1.735275e-06,440671.775,44936.015360000005,6.641153e-06,0.0037690225,0.00085655,3.80091525e-06,256.621805,10.4839485,-1.975153,0.0002075128285,3.338537e-06
-79.59408400908715,-0.37291032,1.6312952,289.67603,293.7119,101358.69,100322.375,271.4602,271.4602,271.45996,292.8557,0.0021630286,3.037262,-0.056739908,0.7012218,3.1677847,-5.4462223,6.5703077,0.1916337,0.17355508,0.06909841,0.064836085,1048.7971,1.0,0.026851188,0.0,1.0,0.05631122,0.0029599422,8.1191666e-07,-6.2447424e-07,2.1853867,0.0011256726,0.7500811,0.003698054,0.0,0.0,0.0,0.0,0.0,1219.6323,44.790924,0.004836511,9.139412e-05,7.971497e-09,307.9519,1791.6533,16740396000.0,33115073000.0,98383120.0,144113.88,0.043864757,50087068000.0,54.269257,-1188.9045,2633299.0,10221.004,0.00027658232,2241415000.0,6675095600.0,18624468.0,27119.535,0.00027624727,9056113000.0,48.11902,2655921000.0,2727501600.0,2627166.0,2646363600.0,2730146800.0,141.34111,0.018000282,0.0,-0.93763727,0.13524717,0.49574077,0.06395197,0.0032492452,-1.1710217e-06,0.02820208,15.829811,-0.92652875,-0.92204636,0.0,0.0060156584,0.0,28.784348,28.660126,37.624798,-0.93763727,1.1203642,4583.617,0.0,47399.79,9449.641,-37944.785,65307.055,90459.875,-186902.5,-272537.25,37449.152,115561.0,76084.81,1265253.0,1346074.0,316396.56,150761.5,214327.75,-624732.5,-967540.1,7744.4062,0.0,0.0,0.0,-0.3533612,2553.5981,-41.033463,-45.54692,208.05914,56.17932,146.57002,-6.729182499999999e-06,0.0002598486666666,48177.812,4912.76960015,1.128369816666667e-07,8.363059950000001e-07,43.53106639999999,7.929953e-09,0.0,0.0028084593333333,0.0,6.0636686e-06,270.01554500000003,9.311006398333332,0.8749860166666666,-0.021315766,2.7974927666666666e-05,2.3675647285714285e-05,0.4058086101428571,131504.75,13409.752565714283,1.73982965e-07,1.372354651e-06,56.64208414285714,1.7152266265285714e-05,6.95594891e-05,3.5506735714285712e-06,215.04324,41.87785371428571,6.455328357142856,-0.077106041,-7.130942857142857e-05,2.4742787500000004e-06,233652.2825,23825.902065,6.962823175e-06,4.74096235e-05,1.0416820375,3.0410942e-06,216.9764025,5.90920575125,-0.91025572,0.00121159625,-2.2825e-05,-9.511400000000012e-07,327938.74666666664,33440.44568333333,1.3031783e-05,0.0004207976666666,0.0583885793333333,3.3728495666666667e-06,230.34303666666665,-0.95769584,0.1240958999999999,0.0005224653333333,-1.2409999999999998e-05,-4.41976475e-06,440386.595,44906.93509,6.755314500000001e-06,0.0037996065,0.000884454,3.80125765e-06,256.434415,11.188392,-3.99922945,0.000193388,4.214885e-06
-79.6213268256021,0.4276663,1.3605471,289.4673,294.30884,101398.25,100360.44,271.45996,271.45996,271.45996,291.97266,1.19063,2.8372593,0.2774377,0.60093975,2.893999,-5.4459047,6.8182163,0.19159102,0.1735245,0.06912446,0.06486148,859.58984,1.0,0.04957674,0.0,1.0,0.07942003,0.0048097596,-5.4639668e-06,6.1295793e-07,3.180233,0.0019825082,1.2037506,0.010351904,0.0,0.0,0.0,0.0,0.0,1480.4485,25.55986,-0.0007981565,0.00012311738,2.6388791e-09,-1531.2178,171.07497,16466185000.0,32322605000.0,98779520.0,140993.0,0.042606696,49028550000.0,57.205627,-1462.4705,2616727.0,10224.789,0.0012343957,2369792300.0,7136771600.0,20673976.0,29017.863,0.0005250769,9667512000.0,55.552734,2656600300.0,2726850000.0,2627956.0,2647025200.0,2729445600.0,80.301926,0.017999269,0.0,-0.93763727,0.13524717,0.49574727,0.05930577,0.012578964,-9.3669297e-07,0.023388572,15.60736,-0.9287578,-0.92533505,0.0,0.006012801,0.0,28.27974,28.121536,37.945694,-0.93763727,1.1078911,4582.465,0.0,0.0,0.0,-11960.617,3.5999988e-12,0.0,-173246.94,-233747.81,32496.535,0.0,0.0,1250496.0,1311906.0,0.0,0.0,0.0,-603116.1,-957034.2,0.0,0.0,0.0,0.0,0.002705941,3382.3792,-25.91658,9.959874,309.39453,85.75917,135.95024,-7.78581000000001e-07,0.0,48209.21951666666,4915.97227545,1.1363669333333336e-07,9.023378383333334e-07,40.86634525,0.0,0.0,0.0027745255,0.0,4.76453755e-06,269.98304666666667,8.470364166666668,0.3156238466666666,-0.0341328668333333,2.301915533333333e-05,3.077709865714285e-05,0.4008947678571428,131522.35785714287,13411.548067142856,1.6936684071428574e-07,1.350388274e-06,56.42598742857143,3.002091859142857e-05,7.219477367142858e-05,7.014737781571428e-06,215.02749857142857,41.66231842857143,7.4286644428571424,-0.1639166475714285,-7.679557142857143e-05,-6.44594095e-06,233641.1225,23824.7640625,6.993671025e-06,4.751808175e-05,0.9941347825,3.0411884e-06,217.23074,5.6574717475,-0.67679822,0.0005987849999999,-2.0825e-05,2.0309380000000005e-06,327904.48333333334,33436.95179333333,1.3078347e-05,0.000422505,0.0551580506666666,3.3732179666666665e-06,230.2468,-1.2805013666666667,0.4013503333333332,0.0003047029999999,-1.0926666666666668e-05,-2.3177555e-06,440348.375,44903.037735000005,6.696982399999999e-06,0.0038418565,0.000794931,3.8038993e-06,256.25159,8.1915357,-3.76832965,-6.621550000000001e-05,7.449002500000001e-06
-79.58988118884612,0.64465076,0.4612186,289.4231,294.59888,101447.875,100409.375,271.45996,271.45996,271.45996,290.79492,1.5274229,1.8110323,0.30527347,0.2442013,1.9298239,-5.4459343,4.5035334,0.1915527,0.17349827,0.06914443,0.06488103,740.61914,1.0,0.09374821,0.0,1.0,0.10021961,0.0062853433,-6.229906e-06,8.762215e-07,4.087983,0.00094216364,1.4451962,0.012162421,0.0,0.0,0.0,0.0,0.0,973.45435,9.922655,-0.005342301,-2.6810216e-05,-2.8725766e-09,-2682.5571,-1632.8115,16251287000.0,31452662000.0,102239980.0,137709.0,0.039951533,47944606000.0,55.55652,-1016.64844,2653122.0,10229.836,0.000711211,2476282000.0,7562636000.0,22013398.0,30771.035,-0.0013704791,10187103000.0,51.19629,2657205500.0,2727032600.0,2628618.0,2647633200.0,2729693700.0,47.37274,0.018000297,0.0,-1.000001,0.13524717,0.49574608,0.0376802,0.011706166,-7.4390607e-07,0.0110215135,15.071192,-1.000001,-1.000001,0.0,0.006013673,0.0,28.161057,27.953644,38.092197,-1.000001,-1.000001,4580.715,0.0,0.0,0.0,-8766.613,3.5999988e-12,0.0,-153210.25,-222050.19,24297.07,0.0,0.0,1241711.0,1317688.0,0.0,0.0,0.0,-592019.9,-955302.3,0.0,0.0,0.0,0.0,0.31643873,3807.5146,4.933608,49.753555,184.8529,56.800232,93.06763,3.235021666666649e-07,0.0,48214.02405,4916.462201933334,1.1386029333333334e-07,9.6644081e-07,38.85597116666667,0.0,0.0,0.002705312,0.0,7.343742116666666e-06,269.839445,7.055333883333333,0.8062650338333333,0.0151144131666666,1.7617578033333334e-05,2.132749471428571e-05,0.4080410748571428,131538.04499999998,13413.147712857142,1.7477736071428574e-07,1.1903175747142856e-06,55.50051657142857,3.445568603428572e-05,7.411634865714285e-05,8.828973880142858e-06,215.1441642857143,41.10111328571429,8.457955271428572,-0.1391932517142857,-7.962371428571428e-05,-4.217792e-06,233663.405,23827.036245,6.9977366e-06,4.80142475e-05,0.99321833,3.0413209e-06,217.288275,5.234350015,-0.892230135,0.0011924815,-1.7875e-05,4.794240000000001e-06,327979.93333333335,33444.64555666666,1.3107691e-05,0.000419623,0.0497117653333333,3.3759758333333336e-06,230.57699,-1.8603980093333328,-0.0347654333333332,0.0021552143333333,-1.0864495066666669e-05,-4.90761e-06,440744.41,44943.422065,6.6390025e-06,0.0038862695,0.0007331485,3.80603115e-06,256.60677,7.8534335,-4.921919300000001,0.0004064185,7.22909215e-06
-79.57853375029205,0.41970503,0.36306435,289.54932,294.15723,101449.5,100411.0,271.45947,271.45996,271.45996,290.51782,0.7613822,1.4173574,0.15963,0.14738935,1.9075136,-5.4462156,2.3644476,0.19151002,0.17347074,0.06917071,0.06490052,523.90796,0.8014128,0.07322675,0.00075518526,0.82185954,0.06538516,0.009822898,3.411292e-05,-4.8459106e-07,2.556221,-0.006672658,0.81255656,0.02257938,0.0,0.0,0.0,0.0,0.0,1130.8828,47.186813,-0.0013687885,-0.00015008033,-7.5067597e-10,-1308.3411,-526.8779,16240897000.0,31422024000.0,104060350.0,137670.44,0.03973155,47891948000.0,50.207077,-1089.0781,2690481.0,10229.926,0.0006735374,2739575300.0,8700519000.0,22024184.0,35061.035,0.0010984407,11608973000.0,59.916077,2656273400.0,2726704400.0,2627634.0,2646712600.0,2729379300.0,36.155304,0.018000077,0.0,-0.987463,0.13524717,0.4957431,0.032675054,0.0034706162,-3.7075466e-07,0.005953986,13.657301,-0.987365,-0.9867528,0.0,0.006021019,0.0,28.332077,28.193024,37.6923,-0.987463,-0.6238608,4561.1055,0.0,0.0,0.0,-7068.914,3.5999988e-12,0.0,-151337.12,-217874.5,17123.93,0.0,0.0,1235895.0,1304904.0,0.0,0.0,0.0,-605422.0,-956462.56,0.0,0.0,0.0,0.0,0.76800394,3478.343,4.5914173,37.48761,85.6297,28.275238,40.375275,-9.28871e-06,0.0,48189.0023,4913.910693266666,1.1393834266666669e-07,1.0353180483333334e-06,40.00421791666667,6.357145333333336e-08,0.0,0.0027296236666666,0.0,6.520133835e-06,269.82136,6.69289329,1.6894634833333333,0.0327772063333333,2.416373086666667e-05,1.4717390285714284e-05,0.1988907614285714,131503.42857142858,13409.617817142858,1.8564064857142858e-07,1.2557370412857145e-06,49.414227857142855,1.6608009857142857e-05,6.82567372e-05,3.817300171428571e-06,215.19769142857143,40.86324671428572,8.501277185714285,-0.0774248384285714,-5.174293621428571e-05,7.99949585e-06,233590.2825,23819.579825,6.97529805e-06,4.813686e-05,1.024446325,3.0403614e-06,216.9611775,5.32338953575,-0.3063682975,-0.004206693,-1.7025e-05,4.519013333333333e-06,327870.70666666667,33433.507536666664,1.3107779e-05,0.0004113229999999,0.0487910313333333,3.378363533333333e-06,230.64158666666663,-0.9619459000000002,0.5189503666666666,3.684300000000009e-05,-1.32633438e-05,-9.42e-06,440625.5,44931.29662,6.6164425e-06,0.0039066325,0.0007794725,3.8059534e-06,256.425145,5.7247255,-6.89207385,-4.734450000000001e-05,1.0101525e-05
-79.56643631706304,0.369012,0.08691573,289.51196,293.46167,101496.69,100456.75,271.45996,271.45996,271.45996,289.90088,0.32765806,1.1670618,0.11826724,0.052858368,1.7772417,-5.4462376,2.075448,0.19147784,0.17344147,0.06919068,0.06491727,704.0845,0.31899107,0.049163193,0.0012058604,0.35188,0.005660858,0.014326278,6.157248e-06,-1.0897102e-06,0.21507573,-0.009907931,0.07702708,0.03830773,0.0,0.0,0.0,0.0,0.0,1070.938,51.901093,-0.0013067604,-3.4369164e-05,1.6366013e-09,-1332.1555,-293.19604,16300620000.0,31908516000.0,103263980.0,139450.69,0.040085815,48423424000.0,43.797943,-1087.5471,2677758.0,10234.641,0.0009792612,2781354200.0,9277295000.0,20714448.0,36989.363,0.0027963105,12245134000.0,66.656876,2656501200.0,2727720200.0,2627778.0,2646929000.0,2730387700.0,27.484268,0.018000785,0.0,-0.86233246,0.13524717,0.4957438,0.03044298,0.0020451664,-2.1358045e-07,0.004167855,12.734898,-0.84043556,-0.83235633,0.0,0.006025683,0.0,28.53801,28.509903,37.404644,-0.86233246,3.6559029,4578.5156,0.0,0.0,0.0,-3419.9802,3.5999988e-12,0.0,-168781.75,-211462.62,10921.926,0.0,0.0,1227696.0,1266286.0,0.0,0.0,0.0,-817419.3,-962146.4,0.0,0.0,0.0,0.0,0.46323764,2748.3328,-20.15918,15.879537,61.2453,18.243927,17.564774,-7.539859999999999e-06,0.0,48190.88438333333,4914.102612199999,1.1339115833333337e-07,1.1091276716666666e-06,43.27034075,4.767004666666668e-08,0.0,0.002806073,0.0,1.2312875765e-06,269.71880166666665,6.754462216666666,2.090763233333333,-0.0557867756666666,2.9823552666666665e-05,1.8085624228571427e-06,0.0272324599999999,131502.30214285714,13409.502952857143,1.9137408e-07,1.4819008285714283e-06,32.520242,1.6484669285714286e-06,3.889382217142857e-05,3.678450485714287e-07,215.35678142857145,41.494197,7.251499585714285,-0.0682025548571428,-2.509502531428571e-05,8.035822e-06,233584.6725,23819.0077625,6.957441975e-06,4.854225775e-05,1.0371606125,3.039242325e-06,216.6556525,5.9508077975,-0.39109627125,-0.00589002925,-1.7575e-05,-1.0697344e-05,327859.5233333334,33432.36715333333,1.30687935e-05,0.00041686,0.0474415596666666,3.381904833333333e-06,231.43332333333333,-1.0119253333333331,1.4139213333333334,0.0026234723333333,-1.4316666666666666e-05,9.105982e-06,440689.75,44937.848295,6.6009575e-06,0.0038334565,0.000862524,3.80458235e-06,255.63684,4.09282495,-7.962820000000001,-0.0006261895,9.66416335e-06
-79.58403859101863,0.38273746,-0.43563348,288.60352,291.60474,101520.5,100480.125,271.4602,271.45947,271.45996,288.8064,0.11258471,0.5104877,0.07264823,-0.11601645,1.5281715,-5.445842,1.8855448,0.19143784,0.1734122,0.06921059,0.06493372,764.72,0.04018397,0.10065478,0.0061389245,0.13243711,0.0010004095,0.014429912,-6.576696e-07,6.6896234e-08,0.03786786,-0.00802052,0.013116885,0.03308458,0.0,0.0,0.0,0.0,0.0,654.1804,69.26506,-7.510361e-05,0.00013595079,4.2703405e-09,-888.79663,181.66948,16346385000.0,32469107000.0,99458210.0,141408.25,0.040005296,49019204000.0,41.933014,-736.7466,2612892.0,10236.965,-0.0003126138,2562351000.0,8934209000.0,17079644.0,35323.973,0.0039203763,11666182000.0,61.07956,2656247000.0,2727118000.0,2627551.0,2646681900.0,2729710600.0,18.44101,0.018001199,0.024945475,-0.86233246,0.13524717,0.49575776,0.02616899,0.0013239351,1.1137337e-07,-0.00048054894,12.8885765,-0.83764905,-0.8282621,5.602619e-07,0.0060119256,0.0,28.38446,28.367676,37.28865,-0.86233246,3.6559029,4575.742,0.0,0.0,0.0,-1231.4106,3.5999988e-12,0.0,-173275.06,-201268.25,9702.629,0.0,0.0,1219770.0,1245842.0,0.0,0.0,0.0,-963049.5,-968878.3,0.0,0.0,0.0,0.0,-0.1871866,2043.2676,-32.769547,10.131093,72.86702,12.360496,6.569708,-1.007808e-05,0.0,48188.17808333333,4913.82664665,1.1264629083333342e-07,1.1623349016666668e-06,47.144523166666666,0.0,0.0,0.0028818391666666,0.0,1.07220353e-07,269.5559166666667,7.235260166666666,2.3356616011666667,-0.0359387071666666,3.178851933333333e-05,6.481774042857142e-06,0.006471815,131498.96357142858,13409.162514285714,1.947951928571429e-07,1.78943e-06,23.771482285714285,3.337742514285714e-07,2.1763917428571427e-05,6.812137199999999e-08,215.59775714285712,41.367479714285714,5.877516228571429,-0.0807815577142857,-1.789308477142857e-05,1.229835815e-05,233498.6725,23810.238205,6.90823565e-06,4.882734425e-05,1.1085492675,3.03748085e-06,216.0587775,5.7171039,-0.0430024799999999,-0.003672161,-1.82e-05,-1.409e-05,327870.95666666667,33433.533026666664,1.3092132e-05,0.0004190756666666,0.043886925,3.3828024666666665e-06,231.60561,-0.0902827666666667,0.90923072,-0.0005267233333333,-9.34e-06,1.7433860000000002e-06,440467.91,44915.22691,6.570244750000001e-06,0.003741225,0.000857446,3.8067001e-06,255.583525,3.0825815,-6.4757409500000005,0.0003761039999999,6.775892499999999e-06
-79.51975589689853,-0.16045177,-0.90886724,288.62402,291.00684,101475.56,100434.56,271.45996,271.45996,271.45996,288.2119,-0.68023896,-0.2802621,-0.044186387,-0.2633292,1.6395273,-5.4455404,2.8506155,0.19140428,0.17338467,0.06922448,0.06495327,962.00073,0.054244418,0.0920006,0.014652714,0.13537657,0.0002868094,0.00850505,-1.1745879e-06,-1.6148888e-06,0.012134723,-0.011319477,0.0015248589,0.012994155,0.0,0.0,0.0,0.0,2.4360808e-05,297.86572,13.3124275,-0.000318998,5.4952834e-05,-2.676077e-10,-467.92407,-71.30948,16513122000.0,33049690000.0,96855300.0,143680.5,0.040269107,49741263000.0,32.658066,-304.92676,2582378.0,10232.457,-0.0003957227,2249365000.0,8438259700.0,12635526.0,32931.81,0.0044525564,10828464000.0,51.636444,2654580200.0,2724054300.0,2626026.0,2645016600.0,2726634500.0,24.289062,0.017999511,0.0,-0.86233246,0.13524717,0.49578267,0.025182933,-0.0016529101,3.2443717e-07,-0.005625911,12.9608555,-0.83631736,-0.8263073,1.6331351e-06,0.0059987456,0.0,27.817184,27.808212,36.85028,-0.86233246,3.6559029,4572.414,0.0,0.0,0.0,-169.31403,3.5999988e-12,0.0,-166000.69,-194154.62,9658.145,0.0,0.0,1214448.0,1245240.0,0.0,0.0,0.0,-964265.1,-969465.56,0.0,0.0,0.0,0.0,-0.36091995,1576.428,-34.855927,7.708087,81.81209,-2.3719244,-4.1216393,-6.648814466666667e-06,0.0,48156.82913333334,4910.629943433333,1.1194464483333333e-07,1.0468134516666669e-06,50.19358661666666,0.0,0.0,0.0029574305,0.0,1.1894929500000002e-08,269.44795,8.153891726666666,2.8337399766666667,0.0129065195,2.72417581e-05,-4.327809428571429e-06,0.008035523,131458.4457142857,13405.03084142857,1.9739530714285722e-07,1.8158097171428568e-06,23.411475,1.0898461000000001e-07,1.959236094285714e-05,1.532107157142857e-08,215.72481,41.05078328571428,4.545269871428571,-0.053407815,-3.840428571428571e-05,1.216090025e-05,233356.4525,23795.7358,6.9040063e-06,4.92092045e-05,1.16148927,3.037398975e-06,215.8887725,5.12228065,0.147535575,0.00470005925,-1.98e-05,2.4165719999999987e-06,327782.42,33424.50480333334,1.3106895e-05,0.0004191886666666,0.0471306,3.3804360000000004e-06,230.6638266666667,0.4978907999999999,1.030651166666667,-0.0032974546666666,-6.933333333333334e-06,1.679392e-05,440133.25,44881.10109,6.606032e-06,0.003590811,0.0008656225,3.80816935e-06,254.299135,2.533504,-4.77260915,-0.0003384743249999,2.097179e-06
-79.56042437584009,-0.104047,-0.966958,288.4319,290.00977,101493.94,100451.75,271.45972,271.45972,271.45996,288.10303,-0.97022474,-0.42572522,-0.030251842,-0.26652575,2.039586,-5.4447746,2.5947456,0.19136292,0.1733554,0.069247484,0.06496364,961.12036,0.08856273,0.082665026,0.018227667,0.16834587,0.0004943742,0.010897711,3.9031613e-07,-1.105811e-06,0.02122752,-0.016597908,0.0037231445,0.017900258,0.0,0.0,0.0,0.0,0.0,701.43555,2.3556767,-0.003008999,-0.00022940486,-2.6996372e-09,-1389.2224,-1223.4314,16825975000.0,34405100000.0,97270536.0,148782.31,0.041976407,51411760000.0,33.59558,-706.37964,2606137.0,10234.035,0.0007843962,1982838400.0,7731246600.0,10852260.0,30020.047,0.0044429637,9852284000.0,50.444397,2653870600.0,2724459000.0,2625225.0,2644307200.0,2727054800.0,26.763657,0.018000863,0.09978187,-0.86233246,0.13524717,0.4958195,0.0323401,-0.0010035611,3.1544943e-07,-0.005460527,12.672803,-0.8360242,-0.82591647,3.0278416e-06,0.0060078315,0.0,28.264175,28.252838,36.438114,-0.86233246,3.643365,4569.793,0.0,0.0,0.0,2377.7056,3.5999988e-12,0.0,-182403.81,-193826.19,14238.984,0.0,0.0,1210251.0,1216892.0,0.0,0.0,0.0,-960404.94,-964971.75,0.0,0.0,0.0,0.0,-0.45899206,1080.9961,-47.66803,2.8169384,152.88464,-48.982254,-27.349731,-3.861436533333332e-06,0.0,48139.97711666667,4908.911515883333,1.1126622566666669e-07,9.48400915e-07,52.34900133333334,0.0,0.0,0.0030400593333333,0.0,0.0,269.3411116666667,9.482815055,2.8587048116666662,0.0101937768333333,2.497649383333333e-05,-3.1915982775714284e-06,0.0118298125714285,131438.45428571428,13402.992284285714,1.951147985714286e-07,1.8544386e-06,24.665926285714285,2.792844871428571e-07,2.1895297385714283e-05,4.342550771428571e-08,215.74310428571428,41.285888285714286,4.036389428571428,-0.0752242348571428,-2.1938577142857145e-05,4.377944e-06,233318.1075,23791.8257,6.9699756e-06,4.91866375e-05,1.1249311,3.0388469e-06,216.29217,5.664857375,-0.0496403175,0.00305145575,-2.135e-05,5.692481000000001e-06,327624.82666666666,33408.434753333335,1.30800535e-05,0.0004192836666666,0.0538927446666666,3.377503466666666e-06,229.91943,0.6407926983333332,0.9090097333333336,-4.372100000000004e-05,-8.515954233333333e-06,1.53450625e-05,439748.0,44841.816525,6.648262e-06,0.0035081125,0.0009689935,3.80841125e-06,253.40416,4.0060978,-4.7190160500000005,-0.000365103,-2.8450000000000003e-06
-79.57624052462522,0.3763082,-0.8431343,288.61377,289.97656,101533.625,100490.44,271.45996,271.4602,271.45996,287.4817,-0.59269965,-0.47388512,0.11431044,-0.24275148,2.0620327,-5.44368,2.3300238,0.1913355,0.17332786,0.06926745,0.06498623,978.54175,0.0,0.1128993,0.0463251,0.12148255,0.0,0.017952401,4.0111019e-07,-1.2207192e-06,0.0,-0.021443099,-0.00047302246,0.027938288,0.0,0.0,0.0,0.0,0.0,773.6096,-21.399612,-0.0020435343,-0.00028013624,-1.8761517e-09,-1177.9724,-1075.5417,17214765000.0,36015256000.0,98795384.0,154910.56,0.044030476,53437026000.0,43.448624,-811.87744,2642203.0,10238.008,0.0007327874,1095928700.0,5510749000.0,4598464.0,20736.121,0.0033927101,6738500000.0,49.943573,2653473300.0,2726273000.0,2624617.0,2643877000.0,2728945200.0,23.21283,0.018000882,0.4240731,-0.86233246,0.13524717,0.49587506,0.03467203,0.0011789347,2.713582e-07,-0.0064497627,14.160734,-0.8398251,-0.83145285,5.1436646e-06,0.006024275,7.328212e-05,29.17392,29.15767,36.74636,-0.86233246,3.643365,4562.082,0.0,0.0,0.0,1596.2891,3.5999988e-12,0.0,-153576.81,-189941.38,19899.578,0.0,0.0,1204221.0,1250486.0,0.0,0.0,0.0,-950019.9,-957386.6,0.0,0.0,0.0,9.473055,-0.97525877,729.27075,-83.2887,2.8942041,289.438,-95.89697,-49.680695,1.603663416666668e-06,0.0,48125.25956666667,4907.410743416666,1.110841965e-07,9.658373166666668e-07,54.0678245,0.0,0.0,0.0031529518333333,2.979378e-09,0.0,269.2596466666667,10.837872951666666,2.714104883333334,-0.0083619086666666,1.8974336583333333e-05,-3.305196285714286e-06,0.0,131413.59857142856,13400.457708571428,1.967701857142857e-07,1.8098414071428567e-06,17.43487042857143,0.0,1.2156388214285715e-05,0.0,215.8072771428572,41.46643042857143,1.5337156285714286,-0.0540000205714285,-1.7992859757142856e-05,-1.1709214999999995e-06,233291.1525,23789.0770525,7.026188975e-06,4.948225225e-05,1.1309732325,3.0402762e-06,216.491745,5.853055105999999,-0.2692362,0.00075779325,-1.9925e-05,6.535812633333334e-06,327558.6233333333,33401.68388999999,1.3066935e-05,0.0004216676666666,0.0567650966666666,3.376137133333333e-06,229.76975,1.1420888666666666,1.0995188333333334,-0.0006878879999999,-7.585862500000001e-06,-4.586112e-06,439416.565,44808.019555,6.639669750000001e-06,0.0035245125,0.000997165,3.81064045e-06,253.28098,5.432453499999999,-4.41261385,0.00014449606,-3.62e-06
-79.53272135245442,0.61618197,-1.0181208,288.66504,289.74536,101547.69,100503.56,271.45996,271.4602,271.45996,287.58447,-0.0531468,-1.2488365,0.24754506,-0.41163987,2.0152512,-5.442149,5.654421,0.19129413,0.17329693,0.06929046,0.06500578,1194.5195,0.011412516,0.18950379,0.2023822,0.2621969,0.0005982516,0.03164648,1.5365032e-07,-1.77978e-07,0.0081765205,-0.020000082,0.003073972,0.036570743,0.0,0.09985536,0.0,1.0,0.0,-47.739807,-57.365005,-0.0032759698,-0.00025640405,-4.4692214e-09,-1089.1533,-1807.0459,17562366000.0,37449097000.0,103890760.0,160369.88,0.04603696,55260303000.0,57.308105,49.846634,2734182.0,10239.289,0.00022548146,656269500.0,4242635500.0,1705735.0,15586.352,0.0019284869,5004994000.0,42.506393,2652692500.0,2727829800.0,2623634.0,2643099400.0,2730569500.0,26.341156,0.018000327,0.92298263,-1.000001,0.13524717,0.49595773,0.037235703,0.0057216994,6.5291573e-07,-0.014789365,16.196568,-1.000001,-1.000001,8.320458e-06,0.0060367472,0.00039691688,30.119339,30.086273,37.155132,-1.000001,-1.000001,4542.508,5.720406e-07,0.0,0.0,1550.4385,3.5999988e-12,0.0,-151261.94,-185590.38,14948.477,0.0,0.0,1200713.0,1249866.0,0.0,0.0,0.0,-952676.3,-957364.5,0.0,0.0,5.720406e-07,348.4524,-0.8771037,946.3999,-51.724457,18.173996,229.65146,-75.72461,-45.693787,3.8628389500000006e-06,0.0070330736666666,48091.84243333333,4904.003144133333,1.118669201666667e-07,9.654859833333333e-07,55.941348000000005,2.007021816666667e-07,2.544065166666666e-07,0.0032877936666666,5.958756666666667e-09,5.960647333333333e-08,269.13320500000003,11.6635382,2.915892783333333,0.0134413593333333,1.1240727e-05,-7.197593642857143e-06,0.0,131394.5635714286,13398.516674285716,1.982030957142857e-07,1.7915347142857142e-06,16.855428928571428,0.0,1.1480974e-05,0.0,215.93169857142857,41.74411271428572,0.1358868914285714,-0.0292643378571428,-3.478571428571429e-05,-4.26447575e-06,233273.42,23787.268845,7.072150425e-06,5.016209625e-05,1.139927405,3.041736125e-06,216.6644675,6.032763325,-0.8125427249999999,0.0024081305,-1.82e-05,8.736694666666667e-06,327506.69,33396.38816333333,1.3060567666666666e-05,0.000419183,0.0591871866666666,3.3748792666666662e-06,229.66341666666668,1.26341545,0.6461471,0.0005044053333333,-9.396666666666668e-06,-5.5923423e-06,439099.31,44775.66855,6.654042199999999e-06,0.003567991,0.0011051045,3.8112648e-06,253.09269,4.561051,-3.815161815,-5.904499999999997e-06,-3.555e-06
-79.49544369528415,0.39351308,-1.0605907,288.73535,289.7339,101550.19,100506.25,271.45972,271.45996,271.45996,287.636,-0.48775148,-2.016718,0.22365034,-0.56112045,2.265132,-5.4402742,6.3438683,0.1912545,0.17327547,0.069322646,0.06502229,1172.1697,0.011919197,0.15652394,0.17090291,0.22123212,0.0009522184,0.037456132,3.2791598e-07,1.1684e-07,0.015949272,-0.06558734,0.0038793,0.022626698,0.0,0.10725075,1.4301014e-07,1.0,4.872163e-05,573.01514,-48.45874,-0.001580012,-0.00029115984,-3.2166527e-09,-1102.8723,-1228.3857,18104000000.0,39016526000.0,112805720.0,166682.0,0.047476113,57399240000.0,66.22542,-569.8716,2917273.0,10239.578,0.00062006153,914146370.0,4460900400.0,4820506.0,16868.422,0.00129576,5462738400.0,33.58928,2652342300.0,2729548800.0,2623103.0,2642756900.0,2732461800.0,27.441391,0.017999984,1.2974253,-0.987463,0.13524717,0.49605715,0.04596314,0.0050528757,-3.866678e-08,-0.02132292,15.89821,-0.9873528,-0.9867283,1.1908664e-05,0.006053485,1.2212277e-05,30.948227,30.909042,37.19749,-0.987463,-0.6363988,4538.1875,0.0,0.0,0.0,3056.9744,3.5999988e-12,0.0,-163828.12,-197290.81,24049.578,0.0,0.0,1204600.0,1239406.0,0.0,0.0,0.0,-945639.3,-957984.44,0.0,0.0,0.0,369.26904,-0.78839076,1372.992,-50.868546,21.576263,333.86353,-133.32545,-79.821594,-1.1112636916666663e-06,0.0223969833333333,48085.3898,4903.345158716666,1.12333054e-07,8.689696433333334e-07,60.1180695,3.0996686833333334e-07,0.0,0.0035001306666666,0.0,6.755717166666666e-08,269.02974666666665,13.147781025,2.7058981333333336,0.0031780163333333,6.356950000000044e-08,-1.0679178571428572e-06,0.0,131374.81214285715,13396.502594285716,1.984015357142857e-07,1.5109537571428573e-06,20.57130657142857,0.0,1.913666657142857e-05,0.0,215.90867857142857,42.874333285714286,0.1981810714285714,-0.0467596002857142,-5.591428571428571e-05,-1.3334194e-06,233286.19,23788.5710225,7.106702475e-06,5.050998125e-05,1.122647205,3.0430199e-06,216.7488025,5.7520571,-1.29922675,-0.00043227375,-1.7375e-05,-3.2907098333333334e-06,327521.7733333334,33397.926236666666,1.3070763666666669e-05,0.000416988,0.0567919603333333,3.3757399666666667e-06,229.96326666666667,1.8409688333333327,-0.0053827,0.001079471,-1.0363333333333336e-05,-1.96635e-05,438957.06,44761.16309,6.6239002e-06,0.0036843555,0.001121263,3.81381415e-06,253.68923,5.1862616500000005,-4.70682335,0.0005341215,2.328473e-06
-79.57490016370195,0.5530063,-1.089241,288.72925,289.64136,101592.125,100547.44,271.45996,271.45947,271.45996,288.1565,-0.37348312,-2.2907066,0.4133932,-0.8017295,2.345047,-5.4391766,7.4438543,0.19121921,0.17324013,0.06934559,0.06504178,1172.2834,0.0960899,0.24050975,0.40837657,0.47743833,0.004467644,0.05696472,-1.7968468e-06,6.1992387e-06,0.080825925,-0.104881465,0.014693733,0.05485983,1.1894929e-07,0.056526765,0.0,1.0,0.0,621.89746,-1.1716795,-0.0049754977,-0.0002230611,-7.0980875e-09,-2168.2505,-2091.4436,18428338000.0,40204476000.0,117421464.0,171318.62,0.048452917,58951893000.0,80.42084,-670.1304,3026105.0,10243.801,0.0012456102,1051148900.0,4642476500.0,6176195.0,17731.742,0.0015943896,5783591400.0,34.448944,2652839700.0,2732420600.0,2623359.0,2643250200.0,2735444700.0,34.361923,0.01800014,7.769965,-0.987463,0.13524717,0.49611104,0.051918045,0.014300298,-2.7733614e-07,-0.02902367,16.613594,-0.9874262,-0.9868508,1.39471695e-05,0.0060720593,7.933764e-05,31.92688,31.863098,37.44381,-0.987463,-0.6363988,4452.293,5.720406e-07,0.0,0.0,2640.631,3.5999988e-12,0.0,-151850.5,-193680.12,23277.535,0.0,0.0,1202051.0,1250643.0,0.0,0.0,0.0,-932367.4,-947540.06,0.0,4.7579718e-08,5.720406e-07,423.47852,-1.0391407,1538.3384,-47.901627,19.076187,316.86182,-122.12952,-82.892624,-2.1489266666666122e-08,0.0429722956666666,48100.6784,4904.904162033333,1.127080325e-07,7.601535733333333e-07,64.05230216666666,1.3669357016666668e-06,3.497087716666667e-07,0.0036710605,0.0,9.178771166666666e-07,268.838745,14.211803076666667,2.1867592,-0.0013367481666666,-7.035941499999999e-06,7.469222299999999e-06,0.0,131360.3742857143,13395.030341428572,2.0058768142857146e-07,1.4568792171428573e-06,19.939976857142856,0.0,1.9357399585714283e-05,0.0,215.88182285714285,43.53879442857143,0.4483954457142857,-0.0276511561428571,-4.192857142857144e-05,-3.29168e-07,233319.595,23791.97738,7.12566535e-06,5.04366545e-05,1.111668835,3.044582175e-06,216.7382525,5.104210865,-1.658139675,0.00301614475,-1.8025e-05,-2.721719943333333e-06,327561.6866666667,33401.996263333334,1.31030215e-05,0.000410692,0.054698625,3.3760725e-06,229.79074666666668,1.6851446333333333,0.5272718566666666,-0.0002898873333333,-9.656666666666669e-06,-1.03589113e-05,438939.31,44759.35309,6.60902225e-06,0.0036985744999999,0.001032808,3.8173639e-06,253.419555,5.4891996,-4.39846175,-3.803500000000012e-06,6.85199035e-06
-79.59332720569759,0.5441054,-1.3474207,289.36523,290.76025,101638.375,100594.125,271.4602,271.45996,271.45996,288.5481,-0.73523587,-2.9982529,0.40243518,-1.0078182,3.0026588,-5.421815,7.197303,0.19117957,0.17321086,0.0693562,0.06506437,1106.7402,0.0,0.33936226,0.92275584,0.93980527,0.0,0.16644019,1.355802e-07,6.14211e-07,0.0007019043,0.17886567,-0.00076293945,0.7446393,6.78011e-07,0.013124991,0.0,0.0,0.004978072,77.824814,-48.292557,0.001812824,-0.00012461471,-3.302411e-11,213.96806,-39.071976,18640675000.0,40465592000.0,118723060.0,172531.19,0.047675002,59349380000.0,49.08873,-109.337326,3117733.0,10248.477,0.0009198708,222724530.0,3377442300.0,-544213.4,11785.77,0.0019084113,3695106300.0,39.04091,2654770000.0,2741334000.0,2624638.0,2645176000.0,2744446200.0,45.273453,0.01799969,121.2646,-1.000001,0.13511938,0.49718755,0.08133346,0.008219827,-8.3733886e-07,-0.042674955,16.722424,-1.000001,-1.000001,4.724007e-05,0.006077308,1.2212277e-05,34.825882,34.65448,37.43807,-1.000001,-1.000001,4451.617,1.3322315e-06,0.0,0.0,2673.7312,3.5999988e-12,0.0,-150806.81,-192693.56,29661.64,0.0,0.0,1203663.0,1252182.0,0.0,0.0,0.0,-928164.06,-941041.1,0.0,1.3798117e-06,0.0,79.53323,-0.465133,1396.45,-20.181229,36.43779,366.6631,-140.60213,-115.80061,2.0759055e-06,0.0,48123.02856666667,4907.183244716666,1.157648325e-07,5.9206794e-07,54.568399166666666,0.0,0.0,0.0035315001666666,1.0525819e-07,0.0,269.3969,14.711486210333334,1.4734860588333332,0.0132018598333333,-1.9886666666666664e-05,-3.6442139e-06,0.0,131432.8742857143,13402.423282857144,2.0259404714285722e-07,1.0438727457142855e-06,17.56020142857143,0.0,1.4226139185714284e-05,0.0,215.77631714285715,42.920113571428566,-2.2500864985714286,0.0070125407142857,-5.1371428571428576e-05,1.585643249999997e-07,233410.375,23801.23437,7.10253445e-06,4.97916695e-05,1.067250885,3.0463536e-06,216.87447,4.257307024999999,-1.491809265,-0.002026786585,-1.93e-05,-8.586176666666668e-06,327631.62666666665,33409.12816,1.3081387333333334e-05,0.0004033236666666,0.0535531123333333,3.3762135e-06,229.95240666666663,0.2901661466666667,1.2757573166666667,0.001107871,-9.913333333333334e-06,1.2163329e-06,438821.09,44747.298005,6.820095e-06,0.003683856,0.001138828,3.8175104e-06,252.620635,4.283998,-3.619163,0.00015134635,7.4143995e-06
-79.64480119364217,0.2785743,-1.9299803,289.49927,291.15918,101657.375,100612.625,271.45996,271.45972,271.45996,290.5061,-1.3033657,-3.4832249,0.24597657,-1.8486567,3.7007046,-5.3877945,2.4561262,0.19114739,0.17318636,0.06937617,0.06507474,1059.1328,0.0,0.16119659,0.42634553,0.4407782,0.0,0.08699876,-2.12143e-07,7.0713504e-06,0.00036621094,0.2923516,0.0007019043,0.31049085,9.734301e-06,0.14179295,0.0,1.0,0.01295837,-1.1891441,-76.916534,-0.0024961622,-0.00026073377,3.0079483e-09,-879.48804,-1764.238,19165512000.0,42142510000.0,130117970.0,179161.88,0.04861447,61590480000.0,59.841614,-81.88309,3320640.0,10250.418,0.0008012343,-183255580.0,2338684700.0,-4269438.0,7430.0977,0.0016271225,2254527000.0,41.203415,2655424500.0,2743284200.0,2625178.0,2645849000.0,2746615300.0,76.72594,0.01799903,48.601517,-1.000001,0.13511938,0.4991539,0.13077283,-0.0077678077,-5.3214844e-06,-0.06476897,17.144188,-1.000001,-1.000001,0.00011359164,0.0060882047,6.1035156e-05,35.273468,35.17218,37.279408,-1.000001,-1.000001,4449.8906,9.3379285e-06,23628.426,7894.465,-4181.2617,52965.867,58226.414,-163791.5,-193302.94,25233.59,73637.0,61605.57,1204632.0,1240976.0,223867.5,141463.31,149347.69,-935958.8,-944359.2,17497.5,9.242476e-06,0.0,196.06754,-0.49763143,1617.6611,-41.748917,20.136612,606.8589,-194.24078,-162.77487,2.672098833333332e-06,0.0,48132.4522,4908.144187933333,1.1617729e-07,5.3187052e-07,56.63148533333333,0.0,3.336902666666667e-07,0.0035998249999999,8.579063333333333e-07,0.0,269.2724983333333,15.513732343333333,1.7622950666666668,-0.1346031541666666,-2.508933333333333e-05,-3.8561463285714285e-06,0.0,131464.19785714286,13405.617398571429,2.057064585714286e-07,9.176678428571428e-07,19.653967,0.0,1.780113004285714e-05,0.0,215.78117142857144,43.70376171428571,-3.3114211285714283,0.0770534485714285,-5.860271428571428e-05,-4.039007000000001e-06,233424.19,23802.6431075,7.12123925e-06,5.0171337e-05,1.09203542,3.048141025e-06,216.8651925,3.683956425,-1.6002381375,0.0005725072499999,-1.98e-05,-8.64e-06,327741.98,33420.38106666666,1.3111684833333334e-05,0.0004065683333333,0.0512070076666666,3.3767983e-06,230.01329666666663,0.6123328866666666,2.044456073333333,-0.0010516343333333,-5.911366666666666e-06,1.25392595e-05,438728.6,44737.866655000005,6.834794499999999e-06,0.0036411785,0.0011904025,3.8182288e-06,252.258995,4.7015147,-2.9826879,-0.000333648,5.0481362e-06
-79.61808798948252,-0.760315,-1.8526525,289.85107,292.22705,101696.75,100651.0,271.4602,271.45972,271.45996,293.23315,-2.2195597,-2.9206934,-0.8051168,-1.9789371,4.649166,-5.392646,-12.3950815,0.19109857,0.1731571,0.06939918,0.06509125,839.26025,0.0,0.67629176,0.41000837,0.73776555,0.0,0.15152287,4.2700043e-07,7.3942892e-06,-0.0005340576,0.08091551,-0.00039672852,0.45602667,2.9050425e-05,0.541916,7.3894744e-06,1.0,0.0018791535,797.42114,-120.6494,-0.010145422,-0.0006982058,-2.1903128e-09,-3447.538,-4554.1562,19588140000.0,42981917000.0,144597760.0,182883.19,0.047577284,62860330000.0,59.02832,-800.2742,3552173.0,10254.281,0.0015468586,-268180030.0,2338437000.0,-7231737.0,7197.6016,0.003073049,2193268700.0,52.948975,2656001000.0,2747048000.0,2625446.0,2646406100.0,2750608400.0,219.88869,0.017999604,31.225769,-1.000001,0.13511938,0.49887335,0.15607148,-0.057185028,-1.4556724e-05,-0.08064371,17.894314,-1.000001,-1.000001,0.000104147315,0.0060797706,0.000103796876,36.60814,36.45497,36.43408,-1.000001,-1.000001,4411.1523,7.360356e-05,290407.06,37737.957,-55892.15,298151.7,441856.75,-175126.94,-210944.06,-34243.75,522379.75,346370.38,1210071.0,1275115.0,1118689.0,674136.8,832202.3,-933792.94,-945563.06,166476.44,6.740588e-05,6.4832193e-06,900.74805,-0.87354964,2578.0852,-86.80841,-51.302353,791.4546,-202.80438,-252.46169,-3.713759561666667e-06,0.0007810256666666,48145.16535,4909.440568466666,1.1572417250000001e-07,3.8385221166666666e-07,60.393184,0.0,6.9918338e-07,0.0037886136666666,1.1916655e-07,0.0,269.1747283333333,16.039579566666667,1.6712094833333333,-0.0488085815,-2.817e-05,-1.796707857142857e-05,0.0,131486.80357142858,13407.922537142857,2.0455105142857145e-07,8.643616457142857e-07,23.369516,0.0,2.6251483642857147e-05,0.0,215.89233428571427,45.13403328571429,-4.171627104285714,0.0935370411428571,-7.180657142857144e-05,-1.9505e-05,233448.03,23805.0741075,7.1702371e-06,5.113071175e-05,1.065565965,3.049855425e-06,217.23578,2.6977178,-0.3000594999999999,0.0064619665,-1.5e-05,-2.2431406666666667e-06,327725.6066666667,33418.71145,1.3139284333333332e-05,0.0004067106666666,0.052898845,3.3743745e-06,229.52635333333333,1.3393415,1.5821945833333333,0.000252644,-3.5292717666666667e-06,5.678382e-06,438849.41,44750.185845,6.7768870000000006e-06,0.003650429,0.0010867799999999,3.82140795e-06,253.4185,3.43661595,-3.5210271,0.000769073,2.6546075e-06
-79.60196936966364,-1.8402996,-1.5655394,290.17456,292.57178,101768.875,100721.69,271.45972,271.45996,271.45996,294.44507,-2.8310337,-2.097867,-1.9532347,-1.6684694,6.8588676,-5.371175,-15.141809,0.19106638,0.17312956,0.069425225,0.06511384,611.9031,0.60402155,0.66446686,0.5017999,0.96947265,0.0015754532,0.3087356,-1.9077743e-06,-1.1821803e-06,0.07293755,0.14690572,0.00021710077,0.9749368,4.045444e-05,0.7386675,1.4754406e-05,1.0,0.037592247,1379.3376,-65.96913,-0.004142493,-0.0005965717,3.440941e-09,-2191.698,-2395.5823,19763016000.0,43296874000.0,153167490.0,184357.94,0.04770051,63407956000.0,77.303375,-1385.4475,3665937.0,10261.449,0.0010892411,74457070.0,3205521200.0,-6949842.0,10686.332,0.006182447,3445579000.0,68.55379,2657295000.0,2752836400.0,2626340.0,2647704600.0,2756499700.0,532.40796,0.017999344,45.344666,-1.000001,0.13511938,0.50005937,0.2184279,-0.12701553,-2.5800968e-05,-0.08204442,22.16233,-1.000001,-1.000001,0.00014847955,0.0060702935,0.00020150356,38.593323,38.245148,36.025658,-1.000001,-1.000001,4409.375,0.00012377732,753065.2,71797.81,-182955.81,579879.75,956381.6,-145523.69,-246129.88,-133557.94,1112052.0,672020.06,1228269.0,1364865.0,1970274.0,1183873.0,1566490.0,-918969.4,-952376.94,316332.44,6.96214e-05,5.415619e-05,2595.2646,-1.3976736,6696.1445,-138.91124,-364.65796,763.86523,-131.28719,-389.47437,-2.2558381e-06,0.0007810256666666,48184.251833333336,4913.4262806,1.1580117666666669e-07,3.368887333333334e-07,65.56210733333333,2.7820741666666683e-08,8.899392966666667e-07,0.004002472,2.632133333333333e-06,3.577145e-08,269.20225166666665,16.3327368,1.5565449166666667,0.0004012888333333,-2.371333333333333e-05,-5.155310785714285e-06,0.1301514648571428,131484.5992857143,13407.697764285716,2.012280257142857e-07,1.2783966442857144e-06,49.84039914285714,7.494814428571429e-07,6.357247987142857e-05,0.0,215.8745842857143,46.52770985714285,-4.185949182857143,0.0440735118571428,-6.241242857142857e-05,-1.558e-05,233486.965,23809.04437,7.15219605e-06,5.174688025e-05,1.0784578875,3.049591875e-06,217.0233625,3.0408620125,1.2818777099999998,-0.0071196920405,-9.4075e-06,-3.7017226666666665e-06,327801.14666666667,33426.41439,1.3148502666666668e-05,0.0004110036666666,0.0529512306666666,3.3731145666666667e-06,229.49833666666663,1.173254,1.4136105366666667,-0.000347220482,-1.8354524333333333e-06,-2.740105000000001e-06,439177.75,44783.667205000005,6.746103499999999e-06,0.00366849,0.0009007889999999,3.82630015e-06,254.120835,2.767959535,-4.08054075,5.61335e-05,3.7789537e-06
-79.50970347955518,-3.307948,-1.1735392,289.23535,294.08838,101774.44,100727.875,271.45972,271.45972,271.45996,293.76538,-4.90596,-1.5683947,-3.37389,-1.1962824,8.866383,-5.33228,-6.023608,0.19102198,0.1731003,0.06944209,0.06512421,722.32935,0.9892135,0.80082965,0.67421246,1.0,0.02237657,0.36725992,-1.4404642e-05,7.637224e-06,0.9860282,0.22476697,0.080907404,1.1238832,1.7193452e-05,0.5339454,3.1307936e-05,1.0,0.041576628,1088.6528,0.43694824,-0.0014347536,-0.00039803074,3.9350283e-09,-1344.45,-1159.0964,19584578000.0,42585980000.0,148010980.0,181490.38,0.048792657,62519968000.0,80.5677,-1048.928,3606162.0,10262.102,-7.4904325e-05,648830200.0,4598453000.0,-2559002.0,16438.758,0.008434117,5453333000.0,83.22679,2658295600.0,2755593500.0,2627161.0,2648678000.0,2759202600.0,651.51733,0.017999653,14.34868,-1.000001,0.13511938,0.50226426,0.29857445,-0.26415002,-4.469267e-05,-0.07565665,25.092676,-1.000001,-1.000001,0.00022803106,0.006058093,0.00037245196,39.401062,38.956512,35.72668,-1.000001,-1.000001,4409.051,0.00025279983,1205470.0,85595.5,-314716.5,737342.94,1424647.0,-119976.0,-269060.12,-198581.38,1649692.0,851037.06,1244926.0,1412446.0,2669540.0,1527737.0,2194896.0,-887424.7,-943920.7,355344.94,0.00018638196,6.603643e-05,2027.1123,-0.7800181,15756.055,-96.7896,-1068.9868,566.60864,-24.778458,-473.0481,-8.006839733333334e-06,0.0039063698333333,48212.647800000006,4916.321863149999,1.1640938066666669e-07,3.297596633333334e-07,68.15943183333333,2.7815865e-07,2.439401488333333e-06,0.0040789228333333,2.699912544666667e-06,1.2120586733333332e-06,269.339475,16.29828065,1.6007917666666664,0.0553377479999999,-2.789e-05,2.649180214285713e-06,0.23056548,131526.54571428572,13411.975111428572,2.019246642857143e-07,1.0447198242857142e-06,52.75808685714286,2.4382800428571425e-06,6.977678775714286e-05,1.5660603142857149e-07,215.84727142857145,45.70727985714286,-3.1486062571428577,0.0304773691428571,-8.017942857142857e-05,-1.86075e-05,233485.2825,23808.8728075,7.130469375e-06,5.2959225e-05,1.13118864,3.0494143e-06,216.884455,3.33103891,2.33212925,-0.0001998089999999,-7.15e-06,5.465180433333333e-06,327866.04,33433.03166666667,1.3162271333333331e-05,0.000413359,0.0557993306666666,3.370316633333333e-06,228.98967666666667,1.3149462200000002,2.4660231666666665,-0.0029341906666666,-6.232536666666668e-07,-2.729e-05,439457.975,44812.2422,6.71757865e-06,0.003756224,0.000837127,3.8297884e-06,254.886435,1.911116515,-2.2524272,-0.0003059295,1.130903935e-05
-79.60854198157273,-3.4606962,-1.0690632,288.59473,293.6941,101763.625,100716.31,271.45996,271.45996,271.45996,293.14673,-5.2329836,-1.4093733,-3.4839792,-1.0767756,8.118867,-5.350793,-2.7250776,0.19099283,0.17308193,0.06946206,0.065143764,857.1577,0.9822495,0.80747825,0.75433874,0.99695235,0.023681019,0.5061748,-2.3234497e-06,4.755646e-05,0.97559243,-0.13080609,0.22850859,1.6349392,2.291477e-05,0.22584331,3.3876213e-06,1.0,0.010870516,1975.0757,-38.04567,-0.0028510161,-0.00029684952,5.2107794e-09,-2203.8398,-1026.1548,19392195000.0,41891533000.0,145843760.0,178673.0,0.04894171,61639290000.0,83.20618,-1934.1919,3575758.0,10260.754,-0.00038958783,1506760600.0,6398887400.0,4353185.0,24120.691,0.011318918,8142647300.0,92.354706,2658459100.0,2756196600.0,2627298.0,2648846600.0,2759772700.0,725.1421,0.018000722,8.003336,-1.000001,0.13511938,0.5010592,0.2725371,-0.26879233,-4.2881307e-05,-0.076509535,26.188437,-1.000001,-1.000001,0.00019168663,0.006044112,0.0011968126,39.6976,39.133102,35.801117,-1.000001,-1.000001,4407.7773,0.00022603132,1570260.0,136632.69,-339203.94,684545.2,1784150.0,-120739.625,-272276.0,-164398.62,2062071.0,787218.25,1244353.0,1403719.0,3168998.0,1609625.0,2654956.0,-706088.1,-938638.2,220126.56,0.0001407904,8.562235e-05,1504.4978,-0.6179944,17400.637,-74.65048,-1131.4216,409.54736,-12.886931,-407.3501,-7.13877466e-06,0.0046873955,48212.70178333333,4916.327367916667,1.1624864833333333e-07,3.237130183333333e-07,68.81858166666667,5.5599996666666665e-08,3.5837094000000003e-06,0.004021796,9.038666e-07,3.5999324566666662e-06,269.36245833333334,15.821258783333334,1.2678257916666666,-0.0476957415,-2.6621666666666663e-05,1.568437142857143e-06,0.0845653842857142,131570.8407142857,13416.49194142857,1.9943792000000002e-07,9.968026191428572e-07,49.531091,7.013560157142857e-07,6.526480925714286e-05,3.5746734857142865e-08,215.8052757142857,45.597707,-1.7325931514285715,0.0025348014285714,-5.298571428571429e-05,-1.06344715e-05,233505.25,23810.9089225,7.125222e-06,5.535645925e-05,1.152970425,3.048623275e-06,216.953305,4.017692725,3.3608422,-0.00316309325,-2.184109225e-06,7.963403666666665e-06,327840.43333333335,33430.42051333334,1.31571515e-05,0.000420511,0.0595704956666666,3.3675675333333337e-06,228.758,0.8233070066666667,3.408539466666667,-0.0008323006666666,-1.980650333333334e-06,-4.918847e-06,439824.775,44849.645395,6.7429712e-06,0.0038115925,0.0009120635,3.82760675e-06,254.65772500000003,0.6443076625,1.5767964,-0.0007787835,1.6684561499999997e-05
-79.59625388823204,-2.6789665,-1.238514,287.90894,293.57568,101747.44,100700.19,271.45996,271.45996,271.45996,292.77026,-4.084921,-1.6775837,-2.6857204,-1.2422161,7.6889906,-5.340375,11.8746805,0.19095933,0.17305267,0.06948507,0.065163314,779.4673,0.99054873,0.9992083,0.9936374,1.0,0.1353221,0.53296024,-3.232849e-05,3.7798323e-05,4.7760572,0.04903323,1.5594378,1.7284203,1.1905377e-05,0.12366694,3.1029158e-06,0.0,0.012105145,2961.5251,56.771698,-0.0019693447,-0.00021117348,5.0923568e-09,-2772.8699,-297.47095,19223069000.0,41433194000.0,144992050.0,176755.44,0.049902763,61066945000.0,105.96991,-2987.631,3529611.0,10259.18,-0.0006804345,1977674400.0,7126655000.0,9276092.0,27456.75,0.012126338,9333240000.0,87.69594,2657453300.0,2755259000.0,2626294.0,2647838200.0,2758779400.0,733.20166,0.017999243,1.9521046,-1.000001,0.13511938,0.5015668,0.25423098,-0.16520047,-3.243747e-05,-0.073333025,26.465578,-1.000001,-1.000001,0.00021236573,0.0060230233,0.006470315,39.98633,39.163437,36.39981,-1.000001,-1.000001,4267.418,0.000105026294,1751961.0,128035.125,-341638.12,680973.6,1969504.0,-105259.19,-267397.94,-179266.44,2275174.0,783605.9,1242540.0,1418909.0,3434626.0,1660543.0,2898439.0,-663011.06,-934129.8,144588.69,7.419035e-05,3.102678e-05,630.50806,-0.47547442,17130.957,-19.518204,-961.8413,85.045044,-2.4287424,-497.39917,-1.4607811666666667e-05,0.0299475156666666,48181.15063333334,4913.1100461333335,1.1478997916666666e-07,3.444489816666666e-07,74.05760500000001,3.9184813e-06,2.9405847733333333e-06,0.0040267006666666,8.011396333333333e-07,2.737227193333333e-05,268.966285,14.825395933333333,0.7774532000000001,-0.1292331343333333,-2.3905e-05,9.82441447142857e-06,0.188163844,131544.4457142857,13413.80040142857,1.9028647914285722e-07,1.106860667142857e-06,51.617749,4.345788101428572e-06,7.171783235714285e-05,3.882380652857143e-07,215.6981485714286,45.98704971428572,-0.7985511114285716,-0.0454775042857142,-5.23e-05,1.35375605e-05,233476.7175,23807.99942,7.069405675e-06,5.58080415e-05,1.16669458,3.045828825e-06,216.54178,5.005701425,3.95921065,-0.0064706245,-1.5789677500000002e-06,7.957245499999998e-06,327729.73333333334,33419.13225333334,1.31449195e-05,0.0004317716666666,0.0595546909999999,3.3672862000000003e-06,229.12809666666664,1.1505501666666669,3.3492390000000003,0.000785948,-4.1420876000000005e-06,4.54807235e-05,439923.84,44859.74721,6.85120625e-06,0.003702903,0.0010673405,3.82126015e-06,253.006525,2.0987754,2.81697361,-0.0014051325,1.073711575e-05
-79.71125379532623,-1.366662,-0.9631667,286.98828,293.2041,101716.125,100668.0,271.45996,271.45972,271.45996,291.83057,-2.6666584,-1.5264502,-1.2781801,-0.8766041,7.1287966,-5.3254547,7.306877,0.19092101,0.17301422,0.069505036,0.065179765,768.12744,1.0,0.8993632,0.92174494,1.0,0.16228122,0.5598576,-2.6346068e-05,4.8619666e-05,5.61495,-0.11003661,1.6744499,2.043438,5.022013e-07,0.116823375,2.0049974e-06,0.0,0.023811765,1987.7676,55.87047,-0.0012652779,-6.478031e-05,9.589915e-09,-2143.5806,-199.66876,19030727000.0,40877740000.0,140714100.0,174446.56,0.05074861,60349480000.0,118.908936,-2033.127,3429203.0,10255.91,-0.0009290576,1987348000.0,6981433300.0,9210403.0,26933.586,0.011534724,9192839000.0,86.56526,2656339200.0,2753841000.0,2625223.0,2646745600.0,2757271800.0,645.82886,0.017999247,0.8006857,-1.000001,0.13511938,0.5027326,0.2368635,-0.08100164,-3.0136434e-05,-0.048575584,26.230398,-1.000001,-1.000001,0.00024122007,0.005996462,0.0064341277,40.09352,39.042633,37.016037,-1.000001,-1.000001,4267.1914,3.130341e-05,1759460.0,89415.25,-257381.69,534146.06,1977414.0,-108527.5,-266541.56,-141496.38,2284108.0,619730.25,1240068.0,1411452.0,3447991.0,1491841.0,2911368.0,-667066.75,-930094.2,142207.44,1.5979895e-05,1.527567e-05,440.5027,-0.20056069,13340.426,-3.6980143,-751.6228,17.67836,-3.5191097,-595.386,-9.4718134e-06,0.0828155918333333,48144.29643333334,4909.3519637,1.1378326166666669e-07,3.963489033333333e-07,78.51559183333333,1.0524889974166668e-05,1.811985273333333e-06,0.0040638858333333,8.957190653333334e-07,7.232057266666666e-05,268.60185,13.959539,0.5512082600000001,0.0247611895,-2.1911666666666666e-05,1.3476466e-05,0.1948701041428571,131516.6242857143,13410.963405714285,1.7959975514285717e-07,1.0861347214285717e-06,54.94391757142857,1.0231624614285716e-05,7.460942128571428e-05,1.3419672214285714e-06,215.4276871428572,45.66535071428571,-0.5840249571428576,-0.0238794035714285,-6.361428571428572e-05,2.647345e-05,233429.045,23803.1381775,7.002076725e-06,5.5073303e-05,1.205148675,3.042845275e-06,216.0379375,5.804228075,3.148047635,-0.00592595125,-5.4350000000000005e-06,-2.88568e-06,327771.62,33423.40350666667,1.3147085666666668e-05,0.0004391686666666,0.0544193836666666,3.3683497e-06,229.89329666666663,2.41698555,3.0696757,0.001720587,-4.2040887333333335e-06,1.51611695e-05,439803.63,44847.489205,6.869092899999999e-06,0.0035881389999999,0.0010636935,3.8188933e-06,253.59545,3.0221201,2.6704732150000003,0.000657947,-1.979e-06
-79.68743144846081,-0.7597417,-1.0493841,286.4297,292.89014,101681.81,100634.75,271.45972,271.45972,271.45996,291.60962,-1.5468655,-1.7998219,-0.82341385,-0.9085041,5.950305,-5.325062,7.6452675,0.19088882,0.17298669,0.06952804,0.065196276,873.3823,1.0,0.99717885,0.98576635,1.0,0.23214865,0.6293259,-4.5241744e-05,3.3284683e-05,8.235636,-0.3149975,2.581212,1.9617548,0.0,0.10568547,2.7666574e-06,0.0,0.03782377,2059.9487,104.77734,-0.0021453067,4.9312075e-06,9.50795e-09,-2479.7075,-280.96436,18805664000.0,40100760000.0,135133980.0,171306.44,0.050245654,59336880000.0,118.34439,-2119.237,3323206.0,10252.461,-0.00062430184,2169816300.0,6592659500.0,11915087.0,26031.578,0.009385038,8940056000.0,66.198166,2655622700.0,2752144000.0,2624638.0,2646039800.0,2755455500.0,540.2168,0.018000294,1.2751331,-1.000001,0.13511938,0.5024988,0.20399791,-0.056881703,-2.3024273e-05,-0.056129843,25.518436,-1.000001,-1.000001,0.00024250393,0.005960159,0.00467138,39.963165,38.640472,37.045143,-1.000001,-1.000001,4187.1562,2.1193875e-05,1583522.0,34185.97,-142616.5,256331.0,1802962.0,-92784.75,-259677.69,-49761.2,2083736.0,293996.5,1234625.0,1410742.0,3208197.0,1175144.0,2690364.0,-688600.8,-926007.1,32483.293,6.696018e-07,2.0619438e-05,410.6189,-0.14836127,11035.43,-23.158142,-502.75806,125.12709,-19.693375,-544.60034,-8.217480733333332e-06,0.0961052333333333,48107.48926666667,4905.598677,1.1347881933333336e-07,4.406987366666667e-07,77.71700266666666,1.07702426e-05,9.694768566666667e-07,0.004010108,1.5197923215833334e-06,9.543315233333336e-05,268.56406166666665,13.322006333333334,0.1365932299999999,0.1476429668333333,-1.99027345e-05,2.5362147571428573e-05,0.3636137814285715,131522.02642857144,13411.514271428572,1.7537425e-07,9.923054942857142e-07,57.98857099999999,1.6566543942857143e-05,7.770013771428571e-05,3.055139861142857e-06,215.3904157142857,45.25151742857143,0.6704648285714286,-0.0574190654285714,-8.037942857142857e-05,1.9678904e-05,233390.9525,23799.25382,6.981309275e-06,5.380779075e-05,1.24674601,3.042264575e-06,216.0070625,6.029147525,1.6880152250000002,0.0010909495,-1.00575e-05,1.4043586666666677e-06,327916.11333333334,33438.13773,1.3213056666666668e-05,0.0004349973333333,0.048817771,3.3678634e-06,230.02229,4.1550865,2.8198967,-0.0007093923333333,-4.102897333333333e-06,-1.435e-05,439926.53,44860.021515,6.8189065e-06,0.003758384,0.0009477515,3.81961165e-06,254.88655,4.95040325,3.289547175,-0.0004303759999999,2.6483715250000003e-06
-79.71927411242454,-0.53290826,-1.1891642,286.08862,293.0625,101671.625,100624.31,271.45996,271.45972,271.45996,291.3623,-1.1558275,-2.1625605,-0.65599585,-1.0056343,3.9809723,-5.329546,8.0369005,0.19084305,0.17295879,0.06954801,0.065215826,867.2107,1.0,1.0,1.0,1.0,0.2910633,0.7614554,-2.6421505e-05,5.7879206e-06,11.0354595,-0.71559864,3.4356089,1.8612928,0.0,0.38919824,9.870899e-05,1.0,0.04091066,2010.2544,111.09938,-0.002894113,-6.794989e-05,6.9104864e-09,-2875.839,-901.0029,18641072000.0,39478333000.0,128926580.0,168781.5,0.04929273,58530390000.0,112.990875,-2094.5615,3245636.0,10251.445,7.995157e-05,2601510000.0,6844079600.0,16659621.0,27781.695,0.007835679,9587261000.0,49.69449,2655417300.0,2750599000.0,2624556.0,2645836300.0,2753860400.0,419.2439,0.017999362,6.6978903,-0.51264066,0.13511938,0.5020693,0.1280455,-0.04381978,-1.4607637e-05,-0.053752437,27.329796,-0.43960255,-0.41071677,0.00023417106,0.005930789,0.0009947272,39.801483,38.109863,35.68102,-0.51264066,15.270335,4269.242,0.00030576834,1228374.0,24976.371,-193315.31,173845.69,1454123.0,-52847.723,-234786.06,11681.418,1682982.0,196912.25,1235713.0,1422456.0,2731680.0,909219.6,2252553.0,-558645.2,-918580.5,128.13367,0.0,0.00030605425,1648.5754,0.12428182,7741.551,1.5675392,-174.50583,144.3736,-51.048584,-219.41362,2.7832361666666653e-06,0.1411590856666666,48079.468166666666,4902.741320116666,1.13413469e-07,4.575059366666667e-07,75.03197666666667,7.363514835e-06,7.231625466666667e-07,0.0039435551666666,1.982857333333333e-06,0.0001258192745,268.7412533333333,13.05175249,0.3152617524999999,0.1505319001666666,-2.22540515e-05,2.8306874142857145e-05,0.4488845171428571,131543.84,13413.738637142857,1.63578597e-07,1.199428397142857e-06,61.57220014285714,3.4680097291428576e-05,8.249392171428573e-05,8.634286885714285e-06,215.3743,44.459410857142856,2.831128271428572,-0.1060410701428571,-6.802642857142858e-05,1.697480275e-05,233391.985,23799.3591125,7.010140325e-06,5.208084325e-05,1.21309376,3.0427009e-06,216.3613525,6.3857281,0.1961647399999999,0.003451805,-1.485e-05,6.603938666666666e-06,327991.04,33445.77811666666,1.3242547333333334e-05,0.0004294159999999,0.050062259,3.3659095333333333e-06,229.64346666666663,5.152127233333334,2.27312744,-0.0015014203333333,-3.59535785e-06,7.186085000000001e-07,440017.0,44869.246885,6.8110312e-06,0.0038659525,0.001010257,3.8149847e-06,255.1401,6.2686165,4.75799932,-5.2e-05,4.202047e-06
-79.7059689909699,-0.05572822,-1.0456734,285.72876,292.02734,101687.75,100640.5,271.45996,271.45972,271.45996,290.60767,-0.89714754,-2.1374998,-0.31303293,-0.811214,3.814333,-5.3272896,8.17933,0.19080782,0.17292821,0.06957102,0.065238416,817.23193,1.0,1.0,1.0,1.0,0.2592057,0.7671365,2.50882e-05,1.4602791e-05,9.925218,-1.0688744,2.6149979,1.8456497,0.0,0.24812931,6.5777785e-05,1.0,0.055881213,1512.0435,125.61185,-0.005212318,6.318014e-05,-4.3150585e-09,-3447.6162,-1578.1982,18511350000.0,38751580000.0,123693840.0,165883.19,0.04874678,57651253000.0,105.792435,-1633.7976,3174133.0,10253.043,0.00044768513,2472137000.0,6374472700.0,16506135.0,25969.54,0.005782366,8968026000.0,42.99118,2656446000.0,2750903000.0,2625660.0,2646863400.0,2754092800.0,324.13818,0.017999768,8.147796,-0.51264066,0.13511938,0.5023602,0.13973898,-0.029160533,-1.0828479e-05,-0.04112026,26.863525,-0.42043686,-0.39687794,0.00023808065,0.005927585,0.0008665498,39.456436,37.821213,35.605736,-0.51264066,39.713318,4167.8867,0.0001779612,778839.56,14479.316,-149961.62,98714.875,992720.94,-49296.72,-233618.19,20163.488,1153204.0,115904.94,1227276.0,1415195.0,2050695.0,627356.5,1637691.0,-534757.3,-916446.75,0.0,0.0,0.00017805687,1152.0486,0.22874707,6601.7266,33.93759,-111.28459,238.25696,-80.85205,-208.99153,-9.70489195e-06,0.158084448,48080.84051666667,4902.88126095,1.1289051e-07,5.605243633333333e-07,75.77789016666667,1.1321174556666665e-05,4.927116333333333e-07,0.0039779933333333,2.6494841666666668e-06,0.0001202240378333,268.7757433333333,12.616866116666666,0.8234027133333335,0.1058883173333333,-1.0063416616666669e-05,2.966642642857143e-05,0.3924138518571428,131629.77714285714,13422.501785714285,1.619672985714286e-07,1.5450159914285717e-06,60.01104257142857,3.831209681428572e-05,8.207550197142856e-05,9.404241385714284e-06,215.19457428571428,43.487924142857146,2.972884014285714,-0.1486327207142857,-4.847142857142857e-05,8.91481925e-06,233490.33,23809.3875075,7.0895613000000005e-06,5.1772222e-05,1.118492225,3.043876e-06,217.003465,6.11127335,-0.5646070295,0.0073944795,-1.76e-05,7.136571333333333e-06,328077.82666666666,33454.6279,1.3193505666666668e-05,0.0004237143333333,0.0541939039999999,3.365515133333333e-06,229.7346733333333,4.757995666666667,0.7418508200000001,-0.0005242986666666,-5.699539666666666e-06,1.31890045e-05,440289.25,44897.008665,6.7828305e-06,0.0037816975,0.0009404285,3.813268e-06,255.28111,9.871452,3.3778696,-4.84905e-05,3.6303425e-06
-79.68880769258344,0.018881734,-0.66551065,285.83276,292.24146,101703.5,100655.875,271.45996,271.45972,271.45996,290.20728,-0.81313246,-1.6734428,-0.1927383,-0.5104917,3.2396717,-5.3211565,6.7550755,0.19076818,0.17290807,0.069597065,0.06525791,830.0596,1.0,1.0,1.0,1.0,0.20137,0.691398,3.6850222e-05,1.8958981e-06,6.599904,-1.1605854,1.8432178,1.5229387,0.0,0.19200915,1.14104e-05,1.0,0.0425059,1833.5149,74.1039,-0.0030620599,2.4843699e-05,-2.3935676e-09,-2499.9265,-453.55908,18190983000.0,37448290000.0,117471040.0,160795.25,0.048439518,55979557000.0,89.58377,-1902.5103,3061217.0,10254.734,0.000426854,2171741700.0,5735660000.0,14416019.0,23294.863,0.0034744767,8018763300.0,38.115814,2656927500.0,2750153000.0,2626266.0,2647356700.0,2753197300.0,287.46533,0.017998714,7.198593,-0.51264066,0.13511938,0.50279415,0.1228112,-0.024363931,-8.332159e-06,-0.026302397,26.275558,-0.3929057,-0.34133965,0.00025048875,0.0059409104,0.00043323403,38.614212,37.315216,35.391376,-0.51264066,39.675827,4164.5938,0.00015558425,319885.44,8500.375,-104858.31,47796.652,483408.75,-48138.312,-224816.44,19954.809,569192.94,55029.016,1215376.0,1406523.0,1211758.0,346014.3,910471.25,-545806.56,-914056.1,0.0,0.0,0.00015558425,1023.3843,0.6793131,5004.871,38.615646,-73.24942,230.76985,-69.14134,-151.65228,-8.867753e-06,0.1692815373333333,48088.12883333333,4903.624462333334,1.1232971016666668e-07,5.42866855e-07,76.02185,2.05244001e-05,3.258359916666667e-07,0.0039679323333333,1.6979678333333333e-06,9.20327575e-05,268.790205,11.978519416666666,1.074347495,0.0512802583333333,-9.843349666666666e-06,1.350655332857143e-05,0.26607307,131667.215,13426.319385714289,1.6795723142857142e-07,1.7359875307142858e-06,51.316242571428575,1.0837772714285712e-05,6.493203427142857e-05,2.254731385714286e-06,215.0140685714286,42.32605385714286,2.3377835428571427,-0.0563162307142857,-5.267714285714285e-05,4.309111810000001e-06,233561.7175,23816.667005,7.14191545e-06,5.241201875e-05,1.05763934,3.0448664e-06,217.4212475,5.63945685,-0.99788429,0.0031162335,-1.7205e-05,-8.433319333333333e-06,328093.18,33456.1935,1.3140193666666669e-05,0.0004278003333333,0.0557890623333333,3.3665734666666668e-06,230.38486666666668,3.7371158333333336,0.0781895233333333,0.0004280225516666,-7.304262166666667e-06,8.654184e-06,440170.315,44884.88067,6.7487010000000005e-06,0.003709833,0.0008482365,3.8138418e-06,255.762115,10.5933925,1.46459485,0.000486206,-2.1806235e-06
-79.74499250303488,-0.098538816,0.03219061,287.33496,290.22705,101717.125,100670.56,271.45972,271.45996,271.45996,290.38232,-1.2065468,-0.51833314,-0.21259099,-0.07853818,2.483861,-5.3084116,5.5253077,0.19073594,0.17288053,0.069607854,0.065274656,1102.8838,1.0,1.0,1.0,1.0,0.1706366,0.7052995,-7.19551e-06,1.0152798e-05,5.294615,-0.4137028,1.7541628,0.6709328,0.0,0.33304536,6.897423e-05,1.0,0.07437694,1971.2429,87.60448,-0.00478616,-2.4271445e-05,5.7341065e-10,-3081.7087,-1031.7317,17838672000.0,36358152000.0,113779416.0,156414.19,0.047893517,54579163000.0,107.12526,-2024.5771,3008157.0,10256.051,0.00052812253,2734803500.0,7026025500.0,18227196.0,28680.0,0.0051704235,9863683000.0,33.9431,2656936200.0,2753830400.0,2625939.0,2647343400.0,2756854500.0,266.9287,0.017999671,0.8507916,-0.51264066,0.13500422,0.5040443,0.08600044,-0.025387358,-6.428849e-06,-0.008975524,25.931046,-0.37236714,-0.27880877,0.00027446565,0.005932372,0.0012878359,40.063354,38.797928,33.979362,-0.51264066,39.675827,4125.379,0.00025268295,34048.547,2075.1895,-73482.94,9741.426,77160.0,-47795.58,-221685.12,20654.805,98088.125,11239.168,1206986.0,1398275.0,295634.75,92802.81,199479.44,-619577.3,-915605.44,0.0,0.0,0.00025268295,1168.646,0.113200724,4721.078,59.251633,-56.123154,190.38625,-31.29367,-77.57059,4.7981218333333335e-06,0.2515672713333333,48068.37796666666,4901.610434316667,1.1252788750000007e-07,5.530386816666667e-07,86.39206116666666,2.4094774415e-05,3.95740707e-06,0.0043718031666666,1.7740591005e-06,8.553910333333334e-05,268.78178,11.033666333333334,2.727722775,-0.0895667866666666,-5.1742405e-06,7.232143828571429e-06,0.2325795971428571,131676.64214285713,13427.280685714286,1.7179664071428576e-07,1.8694910625714284e-06,56.499756,9.127441242857144e-06,7.83352675e-05,2.0272980800000003e-06,215.23335,41.416155,3.762627185714286,-0.0682711221428571,-4.517714285714285e-05,2.468643e-06,233574.97,23818.0183875,7.12791465e-06,5.210011575e-05,1.080046115,3.0466222e-06,217.3280925,5.941486675,-1.1805061675,0.00013736,-1.84725e-05,-1.4059876666666666e-05,328026.8133333333,33449.42598666667,1.31355865e-05,0.0004352146666666,0.0528269273333333,3.3663349e-06,230.5144633333333,2.818234766666667,0.5669175666666667,0.0017465676666666,-4.1229796666666665e-06,-1.1016631e-05,439979.31,44865.40358,6.763191350000001e-06,0.0037625685,0.000702949,3.81836345e-06,256.85346000000004,12.53887325,1.04741449,0.000631777,-7.360090000000003e-07
-79.69765455717507,-0.5059079,0.63222003,287.60767,290.17212,101741.56,100693.31,271.4602,271.45996,271.45996,289.6792,-1.6197767,1.3515797,-0.26871318,0.4028362,2.4014292,-5.303275,8.962145,0.1906963,0.17285126,0.06963086,0.06528503,1126.321,1.0,1.0,1.0,1.0,0.1739955,0.6229168,3.3519274e-05,1.7109589e-05,5.8236313,-0.1873225,1.6677761,0.45371473,0.0,0.20698076,4.6858957e-05,1.0,0.06803197,1261.9751,55.914886,-0.0011174157,0.00020470601,8.5792906e-10,-1749.8035,166.56024,17584520000.0,35221082000.0,106917850.0,151937.19,0.04820429,53140030000.0,91.043655,-1290.5903,2920728.0,10258.387,0.0012679386,2180656000.0,6511154000.0,14379369.0,25959.172,0.0020987645,8813669000.0,43.261856,2656906500.0,2752297000.0,2626053.0,2647310000.0,2755209000.0,308.00952,0.017999928,0.5010212,-0.21250594,0.13500422,0.5043604,0.0862596,-0.03110344,-9.067357e-06,0.014432214,24.435345,-0.031679623,0.118487656,0.000284774,0.0059355497,0.010253798,39.443176,38.1933,32.409798,-0.21250594,48.729965,3854.5813,0.0002289664,0.0,0.0,-64847.9,3.5999988e-12,0.0,-49818.105,-217463.94,22097.371,0.0,0.0,1198080.0,1391183.0,0.0,0.0,0.0,-600398.3,-911366.9,0.0,0.0,0.0002289664,1100.3853,0.14915293,4660.9414,79.75925,-49.63533,193.51553,48.84088,-25.176468,3.753522258333335e-06,0.3765498683333333,48060.665166666666,4900.823947666667,1.09392631e-07,5.997986033333334e-07,87.35855666666667,1.7826058583333333e-05,7.135262619666667e-06,0.0043644893333333,1.5997736666666667e-06,9.670316666666666e-05,268.7950866666667,11.396710916666668,3.447119766666667,0.0028710181666666,-1.1108878333333277e-07,2.0337727228571428e-05,0.2312466071428571,131680.59,13427.683257142857,1.7550185571428577e-07,1.8578733064285715e-06,60.36190614285714,1.2506337342857143e-05,8.464430541428571e-05,2.3330108814285715e-06,215.16331714285712,40.07833214285714,1.9185506828571428,-0.0967022414285714,-3.594285714285714e-05,-4.1121665e-06,233577.425,23818.268725,7.1146464e-06,5.1719668e-05,1.101335355,3.0474657e-06,217.093145,6.024306575,-1.31716893,-0.0012035294999999,-1.704e-05,-4.166078e-06,328029.58666666667,33449.70878666666,1.3189590666666669e-05,0.000435034,0.0478048126666666,3.3666962333333334e-06,230.38627,3.714434733333333,-0.1995850666666666,0.0012984976666666,-1.974276666666665e-07,-9.67819e-06,440052.82,44872.899515,6.713213199999999e-06,0.0037432315,0.0006569485,3.8195375000000005e-06,256.61057,13.9433325,-2.8185512000000004,-0.0002830895,6.710664e-06
-79.5904605815188,-0.5523174,0.55337965,287.91235,290.41895,101809.875,100760.19,271.45898,271.4602,271.45996,289.28418,-1.4809971,1.6108732,-0.25434065,0.3524105,2.6453056,-5.3137197,8.633668,0.19065493,0.17281765,0.06965083,0.06530762,1169.459,0.9830494,0.8532276,1.0,1.0,0.09902632,0.5470406,2.5324538e-05,1.8681181e-05,2.9249802,0.10226601,0.77755374,0.48798633,0.0,0.11696607,3.511942e-06,1.0,0.038527414,1733.5618,-5.536586,-0.002030935,0.00015382473,1.0290055e-08,-2201.7346,17.951324,17484605000.0,34400104000.0,108049510.0,149040.0,0.044199865,52184924000.0,77.99504,-1718.8181,2919493.0,10265.242,0.0013375429,1815437000.0,5953358300.0,10865260.0,23427.656,0.0014773584,7899521500.0,48.20813,2658389500.0,2752109300.0,2627674.0,2648769000.0,2755008000.0,361.87476,0.017999873,0.25051057,-0.07490265,0.13500422,0.5036294,0.0918982,-0.02851827,-8.137852e-06,0.015185606,23.476578,0.19680512,0.37905622,0.00026395987,0.0059026144,0.035497513,38.4115,37.523315,31.752535,-0.07490265,47.12802,3722.6843,7.438965e-05,0.0,0.0,-58763.926,3.5999988e-12,0.0,-51510.406,-218889.62,19084.512,0.0,0.0,1192213.0,1384440.0,0.0,0.0,0.0,-628925.6,-908867.2,0.0,0.0,7.438965e-05,591.92505,0.5443319,5159.168,101.14368,-38.18898,254.78534,63.94774,-31.45279,5.627866000000005e-07,0.3361801716666666,48099.77121666667,4904.811654916667,1.0889235133333333e-07,6.625741803333334e-07,87.74967583333334,1.5048869350000002e-05,6.628225783333333e-06,0.0043519845,4.763972666666666e-07,5.148019983333333e-05,268.81355333333335,11.26163315,3.490832425,-0.1127436886666666,6.567572666666667e-06,1.4305318257142858e-05,0.2622739671428571,131730.16999999998,13432.739005714286,1.6696851357142857e-07,1.7070008314285714e-06,56.65937528571429,8.031026785714287e-06,8.303912115714285e-05,1.096648702e-06,215.12332857142857,40.67985971428571,1.7214229371428575,-0.067496348,-4.995714285714285e-05,4.466902499999999e-07,233645.765,23825.237465,7.080096425e-06,5.161004425e-05,1.113103675,3.04742955e-06,216.80332,5.109776275,-0.769359785,-0.00098086775,-1.5582500000000002e-05,3.386521999999999e-06,328156.9533333333,33462.69657,1.3193178e-05,0.0004357756666666,0.0462399573333333,3.3677725e-06,230.44887333333327,3.4484189666666665,-0.8710482166666668,-0.0017352983333333,8.916056666666662e-07,-5.8683513e-06,440248.12,44892.81457,6.69449315e-06,0.003698649,0.0007131075,3.81874455e-06,256.30731000000003,11.8727345,-4.6507139,-1.1728500000000028e-05,3.928870500000001e-06
-79.78467167341364,-0.0976544,-0.14879704,287.69727,290.66333,101838.06,100787.31,271.45923,271.45996,271.45996,289.25977,-1.3528223,0.452991,-0.23130643,-0.06332201,2.8539782,-5.319706,5.415221,0.1906228,0.17278534,0.069674075,0.06532717,1289.6375,1.0,0.51811135,1.0,1.0,0.15749472,0.5902769,-5.001746e-06,7.127158e-06,4.813156,0.54846656,1.3216085,0.56559354,0.0,0.067389965,8.365263e-07,1.0,0.06314772,2843.0063,-0.6420284,-0.006291602,-2.7346832e-05,-7.7809603e-10,-4098.6836,-1325.471,17398040000.0,33962646000.0,110921210.0,147532.5,0.042302806,51660812000.0,74.79793,-2858.7737,2934310.0,10268.145,0.0018191247,2151463700.0,6531105300.0,13106981.0,26064.484,0.0021049876,8813322000.0,46.43332,2657547300.0,2750377200.0,2626950.0,2647934200.0,2753329400.0,408.0,0.017999034,0.47542304,-0.07490265,0.13500422,0.50316465,0.108371556,-0.031380262,-5.094308e-06,-0.0028956982,23.439322,0.21983904,0.41008115,0.0002516727,0.0058878995,0.04491465,38.262833,37.167725,32.003338,-0.07490265,47.12802,3702.027,5.8307514e-06,0.0,0.0,-59701.137,3.5999988e-12,0.0,-47728.562,-219259.44,20322.02,0.0,0.0,1188934.0,1383268.0,0.0,0.0,0.0,-600144.44,-906499.94,0.0,0.0,5.8307514e-06,325.4016,0.094590485,6114.258,128.96407,-15.312141,316.66626,21.630615,-51.906204,1.8879997000000004e-06,0.4927350966666666,48071.97206666667,4901.9769306,1.0805302833333333e-07,6.1281348e-07,89.5423675,2.18385292e-05,2.492501564166667e-05,0.0043173723333333,6.973377833333333e-07,6.429456716666666e-05,268.65316,10.500679466666666,3.762884205,-0.1726830653333333,1.0013635833333322e-06,2.395991877142857e-05,0.3426345142857143,131691.93,13428.839615714283,1.6046312285714289e-07,1.6171553051428571e-06,61.61499671428572,1.615069828571429e-05,8.483713978571428e-05,3.1912588500000003e-06,215.06258285714284,41.34787842857144,2.3313714057142856,-0.0995134502857143,-5.519e-05,7.943567500000004e-07,233596.5,23820.213835,7.093158675e-06,5.2036525e-05,1.12476584,3.048093725e-06,216.72051,4.561760875,-0.0326126725000002,0.00080626825,-1.51475e-05,8.085456666666663e-07,328083.4,33455.19622,1.31599415e-05,0.0004424966666666,0.0473589853333333,3.368449433333333e-06,230.63609666666665,2.572247133333333,-1.2660366333333333,0.0013369593333333,-2.861250000000001e-07,-1.1496509999999998e-05,440314.12,44899.544695,6.659981e-06,0.003753337,0.0007841409999999,3.8181989e-06,256.4426,9.722436,-5.79319779,0.0002511755,4.406536e-06
-79.72280395760825,-1.0469131,0.30121005,287.74316,290.54932,101941.5,100888.25,271.45972,271.45972,271.45996,288.55664,-2.1762304,0.40681213,-0.62888384,0.07372731,2.5856676,-5.3037367,9.384996,0.19057834,0.17276216,0.06969708,0.06534338,1363.8206,1.0,0.19832832,1.0,1.0,0.19210231,0.66605806,-2.8802999e-05,-1.7159866e-05,5.4863634,0.79598063,1.7752256,0.7967737,3.3305804e-07,0.14850205,1.8905426e-05,1.0,0.14899498,2659.334,8.545534,-0.005328387,-8.44094e-05,-3.059409e-09,-3177.1453,-724.2041,17456865000.0,34319325000.0,115983500.0,148826.25,0.04312175,52102440000.0,84.30376,-2764.3694,3004785.0,10278.301,0.0018852989,2836837600.0,8250118700.0,17619592.0,33140.12,0.0040403903,11251134000.0,58.414948,2658018600.0,2750675700.0,2627444.0,2648394500.0,2753686800.0,789.0659,0.01800077,0.30027097,-0.0873754,0.13500422,0.5041459,0.09772074,-0.03118638,-1.0825895e-05,0.0008492202,22.644936,0.22576553,0.46972477,0.00028400938,0.005881969,0.07904595,38.815674,37.09938,31.366684,-0.0873754,53.98204,3594.2083,3.1042524e-05,0.0,0.0,-53231.84,3.5999988e-12,0.0,-48745.273,-224091.62,20141.191,0.0,0.0,1184861.0,1381751.0,0.0,0.0,0.0,-605844.56,-903449.3,0.0,5.7394436e-07,3.0468567e-05,403.17944,-0.8138031,7388.41,100.81738,-20.912552,256.511,-9.206273,-52.928818,1.38861856e-05,0.702379815,48073.85831666667,4902.1692746,1.0568571983333332e-07,4.920682283333334e-07,92.38852833333334,2.996162983333333e-05,3.586327741e-05,0.0042985958333333,3.5856986666666665e-06,0.0001658178333333,268.3361,9.14120465,4.8576251783333335,-0.3174833158333333,-1.50234955e-05,9.455860857142856e-06,0.3430869192857143,131690.73857142855,13428.718124285717,1.60797298e-07,1.5381499390285714e-06,65.66477885714286,1.4407233957142856e-05,8.457789677142857e-05,3.056847137142857e-06,215.0394528571429,41.360417,3.6593385571428567,-0.0313500455714285,-3.968571428571428e-05,8.101554875e-06,233546.175,23815.0821125,7.069370175e-06,5.17731675e-05,1.15984413,3.047757875e-06,216.41013,5.0247527605,0.923776375,0.00045232925,-1.649e-05,-3.196556666666665e-06,328042.25,33451.00008666667,1.31457075e-05,0.0004447476666666,0.0468769586666666,3.3694219666666667e-06,230.91128666666663,2.6602395,-1.1472212566666666,0.0004262126666666,5.033324833333331e-07,-1.56e-05,440259.71,44893.99642,6.6225305e-06,0.003858549,0.000814716,3.8196322e-06,256.23026500000003,7.92961185,-6.7405922,-8.405850000000001e-05,1.06036125e-05
-79.78238148639102,-1.2326965,0.39173007,285.97656,289.30908,101978.25,100920.625,271.45972,271.45972,271.45996,287.36597,-2.6532269,0.8278093,-1.0012932,0.27287108,3.4144201,-5.290964,13.091094,0.19055098,0.17274076,0.06972927,0.06536597,1262.7346,1.0,0.25183684,1.0,1.0,0.13155407,0.47846168,-1.50701735e-05,-7.4639445e-08,3.8626823,0.38113528,1.219347,0.35388482,0.0,0.35107327,0.000107915985,1.0,0.22872818,-568.4697,-68.45865,-0.00042336783,0.00014346691,9.557937e-09,34.752,-248.6834,17775819000.0,35568427000.0,120194584.0,153669.69,0.0436691,53708000000.0,97.093414,698.041,3109589.0,10281.551,0.00051195966,2833960000.0,8694437000.0,16318169.0,34610.617,0.004271198,11718874000.0,70.50006,2657711000.0,2749624800.0,2627206.0,2648089900.0,2752735200.0,323.2832,0.01800019,1.1757231,-0.21250594,0.13500422,0.5051638,0.11156851,-0.051646248,-1.645078e-05,0.011689458,21.619287,0.044315595,0.18660122,0.00030966406,0.005866956,0.044092618,38.53163,36.797546,30.013716,-0.21250594,35.94612,3592.1423,0.00018076638,0.0,0.0,-51887.277,3.5999988e-12,0.0,-54729.73,-231307.69,21177.941,0.0,0.0,1179957.0,1374978.0,0.0,0.0,0.0,-568341.06,-900335.9,0.0,2.3789858e-07,0.00018048091,752.2229,-0.48775327,9005.453,20.53833,-84.35002,174.62962,23.139038,-22.515747,1.3915753e-05,0.7903765766666666,48075.39403333334,4902.32587415,1.023647561666667e-07,5.50838295e-07,92.0459135,1.5855981833333335e-05,5.460266883333334e-06,0.0043349921666666,8.215067833333333e-06,0.0001999645,268.32609,9.521223516666668,6.287186966666667,0.0274627165,-1.2279367333333334e-05,9.45749857142857e-07,0.2848205285714286,131686.7942857143,13428.315918571428,1.691718857142857e-07,1.6260286432857142e-06,61.80168185714286,1.1444149918571427e-05,7.966008225714285e-05,2.7895297857142856e-06,215.16724142857143,41.24861357142857,3.442092671428572,0.0285807919999999,-3.9597142857142864e-05,1.188505475e-05,233463.765,23806.6786325,7.0655651e-06,5.214471775e-05,1.1741321999999998,3.0485635e-06,216.3923325,5.328927425,1.779254175,0.004380047,-1.85075e-05,-3.304511333333333e-06,328016.12,33448.33556666667,1.3137377e-05,0.000443213,0.0481354806666666,3.369013933333333e-06,230.75904,2.8637743,-1.383703,-0.001650432,1.88853e-06,-1.195e-05,440109.79,44878.708835,6.6296415e-06,0.0039218345,0.000852022,3.822231e-06,255.38105,6.853881,-6.931514,-0.0002855285,1.8251015e-05
-80.10879616420935,-1.2516375,0.21406198,284.70605,288.27905,101985.56,100924.625,271.45996,271.45996,271.45996,286.70215,-2.6510801,0.57092226,-1.0535803,0.09663999,4.739381,-5.2909613,9.553416,0.19050652,0.17271149,0.06973982,0.06538552,1045.6262,0.99869233,0.25314128,1.0,1.0,0.10477847,0.60670465,-3.3188437e-05,-1.9919142e-05,2.0997877,1.8172798,0.8922684,1.733119,0.0,0.62670743,0.0002296717,1.0,0.20591718,1368.8872,-45.02574,-0.001915398,-6.656119e-05,-6.937128e-09,-900.5808,175.21991,18306234000.0,36849615000.0,127378960.0,158993.81,0.04567325,55551250000.0,107.68675,-1300.7825,3256437.0,10282.035,0.0006781053,2494891000.0,8123991600.0,11578975.0,31935.016,0.005306132,10830569000.0,80.07791,2656402400.0,2747944000.0,2625929.0,2646778600.0,2751184600.0,344.61768,0.017999198,12.699782,-0.20003325,0.13500422,0.50516444,0.16360915,-0.04873765,-1.5324229e-05,-0.003131565,21.89962,-0.10375905,-0.054616515,0.00030966406,0.0058555417,0.07783115,38.37822,36.65262,30.242493,-0.20003325,24.561172,3466.4468,0.0005482645,0.0,0.0,-169373.88,3.5999988e-12,0.0,-43024.37,-230112.81,72528.19,0.0,0.0,1168787.0,1360762.0,0.0,0.0,0.0,-558589.94,-898390.3,0.0,0.0,0.0005482645,1654.6814,-0.43973154,5790.3594,-57.37326,-259.46436,238.0033,32.74974,49.466812,2.16174465e-05,0.7755220283333334,48040.3132,4898.7486247,9.50581695e-08,7.4017641e-07,93.93355,2.619883425e-05,5.182101338e-05,0.0043857853333333,7.459556666666667e-06,0.0001846817276666,268.2364483333333,10.60415095,6.990933088333333,-0.4473876938333334,1.3586814166666668e-05,-1.27866268e-05,0.0968688737142857,131655.42857142858,13425.117505714285,1.7673792285714285e-07,1.5969302954285714e-06,49.22819128571429,9.264622471428572e-07,6.041154682857143e-05,1.9415087200000001e-07,215.3229242857143,42.67503142857142,2.242783551428571,0.1574654705714286,-4.2475714285714285e-05,5.497895750000001e-06,233388.64,23799.018015,7.108934e-06,5.256281325e-05,1.1214225,3.049322225e-06,216.6721975,5.9859022,2.381945035,0.006393854,-1.9525e-05,-5.19e-06,327914.62666666665,33437.98612666666,1.3123481499999998e-05,0.0004402293333333,0.0519444906666666,3.3672522666666664e-06,230.26569333333336,3.112345533333334,-1.5265782333333335,-0.000929405,7.924997666666664e-07,1.21871665e-05,439804.96,44847.624825,6.698426e-06,0.003886758,0.0010011535,3.8219087e-06,253.602485,4.93863535,-4.78790425,-0.0007783079999999,1.455772725e-05
-80.11500640300417,-1.1629305,-0.09578329,284.3225,286.844,102033.06,100968.81,271.45996,271.45972,271.45996,286.28027,-2.3449383,-0.180085,-1.0160656,-0.14994568,4.650487,-5.2908525,7.6839933,0.19047606,0.17268395,0.069759786,0.06540197,930.59766,0.9769778,0.23441494,1.0,1.0,0.17222667,0.5578466,-2.1585074e-05,-3.070386e-06,4.4436407,3.2440357,1.1540365,1.4168682,0.0,0.7874142,0.00031488715,1.0,0.2769667,1354.4304,-5.7700186,-0.003686992,-0.00014604487,5.5747797e-09,-1771.7617,-925.9143,18857590000.0,38923020000.0,133768584.0,167164.81,0.048005596,58271506000.0,142.96608,-1329.967,3354527.0,10286.441,0.00054989825,2402356200.0,6651974700.0,11843248.0,26750.0,0.0040808134,9180058000.0,46.312775,2656103700.0,2746935600.0,2625730.0,2646485500.0,2750295800.0,315.98608,0.017999284,31.599533,-1.000001,0.13500422,0.505165,0.14713651,-0.049036656,-1.5004555e-05,-0.016024094,22.078968,-1.000001,-1.000001,0.00030966406,0.005861923,0.1874218,38.38977,36.366043,30.50002,-1.000001,-1.000001,3459.8127,0.00095056253,0.0,0.0,-208049.69,3.5999988e-12,0.0,-30996.484,-220260.44,69764.56,0.0,0.0,1154467.0,1342843.0,0.0,0.0,0.0,-561629.8,-893039.9,0.0,0.0,0.00095056253,2504.0398,-0.949651,4931.4062,-136.5076,-296.36328,836.5222,156.26215,77.97652,8.3727955e-06,0.7655984240000001,48044.98875,4899.22539795,8.827162483333335e-08,1.1991234166666667e-06,94.17708816666668,3.886828283333333e-05,6.178782976666667e-05,0.0043396636666666,1.0872878333333332e-05,0.0002243181076666,268.06587333333334,11.9428729,6.725625586666666,-0.3856231371666667,5.65843735e-05,-5.039032485714285e-06,0.1250061562857143,131615.31928571427,13421.027495714286,1.8223179857142857e-07,1.4597696657142857e-06,54.91452685714285,5.504953207142857e-06,6.4280007e-05,1.0594378442857142e-06,215.3847214285714,44.77075171428572,1.59980855,0.0900347257142857,-5.917250852857143e-05,2.198967499999984e-07,233387.2525,23798.876525,7.1338771e-06,5.228911675e-05,1.04183373,3.048725375e-06,216.8481075,7.20734825,1.8136759,0.00336428325,-2.0195e-05,3.734946e-06,327785.0633333333,33424.774346666665,1.3102525333333332e-05,0.0004359689999999,0.0579619299999999,3.364525633333333e-06,229.58338333333333,2.2267035866666665,-0.9561362933333334,-0.0002446363333333,-1.8131456666666667e-06,2.53232575e-05,439489.43,44815.449725,6.751983e-06,0.003890958,0.0011374905,3.82132065e-06,252.297685,5.634824350000001,-6.2303605,-0.000774049,1.342243725e-05
-79.95767326548852,-1.3379164,0.10421401,284.31665,286.33838,102029.94,100963.125,271.45923,271.45972,271.45996,285.71143,-2.6372337,0.13675505,-1.2123995,0.047975548,4.349616,-5.290943,7.7192583,0.1904347,0.17265165,0.06978279,0.06541234,475.00903,0.9857909,0.23443758,0.99869233,1.0,0.2209022,0.30956328,3.9124192e-05,1.6431863e-05,6.4504375,3.024394,1.3635521,0.9335171,0.0,0.89722764,0.00037207408,1.0,0.22885329,2245.3518,19.450256,-0.0012729554,-0.00015194775,-5.6926552e-09,-2003.1858,-73.64139,19458920000.0,41254535000.0,139614190.0,176208.81,0.04945302,61290066000.0,174.58028,-2252.9084,3469438.0,10285.895,-0.00024458184,2036420900.0,5155613000.0,11191172.0,21001.367,0.0026902154,7260649000.0,24.004883,2655241500.0,2745518800.0,2624900.0,2645595600.0,2748990000.0,289.49512,0.018001322,49.647125,-1.000001,0.13500422,0.50516444,0.1372773,-0.05640593,-1.5362646e-05,-0.009680156,23.0349,-1.000001,-1.000001,0.00030966406,0.0058530197,0.10606861,37.822083,36.14615,31.828997,-1.000001,-1.000001,3456.713,0.001353007,0.0,0.0,-199676.56,3.5999988e-12,0.0,-25476.77,-216795.56,45885.92,0.0,0.0,1141028.0,1331308.0,0.0,0.0,0.0,-622530.6,-889438.25,0.0,0.0,0.001353007,3021.0474,-0.6851892,4085.8748,-210.85945,-295.688,1288.1892,249.45035,83.77641,-2.318641e-06,0.7226429605,48030.543600000005,4897.752402733334,8.528708816666669e-08,1.045315145e-06,93.74440916666668,3.7732768166666666e-05,5.2886372333333336e-05,0.0042970833333333,9.526957e-06,0.0001975656666666,267.9748133333333,14.047552966666666,5.450596296666666,-0.4032645033333333,3.602407433333333e-05,3.058556714285714e-06,0.0743307701428571,131579.39357142858,13417.364091428572,1.809148028571429e-07,1.6428251771428571e-06,53.92106171428571,3.9782082e-06,5.512640642857143e-05,5.960530805714286e-07,215.15045142857144,46.246706,0.7473637214285712,-0.0147622802857142,-3.213857142857143e-05,-1.2140709999999998e-06,233333.795,23793.4253775,7.0939348e-06,5.124032325e-05,1.0589013175000002,3.047075975e-06,216.5904625,7.7458165,0.597630675,0.00220490625,-2.067e-05,-8.370880000000008e-07,327778.91333333333,33424.147220000006,1.3113736333333333e-05,0.0004482366666666,0.056791,3.3639999e-06,229.57678666666664,3.011223466666667,1.2787536000000002,-0.0008769389999999,2.5315048413333336e-06,1.98312665e-05,439065.815,44772.25301,6.7875785e-06,0.0038539055,0.0013218445,3.8206481e-06,251.714785,4.0487795,-5.7399563,0.000311934,4.79630165e-06
-79.77727365920903,-1.2945757,-0.30495638,284.25244,286.22705,102019.31,100951.06,271.45996,271.45996,271.45996,285.33618,-2.5623608,-0.560055,-1.1505022,-0.33171707,3.5535421,-5.290951,6.665757,0.19039202,0.17262846,0.0698058,0.06543493,395.38184,0.97379804,0.1864683,0.98148423,1.0,0.14888734,0.19393414,4.2359447e-05,2.617926e-05,3.954815,2.8476887,0.6953924,0.79880166,0.0,0.82199806,0.00020951407,1.0,0.19026905,1898.0237,-19.80365,-0.0036601967,-8.803126e-05,-5.0756412e-09,-2515.426,-993.87476,20365128000.0,44283843000.0,156738400.0,188233.62,0.052908577,65302010000.0,198.50716,-1956.7256,3749152.0,10284.574,-0.00057875854,1467040800.0,3105644800.0,9567027.0,13019.434,0.00032804115,4572650500.0,-4.002201,2653942500.0,2742842400.0,2623747.0,2644324900.0,2746573800.0,282.2141,0.018000782,47.644333,-1.000001,0.13500422,0.50516516,0.11095917,-0.054161992,-1.358029e-05,-0.028571244,23.303076,-1.000001,-1.000001,0.00030966406,0.0058824383,0.15610665,36.78659,35.589966,31.395126,-1.000001,-1.000001,3456.5134,0.00081729656,0.0,0.0,-152766.5,3.5999988e-12,0.0,-47178.305,-220761.12,22028.879,0.0,0.0,1130970.0,1310620.0,0.0,0.0,0.0,-666283.5,-892211.56,0.0,3.0495103e-06,0.00081434194,2874.818,0.025606845,3477.3374,-144.29216,-210.31888,401.81592,62.669174,-70.71562,-7.991847500000002e-06,0.7411264075,48011.903783333335,4895.8516705833335,8.662833833333333e-08,7.7990125e-07,93.33117833333334,3.804932033333333e-05,5.068160116666667e-05,0.004234378,7.9697275e-06,0.0001495434783333,267.79264166666667,15.32250825,4.433489375,-0.3606018433333333,1.5925736333333334e-05,1.723381535714286e-05,0.0319271707142857,131529.90142857144,13412.31729857143,1.782530942857143e-07,1.2345747014285716e-06,53.11505971428572,1.0083458714285714e-06,5.668680445714285e-05,1.941765342857143e-07,215.27363428571428,48.16778128571429,-0.3678488957142857,-0.0849544041428571,-5.374285714285714e-05,-1.41262135e-05,233266.03,23786.51527,7.13204215e-06,5.141798575e-05,1.065218325,3.0480005e-06,217.00809,7.43586465,-0.4580160749999999,0.007444052,-2.13e-05,2.4278435333333333e-05,327666.95666666667,33412.73081666667,1.3134844666666668e-05,0.0004358136666666,0.0620382883333333,3.359989933333333e-06,228.46069666666665,3.7861687333333336,0.8003638333333333,-0.0011200203333333,-1.2285246666666665e-06,1.3792493e-05,438767.79,44741.86292,6.7719665e-06,0.003864615,0.00137865,3.82214735e-06,251.94455,4.1561203,-4.2823019,-4.215350000000002e-05,3.4573833e-06
-79.65575050945847,-1.4577379,-0.5344769,283.96436,285.39966,101991.19,100922.625,271.45996,271.4602,271.45996,285.00146,-2.9653835,-1.1527634,-1.3086004,-0.52032745,3.7396736,-5.2909813,6.826706,0.19035673,0.17258704,0.06982881,0.06545448,280.34082,0.9652579,0.17957103,0.94509333,1.0,0.058039326,0.17021286,1.3745647e-05,-3.179095e-06,1.6962385,2.773697,0.24706227,0.61539423,0.0,0.6908451,9.0916816e-05,1.0,0.08599293,934.2212,-24.72583,-0.0039234236,0.00033676345,-1.5845522e-08,-1896.5193,-162.63527,21104232000.0,46391837000.0,174248660.0,196743.31,0.054819714,68165173000.0,199.04314,-986.85693,4034516.0,10281.656,0.00013456053,1071243300.0,1229794300.0,10062834.0,6002.6836,-0.0013633242,2226138000.0,-33.91713,2652772400.0,2739651600.0,2622748.0,2643142000.0,2743696400.0,325.1057,0.01800039,25.345459,-1.000001,0.13500422,0.5051651,0.11808926,-0.062533796,-1.2818462e-05,-0.03758694,22.68372,-1.000001,-1.000001,0.00030966406,0.005913738,0.14494103,35.307587,34.788727,31.43169,-1.000001,-1.000001,3705.8445,0.0005931335,0.0,0.0,-137229.31,3.5999988e-12,0.0,-57898.027,-223525.06,20100.59,0.0,0.0,1122828.0,1292733.0,0.0,0.0,0.0,-713545.1,-893485.4,0.0,0.0,0.0005930378,2840.732,0.52403057,3506.4058,-208.8644,-240.0142,580.135,18.565323,-113.23244,-6.128611000000001e-06,0.4728834246666666,47997.6457,4894.397750516667,8.971695366666666e-08,7.4129305e-07,92.27565733333334,1.31469125e-05,5.0348451500000005e-05,0.0041555873333333,3.943173666666666e-06,4.3962527416666666e-05,267.6556366666667,16.4631973,2.870523933333333,-0.1589375356666666,1.25261715e-05,7.251799714285713e-06,0.1948757984285714,131490.51857142858,13408.301362857144,1.7312627200000004e-07,1.072226542857143e-06,57.07938071428571,9.114820832857142e-06,8.129362e-05,1.573632657142857e-06,215.5495857142857,48.77533614285714,0.0966270842857143,-0.0643138219999999,-6.009671428571429e-05,-2.5775e-05,233291.955,23789.158885,7.176798575e-06,5.17343215e-05,1.05453856,3.049779025e-06,217.479575,7.19543745,-1.208679925,0.0040060615,-1.803e-05,-1.2812034666666662e-06,327603.7266666666,33406.28315,1.3121898833333331e-05,0.0004332416666666,0.0592549803333333,3.3621178666666668e-06,229.1333033333333,4.029775066666667,-0.4357086666666669,0.0025452163333333,-4.211962333333334e-06,-1.2799892999999998e-05,438633.5,44728.16915,6.71910175e-06,0.0039682125,0.0013632454999999,3.8244739e-06,253.0482,4.3145752,-4.48427525,0.001126605,4.778807999999999e-06
-80.75095344385545,-1.0436983,-0.92702943,284.02686,285.43677,102030.75,100960.81,271.45996,271.45972,271.45996,284.8711,-2.3530521,-2.0798292,-0.85105664,-0.8270052,3.352292,-5.2910643,5.9744635,0.1903215,0.17256689,0.069851816,0.065470934,457.44873,0.9670843,0.13224089,0.88122404,0.99000525,0.04729151,0.19752944,-8.851937e-06,2.3430417e-05,1.5852432,3.2433233,0.22485024,0.43750292,0.0,0.40203798,1.794874e-05,1.0,0.023114681,113.95392,-20.55133,-0.0063432455,0.00032486953,-2.2557387e-09,-1819.3674,-984.938,21540899000.0,47929872000.0,186470270.0,202809.69,0.05620414,70090210000.0,173.05592,-167.91975,4214291.0,10285.609,-0.00021809382,635069600.0,-867915650.0,9993297.0,-1886.1548,-0.0026582237,-387500060.0,-66.43443,2653163000.0,2735981600.0,2623504.0,2643533800.0,2740227300.0,363.2317,0.018000219,11.123736,-1.000001,0.13500422,0.5051384,0.10366261,-0.04271781,-1.0581049e-05,-0.05045124,22.322279,-1.000001,-1.000001,0.0003089544,0.005953349,0.19773442,33.504105,33.168427,31.973774,-1.000001,-1.000001,3706.5693,0.00019842052,0.0,0.0,-111289.125,3.5999988e-12,0.0,-76167.06,-221635.75,18152.832,0.0,0.0,1114573.0,1267812.0,0.0,0.0,0.0,-680512.6,-893544.1,0.0,0.0,0.00019813448,2122.1106,1.5359268,3271.1025,-171.74146,-205.36005,466.8291,-26.83081,-154.08325,4.481461666666677e-07,0.3263021913333333,48014.03786666667,4896.069286566667,9.6139699e-08,6.853599666666667e-07,81.40806166666667,7.843729233333333e-06,6.112852109333333e-05,0.0038258173333333,9.544605666666666e-07,1.30993994e-05,267.474205,17.034032,1.0733988166666666,-0.083074828,1.0399129e-05,5.295299e-06,0.248440682,131491.26785714287,13408.377771428572,1.695063042857143e-07,1.102888213857143e-06,53.77376671428571,8.051604022857142e-06,7.760508321428572e-05,1.1239458142857145e-06,215.5668657142857,49.15427714285715,0.2918960851428571,0.0188781832857142,-6.728257142857142e-05,-2.0225e-05,233356.3125,23795.721525,7.177432625e-06,5.222806475e-05,1.056562575,3.04982745e-06,217.4814625,6.55169835,-1.6772315,-0.0009700685,-1.288e-05,-5.418476666666666e-06,327625.12666666665,33408.465346666664,1.3155639666666666e-05,0.0004356736666666,0.054254003,3.3632617e-06,229.32903,4.010030366666666,-0.6355164500000001,-0.0001123313333333,-2.4316233333333337e-06,-2.109808575e-05,438745.12,44739.55122,6.61647255e-06,0.0040914535,0.0010176125,3.8289053e-06,253.75782,4.2347035,-3.7524786655,0.0001916854999999,1.3980532e-05
-81.643170143109,-0.17856854,-1.4218321,284.00586,286.56104,101974.25,100907.06,271.4602,271.45972,271.45996,285.36206,-0.7767059,-3.16508,-0.18870592,-1.2565451,3.419613,-5.3034286,5.3155537,0.19029403,0.17253941,0.069862604,0.065490484,537.4763,0.99371237,0.054526392,0.9647549,1.0,0.07290113,0.24980432,-1.1186453e-05,2.6377194e-05,2.5191145,4.160739,0.49151176,0.4082303,0.0,0.17637897,1.7399843e-06,1.0,0.014939416,37.725708,54.42659,0.0017848015,5.503741e-05,7.0979667e-09,416.18213,696.4868,21533026000.0,48252600000.0,192918340.0,203973.0,0.0541457,70411140000.0,172.93825,-85.42485,4298273.0,10280.199,-0.00030119042,710561600.0,-785989060.0,9691086.0,-1448.7227,-0.0025666666,-246229870.0,-71.9899,2654062600.0,2737581800.0,2624341.0,2644453600.0,2741908200.0,251.63052,0.017999228,0.0,-1.000001,0.13488203,0.5042262,0.11547488,-0.013721209,-9.037329e-06,-0.06516594,22.547245,-1.000001,-1.000001,0.0002826252,0.0059782825,0.051749736,33.872955,33.44287,32.963295,-1.000001,-1.000001,3707.9944,3.4419965e-05,0.0,0.0,-94605.5,3.5999988e-12,0.0,-73929.19,-221275.88,13128.551,0.0,0.0,1107954.0,1270132.0,0.0,0.0,0.0,-646161.3,-897452.9,0.0,0.0,3.4038298e-05,1014.0928,1.3035364,3083.4248,-80.85536,-146.2846,295.3933,-79.72453,-199.53923,1.3719006666666658e-06,0.3762946916666667,48039.22351666667,4898.637507833333,9.8338821e-08,6.840890833333332e-07,79.88057233333333,8.918647202999999e-06,8.100639483333334e-05,0.0037824353333333,6.855085e-08,1.665462845e-05,267.3069983333333,17.7014587,0.8126067333333333,-0.1092088371666666,1.2241304333333337e-05,1.5412840000000002e-05,0.2560211968571428,131519.9642857143,13411.303991428573,1.6852704057142857e-07,7.069773185714285e-07,58.00540071428571,7.104295244285715e-06,8.032556702857144e-05,1.0080514714285715e-06,215.6575528571429,49.29135085714285,-0.1199638428571428,0.082295144,-7.587142857142857e-05,-1.417e-05,233396.625,23799.832255,7.207683e-06,5.2440687e-05,1.15116858,3.049986175e-06,217.1318075,5.42741646,-1.4479547,-0.0012010995,-1.0465e-05,2.757139666666667e-06,327587.8733333333,33404.66656333333,1.3109524666666666e-05,0.0004361523333333,0.0583055213333333,3.3626632e-06,228.59196,3.3132155300000004,-0.5187079333333333,-0.0005924983333333,-2.8621530000000005e-06,-3.15311975e-06,438619.315,44726.722685,6.7777105e-06,0.0041017165,0.001159546,3.8259323e-06,252.15111,3.5751295,-2.7657962,-0.000729718,1.69873385e-05
-81.47347586450434,-0.3993023,-1.0466261,284.05127,286.80298,102005.75,100939.19,271.45996,271.45972,271.45996,285.85986,-0.8810953,-2.6310682,-0.38613456,-0.9059699,2.6270733,-5.314457,0.5164934,0.19024968,0.17251319,0.06988871,0.065510035,2858.639,0.99977463,0.052306898,0.9770333,1.0,0.08744055,0.1305958,-1.7931612e-05,1.2961652e-05,3.2722826,2.0140848,0.72201735,-0.014754526,0.0,0.018511977,4.7579718e-08,0.0,0.022238053,-621.4968,-25.498383,-0.0030041672,0.00022543804,2.8954974e-09,-68.097824,-172.50662,21277948000.0,47430050000.0,189596580.0,200823.06,0.051615164,69314830000.0,166.51091,691.48584,4232584.0,10283.512,0.000872758,845489600.0,-944634600.0,13373845.0,-1709.28,-0.0027387068,-282378660.0,-78.831085,2654597000.0,2737035500.0,2624963.0,2644967400.0,2741251800.0,197.85469,0.017998703,0.0,-1.000001,0.13488203,0.5034481,0.07838148,-0.019406956,-1.0233435e-05,-0.037415072,22.398264,-1.000001,-1.000001,0.00026040548,0.0059645623,0.0015796893,33.375443,32.998108,32.255608,-1.000001,-1.000001,3709.3193,2.6695752e-06,22552.676,3260.8892,-81039.19,20364.73,55282.086,-78692.06,-224417.25,4144.449,69835.0,23654.219,1104709.0,1269207.0,213013.25,78846.69,142691.56,-609399.1,-898454.3,25.610992,0.0,2.7647347e-06,406.56104,1.1078215,3281.7695,-44.843918,-97.41275,295.2444,-94.26494,-155.25235,2.228047166666666e-06,0.3674288883333333,48058.03339999999,4900.555582283333,1.00910635e-07,6.14352825e-07,76.56569583333334,8.274479699999999e-06,4.1975047e-05,0.0036265815,1.42059e-07,2.20467215e-05,267.16902166666665,17.164960349999998,-0.635065145,0.1197192763333333,-1.275210666666669e-06,6.467498285714288e-06,0.3484462185714285,131526.79499999998,13412.00053142857,1.6841568285714284e-07,4.669682992857145e-07,65.14195471428572,1.0694071367142855e-05,8.790244278571429e-05,2.590100825714285e-06,215.7484071428572,49.610504142857145,0.6207383714285714,0.1384830867142857,-8.676914285714286e-05,-4.3299135e-06,233414.7775,23801.6832925,7.178637e-06,5.234278375e-05,1.1830743175,3.04955235e-06,216.816325,4.8062349,-1.336834155,-0.0072523315,-8.1825e-06,-9.729772933333332e-06,327570.4733333333,33402.892256666666,1.31216495e-05,0.0004336223333333,0.0553437776666666,3.364541033333333e-06,228.98790666666665,3.370745373333333,-0.6340370000000001,0.0013195373333333,-1.5397246666666666e-06,1.7006676930000003e-05,438561.97,44720.87512,6.8290485e-06,0.004089422,0.001299559,3.8237236e-06,251.269285,2.85065795,-0.194414493,-0.0008084065,1.53268984e-05
-81.62608381779297,-0.66107935,-1.0192537,283.79492,287.16943,102034.625,100968.625,271.45996,271.4602,271.45996,286.73438,-1.1018906,-2.1067944,-0.69364464,-1.0752811,3.093195,-5.3324614,-14.329652,0.19020998,0.17248255,0.06990558,0.065520406,7506.828,0.9737056,0.020936392,0.44450057,0.983682,0.09808463,0.0043609105,-7.1770273e-06,4.309025e-06,4.701235,-0.0035284413,1.1531744,-0.01594733,0.0,0.0144775435,0.0,0.0,0.0060776025,-637.9607,42.500183,-0.004162334,0.0004028338,-4.8105413e-09,-1159.5085,-636.3379,21225849000.0,46761247000.0,192266430.0,198364.62,0.05164673,68511680000.0,133.19043,620.4409,4247708.0,10286.352,0.0008918962,1135230600.0,-841246000.0,17740708.0,-777.7307,-0.0010427006,108101730.0,-80.59451,2655911700.0,2735582700.0,2626530.0,2646281200.0,2739834400.0,256.2456,0.01799972,0.0,-1.000001,0.13488203,0.50227123,0.07815617,-0.03071585,-2.2835273e-05,-0.044952977,21.893095,-1.000001,-1.000001,0.00022410045,0.0059772544,1.2244147e-05,32.127823,31.898895,30.929518,-1.000001,-1.000001,3710.3442,9.515941e-08,299823.38,34948.46,-142652.25,229167.25,444196.12,-142727.19,-233797.62,-24895.988,524859.5,266144.8,1105259.0,1220605.0,1102126.0,501909.44,823215.75,-604286.1,-900630.1,14820.809,0.0,9.515941e-08,186.4493,0.9531633,4645.0664,-11.880459,-50.24962,175.52728,-58.71727,-128.77615,4.2794583333333334e-07,0.0356479439999999,48084.87446666667,4903.292609383333,1.0672798200000007e-07,6.110733666666667e-07,66.17392766666667,9.72841255e-08,7.9552175e-08,0.003345856,1.093008e-08,1.0730915500000002e-05,267.4465783333333,16.564728383333335,-1.6792667666666663,0.2814469856666666,-1.829296e-06,2.776604465714286e-05,0.3745730342857142,131604.64357142858,13419.938875714286,1.673026077142857e-07,7.992459714285715e-07,70.0643512857143,2.8965868928571428e-05,9.44642709e-05,7.195562418571429e-06,215.7140628571429,49.89192185714285,2.6904896,-0.0777138905714285,-8.084995700000001e-05,-2.2297500000000005e-06,233435.45,23803.791305,7.181485925e-06,5.2419716e-05,1.208071375,3.0502408e-06,216.7814,4.49862595,-0.6373088,0.002209461,-8.32e-06,-1.9929900000000055e-07,327671.96,33413.24101666667,1.3136888166666668e-05,0.0004246613333333,0.0559606543333333,3.3640441e-06,228.76424666666665,3.742942466666667,-1.05852066,-0.0012339023333333,3.324193333333333e-07,1.2939991500000002e-05,438739.03,44738.930215,6.7769290000000005e-06,0.0040953705,0.0011131284999999,3.8251979e-06,252.16751,2.82428405,0.0352992999999999,0.000412265,1.1936811165e-05
-81.82053198656538,-0.30079347,-1.2670355,283.54224,287.69678,102067.125,101002.56,271.45996,271.45996,271.45996,289.49048,-0.4327538,-1.7405529,-0.3331734,-1.4612637,3.6079683,-5.375864,-45.049713,0.19017613,0.17245942,0.069934666,0.065539956,7672.0703,0.98455673,0.02941189,0.120664775,0.98455673,0.08038807,0.0083808005,3.2441958e-06,3.7820507e-07,3.7940903,-0.004519064,0.9032127,-0.024783883,0.0,0.0,0.0,0.0,0.00036608335,891.59375,70.3109,-0.006480798,0.00017394916,2.5896896e-09,-2415.4412,-1034.4019,20568390000.0,45576995000.0,175592690.0,193059.38,0.04989173,66629825000.0,123.16234,-863.1968,3982494.0,10289.859,0.0015733258,1277164500.0,-742088500.0,19772236.0,-112.4361,0.0005441294,372490100.0,-72.88876,2657059000.0,2733878000.0,2627902.0,2647423700.0,2737856000.0,403.4248,0.018001236,0.0,-1.000001,0.13488203,0.49962968,0.08262819,-0.016531881,-3.9689927e-05,-0.062109232,20.987375,-1.000001,-1.000001,0.00013769967,0.0059749223,5.509866e-05,30.928513,30.755081,29.393803,-1.000001,-1.000001,3712.1191,0.0,797115.0,86302.94,-256978.69,536624.7,979327.25,-180867.31,-253852.12,-98895.19,1137570.0,620949.2,1110160.0,1215167.0,1952969.0,1029783.0,1561113.0,-572749.5,-908846.44,60449.285,0.0,0.0,56.043747,0.89845103,5487.6055,-5.5471926,-39.387665,117.8318,-53.091995,-167.42462,-9.020194333333332e-07,0.0002612085,48112.3718,4906.0965568833335,1.1231200433333333e-07,5.80547745e-07,56.5997535,7.929953e-09,0.0,0.0030308901666666,0.0,6.0615944e-06,267.69411833333334,15.44345955,-2.471244233333333,0.1445577933333333,-5.1325115999999984e-06,3.1102389e-05,0.2823710597142857,131682.85642857142,13427.914365714289,1.631208878571429e-07,8.80709e-07,69.43542971428572,2.124038585714285e-05,9.486968938571427e-05,4.169902634285714e-06,215.58336857142857,47.98397585714286,4.136602914285715,-0.1728661695714285,-4.777712142857144e-05,7.241043000000001e-06,233444.7975,23804.744485,7.1239876e-06,5.133716e-05,1.1763407825,3.0476576e-06,216.3362425,4.31412755,0.20892805,-0.0064417295,-9.27e-06,-1.031e-05,327678.3933333333,33413.897033333335,1.31146345e-05,0.0004281669999999,0.0551273116666666,3.365824033333333e-06,229.35565,2.8277877,-0.9637813333333334,0.001364036,-1.3585166166666602e-07,1.01314205e-05,438932.31,44758.63929000001,6.78335915e-06,0.0040587444999999,0.001025513,3.82447025e-06,252.60082,2.8618708,-0.3997621500000001,0.000380721,9.96833825e-06
-81.79116562584832,-0.23145169,-1.1490126,282.3164,290.29712,102141.125,101080.125,271.45972,271.45972,271.45996,292.20923,-0.23801368,-1.5177574,-0.27466756,-1.4054775,4.35141,-5.4152727,-73.7375,0.19013649,0.17241663,0.06995767,0.065562546,4329.711,0.98900187,0.053759884,0.37985015,0.99293697,0.07567757,0.021476392,-2.6865855e-06,-3.3250244e-06,3.4245796,0.04876736,0.8608573,-0.0538449,0.0,0.0,0.0,0.0,7.322119e-05,1096.98,44.67578,-0.0024239086,0.00010097081,1.5188866e-09,-1549.6934,-158.04858,20066759000.0,44776710000.0,161345570.0,189421.62,0.049866248,65343960000.0,136.85532,-1073.112,3742672.0,10297.75,0.000628958,1369056500.0,-437187070.0,19885100.0,1060.0818,0.0022394063,802576400.0,-60.28711,2659146500.0,2734765600.0,2630105.0,2649527800.0,2738536200.0,539.96533,0.01800099,0.0,-1.000001,0.13488203,0.49738556,0.09720993,-0.016787045,-4.4203043e-05,-0.05681641,20.072012,-1.000001,-1.000001,5.9933373e-05,0.005975507,0.00010389248,30.456558,30.276077,27.827188,-1.000001,-1.000001,3714.3691,0.0,1288942.0,130323.375,-384021.62,969625.0,1469198.0,-219848.75,-281921.8,-256669.12,1699695.0,1123266.0,1120971.0,1228195.0,2651415.0,1660073.0,2190927.0,-665152.44,-920355.9,315364.88,0.0,0.0,0.0,0.50146466,4741.0312,2.4368982,-33.04219,63.59906,-44.75099,-228.771,-2.111241833333333e-06,0.0002612085,48169.13773333334,4911.885071016667,1.1616376166666669e-07,5.02592955e-07,50.367543833333336,0.0,0.0,0.0027673288333333,0.0,6.696202089833334e-06,267.819615,14.060075843333337,-3.100392786,0.094307554,-1.6937692026666668e-05,1.1292190357142858e-05,0.261170135,131737.63357142857,13433.50008,1.6377142714285714e-07,1.023465458e-06,66.865291,1.7385018885714285e-05,9.413640221428572e-05,3.822620400571429e-06,215.68789571428573,46.72087285714286,4.419614314285715,-0.1740812828571429,-5.855820485714286e-05,4.191101500000001e-06,233451.785,23805.4570125,7.120968e-06,5.083420075e-05,1.161565825,3.04559555e-06,216.255115,3.594533175,1.068092195,0.004312299,-1.3075e-05,3.502609e-06,327835.19,33429.88584,1.31070135e-05,0.0004371546666666,0.056459592,3.3658243333333334e-06,229.39461666666668,3.449845,-0.9614375333333331,-0.0020679696666666,2.502622666666668e-06,-1.09458225e-05,439270.65,44793.14037,6.70071075e-06,0.0041089495,0.0008624135,3.82653525e-06,254.21061,3.8701248,1.44742965,0.0003916565,1.158922285e-05
-81.30847891055416,-0.81052834,-0.8843354,281.8379,290.76367,102104.06,101047.06,271.4602,271.45996,271.45996,294.27734,-0.92270344,-1.2039137,-1.0141163,-1.0837641,4.64555,-5.4359846,-94.80441,0.19009513,0.17240262,0.06997764,0.06557292,4359.4766,0.97868466,0.05439046,0.25539458,0.98869765,0.08984977,0.013312202,-4.516436e-06,-2.7794867e-06,4.0395374,0.012551237,1.1363316,-0.034592528,0.0,0.0,0.0,0.0,0.0,265.3462,81.51697,-0.0022181475,0.00018086513,2.4533027e-09,-1344.5305,-531.27075,19840901000.0,44239774000.0,155462880.0,187174.94,0.050350983,64572730000.0,134.62122,-311.39526,3653812.0,10294.406,-0.0013894197,1921648600.0,685528450.0,24598168.0,5890.199,0.004211094,2499495200.0,-53.857346,2659683000.0,2733635300.0,2630766.0,2650048000.0,2737283600.0,669.95654,0.017999671,0.0,-1.000001,0.13488203,0.49626184,0.10010731,-0.04911294,-4.934684e-05,-0.04636471,19.989311,-1.000001,-1.000001,1.9551051e-05,0.005971767,6.1220735e-06,29.807602,29.607513,27.781713,-1.000001,-1.000001,3718.2944,0.0,1666262.0,183513.62,-453563.7,1331323.0,1834769.0,-278543.7,-322480.8,-414878.56,2119140.0,1544711.0,1138799.0,1223307.0,3149772.0,2158766.0,2647608.0,-774680.1,-934251.5,732335.75,0.0,0.0,0.0,0.5443114,3947.284,-0.11241406,-101.17378,4.8728647,-3.2036552,-280.11743,-2.6782979716666672e-06,0.0,48192.80428333333,4914.29838755,1.182045516666667e-07,4.5453282666666667e-07,43.69280691666666,1.9074848333333334e-07,0.0,0.0025219933333333,0.0,8.279799183333333e-06,268.1690116666667,13.150817123333333,-3.013965766666667,0.1244326526666666,-2.0043385666666667e-05,1.1176648857142858e-05,0.3433254642857143,131751.51785714287,13434.915885714288,1.5850125371428572e-07,1.0161792742857145e-06,70.62315571428572,2.3979823428571427e-05,9.588931451428573e-05,6.120176592857143e-06,215.52038,46.02088485714286,6.1711024000000005,-0.1868614358571428,-7.488742857142858e-05,3.362224e-06,233494.6225,23809.82522,7.120249325e-06,5.0820978e-05,1.1192894375,3.0446877e-06,216.3019875,4.604614,1.850003475,-0.00195312375,-1.3925e-05,-1.482551e-06,327833.31,33429.69413333333,1.3075267666666668e-05,0.0004542336666666,0.0568807006666666,3.3669076e-06,229.9041566666667,2.6949468,-1.2381023333333332,0.0013200716666666,1.2713055333333334e-06,-3.44141425e-06,439562.97,44822.948715,6.68376835e-06,0.004123658,0.000833003,3.8255835e-06,255.02311,5.69809665,2.2261119,-9.975050000000002e-05,1.32169529e-05
-80.91197078002564,-0.9036559,-0.5711034,281.88013,291.05103,102035.75,100981.44,271.45972,271.45996,271.45996,294.69995,-1.0237436,-0.8490659,-1.1422157,-0.7033035,4.6096773,-5.4432125,-94.50726,0.19006461,0.17237031,0.06999153,0.06558943,7723.961,0.9852432,0.04690345,0.15929174,0.9902222,0.0703004,0.0068826266,1.2922507e-05,-2.2745535e-06,3.1866121,0.005978238,0.83077097,-0.017669894,0.0,0.0,0.0,0.0,0.0,823.4192,80.39731,-6.7368994e-05,4.3050168e-05,2.215704e-09,-795.1826,243.30263,19732662000.0,44074350000.0,149192400.0,186332.94,0.051855933,64292840000.0,134.36447,-869.55347,3556482.0,10287.891,-0.0015311704,2098245200.0,921648300.0,24869088.0,7025.0234,0.0049749836,2905779200.0,-55.31552,2659031000.0,2731700200.0,2630219.0,2649405700.0,2735283000.0,741.98413,0.01800048,0.0,-1.000001,0.13488203,0.49589342,0.08987743,-0.04658909,-5.0016024e-05,-0.028429486,20.59476,-1.000001,-1.000001,5.8118294e-06,0.0059573054,0.0,29.246567,29.10353,29.021463,-1.000001,-1.000001,3722.5693,0.0,1876799.0,195255.62,-542915.2,1610413.0,2034592.0,-291713.2,-350684.56,-537813.25,2348223.0,1864045.0,1155830.0,1259022.0,3414069.0,2511495.0,2892090.0,-748442.06,-946385.94,925760.9,0.0,0.0,0.0,0.40520954,3322.683,-0.6271719,-182.26643,0.36613464,-0.20703125,-229.89023,4.01696845e-06,0.0,48181.00338333333,4913.095030733333,1.1713824500000005e-07,4.17700565e-07,39.73165033333333,1.112756666666667e-07,0.0,0.0023672786666666,0.0,4.827941086666667e-06,268.27741,12.65350155,-2.47011045,-0.0429477121666666,-1.9424913933333336e-05,1.1190648714285714e-05,0.3123010085714285,131741.50857142857,13433.895221428573,1.5812748714285713e-07,1.1561129571428571e-06,74.9077842857143,2.0491952642857144e-05,0.0001024310557142,5.304751671428572e-06,215.5592785714286,45.25232842857143,7.288534392857143,-0.1271147328571428,-5.350571428571429e-05,3.55573275e-06,233420.7975,23802.2971675,7.1216182500000005e-06,5.15959985e-05,1.152440145,3.045813425e-06,216.412635,5.10663875,2.109074375,0.0012510472499999,-1.48775e-05,5.197737000000001e-06,327881.63,33434.621406666665,1.3071509e-05,0.000453264,0.056590495,3.3662127000000004e-06,229.84795666666665,3.8068168666666655,-1.7966073666666669,-0.0024229236666666,1.3427536666666667e-06,-1.581e-05,439794.69,44846.57758,6.657449200000001e-06,0.004144396,0.000801837,3.82613645e-06,256.31602,6.7089025,3.1483197,6.724000000000001e-05,1.47743055e-05
-80.43064894545674,-0.7286984,-0.114855826,281.5481,293.92358,101990.81,100939.0,271.45947,271.45996,271.45996,296.35132,-0.80370706,-0.2844711,-0.9839247,-0.15173662,4.38089,-5.4454193,-113.258194,0.1900202,0.17233968,0.07001144,0.06561506,7655.2383,0.44314426,0.034413114,0.08814001,0.5004279,0.018880565,0.0030298706,1.2087774e-05,-1.1286529e-06,0.8414112,0.0037828316,0.19305253,-0.0075593106,0.0,0.0,0.0,0.0,0.0,-688.56104,54.177017,-0.0011469075,0.00016990589,-1.1722431e-08,14.828005,-87.23418,19700173000.0,44079067000.0,146726850.0,186210.38,0.054257277,64259550000.0,133.38365,639.6345,3511785.0,10283.43,-0.0015511962,1941056000.0,560356600.0,23326782.0,5475.8477,0.0047799237,2371804200.0,-60.159134,2658959400.0,2731042000.0,2630195.0,2649337900.0,2734562300.0,829.0952,0.017998762,0.0,-1.000001,0.13488203,0.4957775,0.06951988,-0.039314035,-6.1723054e-05,-0.0009834748,21.12862,-1.000001,-1.000001,1.3292192e-06,0.0059793517,0.0,28.904648,28.86087,30.36024,-1.000001,-1.000001,3855.9321,0.0,1889563.0,245539.5,-646164.75,1922394.0,2045256.0,-358541.12,-374607.12,-634869.25,2360309.0,2217848.0,1174509.0,1233800.0,3426154.0,2801296.0,2903740.0,-824878.9,-959727.56,1459259.0,0.0,0.0,0.0,0.49089402,3624.3174,-0.6584219,-190.34818,-0.86328125,0.4375,-139.97563,3.486853733333333e-06,0.0,48179.17243333333,4912.90832575,1.153094716666667e-07,3.95867875e-07,37.885481166666665,1.5901396666666666e-08,0.0,0.0022938371666666,0.0,1.6765154363333331e-06,268.29447,12.343280041666668,-2.2875795533333334,0.0357803455,-1.6818297216666667e-05,2.670255428571436e-07,0.0350401327142857,131751.92714285714,13434.95762,1.6596434928571428e-07,1.1848619714285714e-06,60.610912,2.860910637142857e-06,8.651108950000001e-05,8.840409794285715e-07,215.68904285714285,44.644647,7.008464192857143,-0.0051921519999999,-4.114e-05,2.6757295000000003e-06,233437.0475,23803.954205,7.181228275e-06,5.25170245e-05,1.12249864,3.04885745e-06,216.8824675,5.928455225,1.872750525,0.003437141,-1.4715e-05,4.002108e-06,327876.06666666665,33434.054103333336,1.3058354666666666e-05,0.000445333,0.060196649,3.3645468e-06,229.41118666666668,3.27868651,-1.5989472566666667,-0.001300288,4.523201000000002e-07,-1.7605e-05,440069.5,44874.6004,6.6391385e-06,0.004134149,0.0007389235,3.825292e-06,257.008005,7.17677125,3.7230849,1.698725e-05,1.7950224000000002e-05
-79.99848768089608,-0.5525442,0.20604408,281.8308,293.8916,101921.94,100872.06,271.4602,271.45947,271.45996,297.04248,-0.5932816,0.13615656,-0.77461165,0.2698654,3.9939108,-5.445879,-100.21657,0.18999279,0.17231351,0.070037544,0.06562263,4004.5168,0.03537688,0.02811703,0.005260989,0.06481981,0.0007258374,0.0010993506,2.8455055e-08,-2.6693779e-06,0.03029878,0.00023922481,0.005169306,-0.0026782635,0.0,0.0,0.0,0.0,0.0,-1401.856,7.427335,-0.0019372338,0.00014156228,-5.035769e-09,578.0288,-450.24097,19764468000.0,44266390000.0,146349550.0,186885.88,0.05729707,64462635000.0,113.92532,1404.7336,3497507.0,10276.82,-0.001683542,1547349900.0,-72157060.0,19402220.0,2615.3535,0.003501196,1337338000.0,-64.33807,2658776800.0,2729137000.0,2630145.0,2649143000.0,2732640500.0,889.78613,0.017999653,0.0,-1.000001,0.13488203,0.49575174,0.05940789,-0.03074801,-6.078559e-05,0.013909232,21.194933,-1.000001,-1.000001,2.741766e-07,0.006016031,0.0,28.181442,28.178284,31.200392,-1.000001,-1.000001,3896.3628,0.0,1708828.0,219395.62,-600496.94,1688461.0,1868898.0,-347726.3,-395126.8,-519304.2,2157699.0,1945693.0,1191870.0,1255223.0,3185157.0,2514983.0,2682480.0,-896318.44,-973915.5,1217750.0,0.0,0.0,0.0,0.64037955,4438.5586,-1.0621557,-173.72751,0.0018411383,0.296875,-6.226593,3.5659664166666666e-06,0.0,48177.706,4912.7587914000005,1.1452807333333334e-07,3.749032466666667e-07,35.86273616666667,0.0,0.0,0.002214173,0.0,1.1116641e-07,268.52352666666667,12.281580566666667,-1.8988270258333333,0.0631677991666666,-1.7146666666666666e-05,-1.03144129e-05,0.0,131753.49071428573,13435.117058571428,1.7141288000000004e-07,1.096798552857143e-06,47.26068514285714,6.807016714285714e-09,6.455200084285714e-05,7.661093971428571e-09,215.73307428571428,44.26521714285714,5.523295271428571,0.0365432667142857,-4.752857142857143e-05,1.0482063325e-05,233486.25,23808.9714625,7.177962825e-06,5.207694175e-05,1.06162846,3.0486267e-06,216.9088725,6.664953275,1.3528043175,0.0001917352499999,-1.5675e-05,-1.6454459999999995e-06,327887.67,33435.237316666666,1.3055649333333336e-05,0.0004456546666666,0.0588448226666666,3.3656742666666664e-06,229.68875,2.69812484,-1.5525474666666668,0.0016231429999999,-1.3374846666666668e-06,-2.8669375e-06,440320.185,44900.163155,6.668945699999999e-06,0.0040455935,0.0007440035,3.8226194e-06,256.67317,7.7297805,3.0315848,-0.000817942,1.89555255e-05
-79.7729228823326,-0.59508616,0.70443124,281.9973,294.01685,101868.25,100819.625,271.4602,271.4602,271.45996,296.8484,-0.63648856,0.7728435,-0.7376595,0.891466,3.9569206,-5.4461308,-69.26384,0.18994838,0.17228425,0.07006055,0.06564212,1104.8972,0.00034105126,0.055571172,0.0010223861,0.056708094,0.0,0.001153782,6.352728e-09,-1.1906577e-06,0.00014019012,0.0011055882,0.0002593994,-0.0032408892,0.0,0.0,0.0,0.0,0.0,-1454.4766,-27.081436,-0.0011242866,2.0556166e-05,7.672507e-10,846.2239,-690.23193,19853773000.0,44273897000.0,148123740.0,187031.12,0.058296073,64537740000.0,105.2442,1500.9106,3507814.0,10271.453,-0.00072556944,1237483500.0,-286742620.0,15776618.0,1293.3772,0.0027511057,818075500.0,-59.126816,2658628900.0,2728504600.0,2630067.0,2649023200.0,2732003300.0,887.97144,0.017999172,0.0,-1.000001,0.13488203,0.49574292,0.07399225,-0.038800906,-4.880833e-05,0.046442945,22.529978,-1.000001,-1.000001,6.555484e-08,0.0060171485,3.061036e-05,27.973083,27.971222,32.935417,-1.000001,-1.000001,3894.9695,0.0,1348854.0,164549.06,-510235.8,1393152.0,1520136.0,-349014.25,-364364.0,-371489.44,1757328.0,1609582.0,1192565.0,1239870.0,2707514.0,2133428.0,2244900.0,-960286.1,-969569.06,1092470.0,0.0,0.0,0.0,0.42748594,4764.5977,-13.01792,-131.33331,16.485352,8.758357,102.02406,7.741809850000001e-06,0.0,48173.60966666666,4912.34108165,1.13653536e-07,3.7822766e-07,35.6509495,0.0,7.97145e-09,0.002207776,0.0,0.0,268.69767,12.021477216666666,-1.1947063666666666,0.0849436945,-1.6936795133333333e-05,-1.2904106228571428e-05,0.0,131757.69642857142,13435.545924285714,1.7173495571428572e-07,1.1535117e-06,39.59033,0.0,5.3421090528571424e-05,0.0,215.83723,44.24445714285714,4.3469622,0.0260271615714285,-3.810000000000001e-05,1.159442825e-05,233499.7975,23810.3529275,7.1520187e-06,5.099287575e-05,1.041851515,3.0478961250000003e-06,216.8166775,6.6424507,1.1524207675,0.0021160019999999,-1.8025e-05,3.2551703333333333e-06,327923.26666666666,33438.867163333336,1.3078534333333336e-05,0.000445496,0.0552346853333333,3.366795366666667e-06,229.67001666666667,3.1628968,-1.8743686666666663,-0.000792736,-2.7226580000000003e-06,6.485277499999999e-07,440347.75,44902.974005,6.6918825e-06,0.0039342445,0.0007899185,3.81986e-06,256.39807,7.965576349999999,3.7530485,-0.0004794205,1.49065095e-05
-79.61648208112325,-0.72944117,1.3374805,282.115,293.90527,101869.0,100820.56,271.45972,271.45972,271.45996,294.56787,-0.8762259,1.642209,-0.7981973,1.4970121,4.2481937,-5.4463034,-26.193344,0.18990874,0.17225504,0.07007742,0.06566167,1221.8508,0.042784974,0.056206822,0.0050138645,0.09806508,0.00012828798,0.0018799244,-6.18421e-07,-2.0303778e-06,0.0049191006,0.0030470223,0.00022642393,-0.0044582076,0.0,0.0,0.0,0.0,0.0,-1198.9861,-77.2372,-0.0023794142,-5.2902804e-05,2.163924e-09,358.81543,-1147.0151,20115909000.0,44572860000.0,155011550.0,188482.94,0.05868241,65106117000.0,105.06288,1289.3486,3596786.0,10271.5625,0.00021710961,665658500.0,-773283100.0,10751088.0,-1371.8909,-0.0004668415,-223395920.0,-50.186005,2659767300.0,2729892600.0,2631158.0,2650171600.0,2733486800.0,665.4651,0.018000763,0.0,-1.000001,0.13488203,0.49573982,0.1154055,-0.0463161,-3.2173615e-05,0.080197155,21.894522,-1.000001,-1.000001,1.7876268e-08,0.0060163885,3.0578492e-05,28.076385,28.073532,32.704254,-1.000001,-1.000001,3973.754,0.0,867446.4,110583.69,-372863.06,950745.0,1042311.44,-323975.3,-357251.62,-207868.44,1208926.0,1100055.0,1198644.0,1231103.0,2025633.0,1537137.0,1629142.0,-970787.6,-976864.75,738765.8,0.0,0.0,0.0,0.05632109,4360.8945,-2.110857,-164.65868,4.193968,2.1491365,241.52013,1.238668715e-05,0.0,48199.28176666666,4914.958906983334,1.13201451e-07,4.216054705e-07,35.38329733333333,0.0,7.97145e-09,0.0021951201666666,0.0,1.5903235e-08,268.85299166666664,12.098118441666664,-0.4764037966666667,0.0771802975,-9.806305133333332e-06,-1.153336e-05,0.0,131798.49214285714,13439.705927142855,1.7188753857142857e-07,1.0688179342857145e-06,35.38226085714286,0.0,4.353485082857142e-05,0.0,215.95083285714284,44.870784571428565,2.544176705714285,0.0042402388571428,-3.931428571428572e-05,4.9324901e-06,233575.825,23818.1055725,7.16897585e-06,4.9979222e-05,1.021824865,3.048684475e-06,217.0276325,6.536131175,0.7769517675000001,0.00210829625,-2.04e-05,3.275029666666666e-06,327981.8933333333,33444.84541666666,1.3074824333333334e-05,0.000447839,0.0549244219999999,3.3678270000000003e-06,229.58203666666668,2.55269919,-2.173569161666667,0.0005578533333333,-3.737008233333333e-06,9.929955e-06,440578.72,44926.52639,6.72152575e-06,0.0038523805,0.0008613555,3.81587825e-06,256.06946000000005,10.019421,3.82383015,-0.000593142,1.22195935e-05
-79.43321548680687,-0.5098402,1.6964903,281.55933,293.48608,101884.125,100835.06,271.45996,271.45996,271.45996,291.68237,-0.78227675,2.8071098,-0.4809773,1.6112528,3.7873535,-5.446374,10.160057,0.1898765,0.17222744,0.070103526,0.06568122,1347.5835,0.0236088,0.022180576,0.024705168,0.064805984,4.8912843e-05,0.0029783822,2.5693265e-07,-4.2646443e-06,0.002211992,0.0062962137,4.5776367e-05,-0.0059935004,0.0,0.0,0.0,0.0,0.0,-815.95825,-85.36694,-0.001348543,-6.0533466e-06,4.9897686e-09,251.66306,-709.5115,20413852000.0,45009592000.0,164678750.0,190539.5,0.05802533,65846395000.0,102.13753,898.553,3719911.0,10273.004,0.00080635445,388619900.0,-297817300.0,6994839.0,-296.8872,-0.0012521336,14493198.0,-33.866913,2660696300.0,2730924300.0,2632069.0,2651062300.0,2734645000.0,427.73584,0.01800144,0.0,-1.000001,0.13488203,0.49573958,0.122671366,-0.020492777,-1.2066186e-05,0.067067206,21.59928,-1.000001,-1.000001,1.7876268e-08,0.006006375,4.8883798e-05,28.122864,28.119629,32.71482,-1.000001,-1.000001,3981.7065,0.0,359196.62,54959.32,-218761.0,481054.25,505260.06,-276751.5,-319182.0,-44839.39,593745.06,558672.56,1192590.0,1230943.0,1186030.0,874273.7,896622.44,-958645.1,-968698.44,331177.56,0.0,0.0,0.0,0.037575494,3961.22,-5.0424633,-127.46582,34.366974,10.401677,319.35938,9.0552716e-06,0.0,48223.1571,4917.3935136166665,1.126963506666667e-07,5.225127066666667e-07,36.625017666666665,0.0,7.97145e-09,0.0022083451666666,0.0,6.7595e-08,268.80732166666667,12.23803195,0.4336844066666667,0.0514981594999999,4.051148116666666e-06,-6.746206707142857e-06,0.0,131824.09785714286,13442.316985714288,1.6862664285714288e-07,9.425611042857144e-07,38.69354271428572,0.0,4.716738178571429e-05,0.0,215.99634285714288,45.98648514285714,1.1292073934285711,-0.0087061491428571,-4.765714285714287e-05,-1.5408816999999998e-06,233618.95,23822.5031,7.168555475e-06,4.94693655e-05,1.02466103,3.04953575e-06,217.121965,6.3992875,0.62422859,-0.00099630575,-2.085e-05,-2.3945991666666662e-06,328013.88,33448.10715333334,1.3057860333333336e-05,0.000447856,0.0534675879999999,3.3706835e-06,230.02196,2.3668972333333334,-1.4246663333333334,0.000744683,-3.520681e-06,1.63561475e-05,440584.97,44927.16370999999,6.749362500000001e-06,0.003766755,0.000942952,3.8112789e-06,255.69114,12.1458155,3.97835,-0.0002401509999999,8.429848500000001e-06
-79.4221166030396,0.15823227,1.7200413,283.35376,289.02808,101928.44,100878.0,271.45996,271.45947,271.45996,288.62964,0.47077125,3.207841,0.105872095,0.8365152,2.9111853,-5.4462576,8.342877,0.1898399,0.17219818,0.070123196,0.06570381,2017.1995,0.029618334,0.023942754,0.034634642,0.07522577,0.00012821861,0.0024539812,-4.690711e-07,-3.9244305e-06,0.005107954,0.0024331028,5.5099532e-05,-0.0011681519,0.0,0.0,0.0,0.0,0.0,-1062.1802,-100.76045,-0.0051597916,-0.00013936672,8.565806e-09,-700.8601,-2274.9607,20735982000.0,44983075000.0,177025440.0,191145.19,0.056794856,66121530000.0,90.952835,1084.6179,3869320.0,10277.3125,0.00025330344,186460670.0,1481863000.0,986464.75,5258.4766,-0.0009370225,1684662900.0,6.0839424,2662367200.0,2735384600.0,2633472.0,2652753000.0,2739253500.0,150.93298,0.017999921,0.0,-0.93763727,0.13476557,0.49574,0.05985354,0.0073931366,-2.1783017e-06,0.02963714,21.516432,-0.9270525,-0.92282593,1.7876268e-08,0.0059828013,9.161647e-05,29.23227,29.231018,32.8827,-0.93763727,1.0829458,3999.8687,0.0,38298.703,11147.43,-57449.72,81436.19,77275.56,-245486.75,-280968.75,39936.07,98383.0,94889.06,1181999.0,1199455.0,275768.94,183146.12,186141.88,-943126.94,-957987.2,33728.688,0.0,0.0,0.0,0.23786432,3712.5205,0.19739503,-20.738281,250.18808,80.73659,184.89252,3.003888833333333e-06,0.0,48281.77978333333,4923.371363533333,1.1322705833333342e-07,6.215441500000001e-07,43.75140366666667,0.0,1.5942892666666666e-08,0.0024670851666666,0.0,1.5901396666666666e-08,268.8611233333333,12.8445945,1.999302325,0.1167469285,1.5590787e-05,-8.3441005e-06,0.0,131840.8742857143,13444.027704285714,1.673286062857143e-07,6.095263328571429e-07,42.58158814285714,0.0,5.145735375714285e-05,0.0,216.14696,47.896565,-0.7115490285714284,0.0112303282857142,-5.542857142857143e-05,-5.8157821e-06,233655.2525,23826.2049225,7.178641725e-06,4.946768975e-05,1.07544015,3.05040725e-06,216.9019125,6.088266425,0.27793998,-0.00589722575,-1.9825e-05,-2.4620960000000004e-06,328048.48,33451.63537,1.3056318166666665e-05,0.000448973,0.049805909,3.373664233333333e-06,230.39631333333327,2.7049751866666667,-0.9254264233333332,0.00017036,-9.197838666666664e-07,1.62072645e-05,440458.07,44914.22351,6.8311425e-06,0.0035653145,0.000891755,3.80711025e-06,255.667145,15.855972,1.980579,0.0002103535,2.02394e-06
-79.47590279048329,0.7579549,1.603303,284.16235,288.40894,101904.0,100853.31,271.45972,271.45972,271.45996,287.26758,1.6634817,2.8584347,0.41835403,0.72830683,3.152113,-5.4461718,7.949361,0.18980771,0.17216891,0.07014626,0.06572336,1563.7239,0.012375426,0.010258339,0.03647805,0.04874328,0.00013434069,0.002491245,-7.0328826e-07,2.6943271e-06,0.0046930797,0.00847948,0.00048234547,0.0026604563,0.0,0.0,0.0,0.0,0.0,-143.82364,-50.085968,-0.0037095826,-0.00021766406,-1.4129093e-09,-1083.4727,-1866.5754,20887783000.0,45926543000.0,180359550.0,194695.94,0.055512376,67257803000.0,105.183685,157.71185,3940050.0,10274.922,0.00077398634,248362610.0,2221492200.0,1233961.0,7985.508,-0.0032613855,2518857700.0,19.572296,2661266400.0,2735179300.0,2632291.0,2651627000.0,2739127000.0,78.56914,0.017999716,0.0,-0.93763727,0.13476557,0.4957416,0.060533717,0.017235432,-1.4366478e-06,0.023230456,20.93556,-0.9290501,-0.92577356,1.7876268e-08,0.005970031,0.00017101785,29.60086,29.599167,32.729206,-0.93763727,1.0704727,4142.9062,0.0,0.0,0.0,-18803.703,3.5999988e-12,0.0,-234594.88,-234771.5,36609.316,0.0,0.0,1164864.0,1158006.0,0.0,0.0,0.0,-944571.0,-946324.8,0.0,0.0,0.0,0.0,0.24982166,3408.1838,16.233887,24.63739,352.1931,107.2108,126.84221,1.217669566666666e-06,0.0005210571666666,48259.4841,4921.097836533333,1.1239871066666668e-07,7.67033575e-07,49.56477883333333,0.0,2.6241222166666664e-07,0.0026884266666666,0.0,7.950701666666666e-09,268.78998666666666,14.189842116666666,2.332199875,0.0274392308333333,1.7280964166666666e-05,-1.3121595714285706e-06,0.0,131811.54571428572,13441.037022857145,1.6581369000000005e-07,3.676127e-07,45.60228571428571,0.0,5.34699323e-05,0.0,216.17871714285712,48.34004857142857,-0.5314311785714286,-0.009363885,-6.777142857142858e-05,-1.6325e-05,233538.6375,23814.3135,7.19717575e-06,5.006201225e-05,1.07800185,3.0524864e-06,217.1529675,5.650045825,-0.1292619099999999,0.005324613,-1.5625e-05,5.296299333333333e-06,327967.2866666667,33443.35595333333,1.3064630166666667e-05,0.000439937,0.0483557306666666,3.3748783666666668e-06,230.38105,2.457626633333333,-1.659761023333333,0.000946468,-3.176284333333333e-06,2.19816265e-05,440476.62,44916.115085,6.79533385e-06,0.0034388845,0.0007941945,3.801977e-06,255.483585,16.6824625,-1.39936649,2.8485499999999977e-05,-2.5649155e-06
-79.46376465374385,0.7813397,1.197506,283.85254,289.2229,101984.375,100932.81,271.45996,271.4602,271.45996,286.4912,1.7831717,2.2232943,0.3608243,0.4955035,2.521819,-5.446004,6.0968685,0.18976337,0.17214441,0.07016617,0.06573069,3151.7024,0.002862396,0.010258339,0.039088976,0.04184175,3.0482886e-05,0.005238455,2.0873387e-08,-3.4504928e-06,0.0010063068,0.031409875,0.0002746582,0.014372762,0.0,0.0,0.0,0.0,0.0,345.15723,-33.199722,-0.0024676758,-0.0002008282,2.6317197e-09,-978.44507,-1252.3606,20886934000.0,46487065000.0,180116300.0,196595.62,0.05367862,67854365000.0,119.43465,-348.3662,3963806.0,10282.965,0.0006290206,672730600.0,3630688300.0,4269831.0,13634.6875,-0.00316772,4398966000.0,34.75096,2663310800.0,2738796300.0,2634203.0,2653683200.0,2742743000.0,54.65544,0.018001113,0.0,-1.000001,0.13476557,0.49574584,0.05351323,0.011397034,-1.0022331e-06,0.013401944,20.18571,-1.000001,-1.000001,1.7876268e-08,0.0059663095,0.0005984176,30.222015,30.216476,32.453598,-1.000001,-1.000001,4241.9766,0.0,0.0,0.0,-12095.207,3.5999988e-12,0.0,-223186.5,-223681.88,26636.227,0.0,0.0,1154484.0,1149599.0,0.0,0.0,0.0,-940594.4,-942086.9,0.0,0.0,0.0,0.0,0.0050707683,2741.1584,18.852127,40.631668,262.9546,96.42952,77.34952,3.211929833333333e-06,0.001042114,48306.79256666667,4925.921957783333,1.1153175166666668e-07,8.038771083333333e-07,55.22428133333333,0.0,9.142513466666668e-07,0.002905427,0.0,0.0,268.58708333333334,14.957045166666669,2.82291625,0.0226029541666666,1.1989118e-05,-2.483730714285714e-06,0.0,131882.25142857144,13448.247,1.6682517714285718e-07,5.139242754285714e-07,48.97841028571428,0.0,5.477147687142858e-05,0.0,216.21379142857143,48.24011014285714,0.4806512428571429,-0.0336347034285714,-7.128571428571428e-05,-1.463e-05,233609.485,23821.5379375,7.2142017e-06,5.11319745e-05,1.0961988,3.055052075e-06,217.318945,5.124286124999999,-0.0157745049999999,-0.00271413575,-9.1675e-06,6.3850413333333335e-06,328002.4466666667,33446.94127666667,1.30699375e-05,0.0004339853333333,0.048325366,3.375108766666666e-06,230.19257666666667,2.1463524,-2.1266902,-0.0022503006666666,-6.102980333333333e-06,1.0230774e-05,440394.9,44907.781965,6.737932499999999e-06,0.0034360585,0.000784015,3.7984e-06,255.47315,14.1707765,-4.4500136,0.000716907,-6.9741312e-06
-79.58479102182253,0.31288117,0.83334064,284.219,289.07568,101949.25,100897.44,271.45972,271.45996,271.45996,285.70215,1.0955172,1.5881109,0.17029971,0.24937344,2.4339733,-5.445242,1.7959833,0.18972504,0.17211217,0.07018942,0.06575632,2922.8342,0.00022533756,0.006323278,0.028405823,0.033646815,0.0,0.00441375,1.3457787e-07,-1.0901458e-06,0.0006532669,0.03659933,0.0017242432,0.019147083,0.0,0.0,0.0,0.0,0.0,74.695404,-59.204407,-0.0009706211,-0.0001739409,5.817544e-09,-671.48193,-1144.8987,21152987000.0,47892300000.0,181155470.0,201751.5,0.053941675,69548370000.0,128.5747,-93.453384,4062480.0,10279.43,0.00037817843,1005861600.0,4523080700.0,6101113.0,17273.777,-0.0018874693,5642463000.0,42.522385,2663248600.0,2738648800.0,2634156.0,2653627600.0,2742727200.0,33.620758,0.018000904,0.0,-1.000001,0.13476557,0.4957627,0.054452382,0.0029002521,-3.568531e-07,0.0036791214,19.79811,-1.000001,-1.000001,1.7876268e-08,0.0059572533,0.0019048005,30.193497,30.188019,32.190754,-1.000001,-1.000001,4005.6367,0.0,0.0,0.0,-9348.895,3.5999988e-12,0.0,-213742.0,-217621.19,25806.504,0.0,0.0,1147433.0,1147784.0,0.0,0.0,0.0,-937340.06,-938950.94,0.0,0.0,0.0,0.0,-0.32979095,2169.668,38.045242,56.75975,161.97554,70.175964,56.028915,-5.136935833333334e-06,0.003125223,48307.07998333333,4925.9512662,1.1180187166666668e-07,8.583003916666667e-07,55.01639316666667,0.0,9.220409933333334e-07,0.0029821733333333,0.0,0.0,268.7998283333333,17.058808533333334,3.3124147366666663,0.1005937418333333,1.2167927133333331e-05,9.56749557142857e-06,0.0,131912.24071428573,13451.305052857144,1.665665492857143e-07,6.62744915e-07,51.18664985714286,0.0,5.978677167142857e-05,0.0,216.12269857142857,47.64528342857143,1.3491944,-0.0896589945714285,-7.268571428571429e-05,-3.95015175e-06,233623.2175,23822.93826,7.15326965e-06,5.1564894e-05,1.1784355125,3.0565175e-06,216.841965,5.8888557,-0.1123679100000001,-0.01198021425,-4.2803533e-06,-1.36436325e-06,327912.64666666667,33437.78422666667,1.3051325333333331e-05,0.0004423696666666,0.0474032096666666,3.3756605333333337e-06,230.70106,1.5692039999999998,-2.4063301333333333,0.001702606,-6.953311766666667e-06,3.587189e-06,440653.28,44934.12939,6.6552965e-06,0.003531489,0.000711856,3.8016914e-06,256.252815,12.1787465,-6.3237587,0.0001169555,-5.9600000000000005e-06
-79.5542855658041,0.99393976,0.31383348,284.85547,288.25537,102012.19,100958.875,271.45996,271.45996,271.45996,285.8152,1.6013031,1.1295824,0.34718013,0.1539157,2.4975471,-5.446122,3.1766071,0.18968064,0.17208767,0.070212424,0.06577277,3561.942,0.008970868,0.0,0.048380278,0.05734506,2.43955e-05,0.01514145,-5.177313e-07,-5.3385493e-06,0.00094659533,0.13063884,0.0005340576,0.05977261,0.0,0.0,0.0,0.0,0.0,1432.9998,19.526932,-0.0048805885,-0.00026159594,3.4610856e-09,-2669.5098,-1899.3972,20962697000.0,48473887000.0,175009120.0,203443.0,0.052484624,70024310000.0,164.11844,-1475.4285,3996775.0,10285.637,0.0009420435,1369019300.0,5426540500.0,8495618.0,21013.875,-0.0009525616,6934502400.0,51.52394,2663851000.0,2741315000.0,2634543.0,2654223400.0,2745322800.0,32.432846,0.018001214,0.0,-0.51264066,0.13476557,0.49574423,0.054299373,0.006602604,-5.4508826e-07,0.002713723,20.029785,-0.44520396,-0.41899073,1.7876268e-08,0.005946398,0.005170848,31.039963,31.023544,32.439007,-0.51264066,15.082889,3869.9004,0.0,0.0,0.0,-8383.352,3.5999988e-12,0.0,-205545.5,-213871.88,27405.168,0.0,0.0,1142786.0,1149319.0,0.0,0.0,0.0,-931334.8,-935199.4,0.0,0.0,0.0,0.0,-0.7404487,1950.5645,78.633545,78.7191,189.28957,64.504074,49.093216,3.638243583333333e-06,0.0054695413333333,48317.44225,4927.007923016667,1.1051923833333337e-07,8.526298366666666e-07,59.6485065,0.0,2.85362874e-06,0.0031966273333333,0.0,0.0,268.6122433333333,17.449158999999998,3.32465476,-0.0773414475,6.199114999999998e-06,1.4807211714285716e-05,0.0006691568571428,131904.52785714288,13450.518562857143,1.655324135714286e-07,7.145390582857143e-07,57.779013142857146,0.0,6.74279207e-05,0.0,215.9255485714285,47.009879142857145,1.8408945,-0.0926866125714285,-7.427142857142857e-05,1.6250023325e-05,233614.9075,23822.0908775,7.0381974e-06,5.152272475e-05,1.2901076925,3.0560602e-06,216.002005,6.413973975,-0.584819925,-0.0124214705,-3.44369325e-06,-3.133156333333334e-06,327938.75,33440.446026666665,1.30449875e-05,0.0004518386666666,0.04677933,3.3752288e-06,231.05658666666668,1.1424687166666667,-2.990589166666666,-0.0001205226666666,-3.0263761e-06,-6.07211315e-06,440562.375,44924.85966,6.62099215e-06,0.0036248085,0.000727872,3.80607715e-06,256.528915,10.2734245,-8.8136995,0.0004431925,-4.9585e-06
-79.45381950634736,0.97832745,0.44351447,285.0437,287.33105,102016.875,100963.94,271.45996,271.45996,271.45996,285.26074,1.5353479,1.284956,0.34654713,0.21796882,2.4065304,-5.44625,3.3746252,0.18965018,0.17206448,0.07023239,0.06578314,3502.1282,0.0,0.0049973466,0.15461868,0.15461868,9.767762e-05,0.037389863,5.859848e-07,-9.763665e-06,0.001354431,0.31513846,0.00038740528,0.11181253,0.0,0.0,0.0,0.0,0.0,996.49146,-33.776688,-0.0043043382,-0.00031208666,1.7642927e-09,-2174.0942,-1964.9141,21170156000.0,49808380000.0,177090190.0,208363.31,0.05297395,71637295000.0,191.68472,-1039.5469,4057094.0,10286.156,0.00015780237,1794649900.0,6312007700.0,12797119.0,24847.535,0.0003514886,8266906000.0,58.77675,2663138800.0,2742009900.0,2633721.0,2653523000.0,2746066700.0,29.909119,0.018001672,0.0,-0.51264066,0.13476557,0.49574316,0.04952507,0.0078062452,-5.2910366e-07,0.005847849,20.274073,-0.43788183,-0.40822726,1.7876268e-08,0.00593378,0.010646317,31.611832,31.573135,32.91498,-0.51264066,15.0454,3736.269,0.0,0.0,0.0,-6625.3984,3.5999988e-12,0.0,-200361.75,-209264.75,25186.062,0.0,0.0,1141318.0,1148026.0,0.0,0.0,0.0,-925470.2,-927815.3,0.0,0.0,0.0,0.0,-0.80166805,1761.771,82.32158,76.53682,189.78607,61.674637,40.994415,3.7110816666666655e-06,0.0112002906666666,48296.12388333333,4924.834054683333,1.0793759916666669e-07,8.362698553333333e-07,62.89384983333334,3.5761988333333335e-08,5.89802871e-06,0.0033839444999999,0.0,0.0,268.597735,18.11365363333333,2.800716720833333,0.0153740883333333,-3.258866166666665e-06,1.2831614185714284e-05,0.0,131875.42714285714,13447.551115714286,1.644595392857143e-07,1.0064303367142857e-06,59.86998342857142,0.0,7.72785967e-05,0.0,215.83110285714287,46.97511914285714,3.04032492,-0.0785597624285714,-7.7259e-05,2.3895623e-05,233526.815,23813.1079425,6.9891133250000005e-06,5.141500225e-05,1.3675082825,3.0559943e-06,215.6460475,6.3723468,-0.689289075,0.001470739,-9.74583525e-06,7.96277e-06,327841.10000000003,33430.488496666665,1.3014082e-05,0.000454933,0.053246884,3.3719655666666665e-06,230.3558033333333,1.8240865333333327,-3.54673515,-0.0021987276666666,-2.3046255e-06,-1.694918015e-05,440312.04,44899.332595,6.5483996e-06,0.003693679,0.000680435,3.81022535e-06,256.694505,8.241806200000001,-7.98813865,0.0005506315,-6.231350000000009e-08
-79.47158430916427,0.802723,0.46964443,285.32007,287.18335,102023.5,100970.625,271.45972,271.45972,271.45972,285.32324,1.2351742,1.4228344,0.26441348,0.2040196,1.9010363,-5.4461184,1.9709167,0.18961793,0.17202777,0.07024628,0.065811634,3317.0698,0.1779607,0.0003428359,0.37416267,0.4096384,0.004847862,0.05690839,-3.5711464e-06,-1.1895707e-05,0.12726033,0.50457954,0.011790909,0.122850955,0.0,0.0,0.0,0.0,0.0001710469,299.48218,-10.91299,-0.0039723627,-0.00031891023,4.488772e-09,-1834.6257,-2351.9026,21489822000.0,51194790000.0,182213600.0,213712.06,0.053315908,73455840000.0,235.04308,-404.7268,4163366.0,10286.758,-0.00057605887,2276269800.0,7256867300.0,18393126.0,28967.234,0.0016583786,9699355000.0,59.36487,2662655200.0,2744152000.0,2633037.0,2653045500.0,2748338700.0,27.031693,0.018000215,0.0,-0.51264066,0.13476557,0.49574482,0.033038095,0.005170524,-5.14632e-07,0.005650297,20.547544,-0.4345503,-0.4032482,1.7876268e-08,0.005913291,0.01662789,32.692398,32.627136,33.294365,-0.51264066,15.0454,3736.8943,0.0,0.0,0.0,-4529.2734,3.5999988e-12,0.0,-198629.81,-204155.19,19348.68,0.0,0.0,1140530.0,1142267.0,0.0,0.0,0.0,-912643.44,-919145.56,0.0,0.0,0.0,0.0,-0.9103544,1568.325,68.705475,61.133133,145.93161,50.545364,27.551208,-1.1435106333333331e-05,0.0625115841666666,48290.50618333334,4924.2612089,9.951955216666669e-08,8.079728266666666e-07,75.23887483333333,1.4687766033333333e-06,7.916289305e-06,0.0037638753333333,0.0,1.373524321666667e-06,268.558755,18.753392666666667,3.1180235783333337,0.0147281691666666,-1.1855561333333334e-05,1.1318520857142856e-05,0.0,131834.9992857143,13443.428622857144,1.5906107357142857e-07,1.2749486077142858e-06,67.15229599999999,0.0,9.136436384285714e-05,0.0,215.55871714285715,47.35242814285714,4.342858957142857,-0.0724831854285714,-6.941271428571428e-05,2.218238875e-05,233502.4075,23810.61907,6.9774680500000005e-06,5.084234375e-05,1.302057525,3.0546671e-06,215.464475,6.375568225,-0.3155636875,-0.0025856709999999,-1.3107138325e-05,-1.1852192e-05,327696.85333333333,33415.77943,1.2987939e-05,0.0004580006666666,0.0524507143333333,3.3723333333333333e-06,230.78428,1.6795848333333332,-3.4795081000000003,0.002975379,-2.1683078333333333e-06,-1.532e-05,440018.66,44869.41616,6.5411383e-06,0.003730505,0.0006847264999999,3.81174325e-06,256.45495500000004,6.9160695,-6.096640649999999,0.000438583195,1.0308134e-07
-79.4448228924214,0.53488487,0.46764195,285.68335,286.98828,101976.31,100923.0,271.45972,271.45947,271.45972,285.406,0.75205004,1.321064,0.1622554,0.16151136,1.6342306,-5.4457006,1.193182,0.1895783,0.1719985,0.07027233,0.065828085,2985.9617,0.4890465,0.008173469,0.68063766,0.7509318,0.02989038,0.05087826,3.0190386e-06,-1.0848195e-05,0.8316486,0.9991224,0.07828814,0.11882371,0.0,0.0,0.0,0.0,0.00080636283,340.0005,28.646622,-0.0025610176,0.00015395551,-1.1202225e-08,-1211.094,-463.89453,21804642000.0,52213998000.0,184211860.0,217776.75,0.05598705,74812290000.0,243.86653,-379.8147,4233591.0,10281.953,-0.0001782476,2267935200.0,7300058600.0,19005764.0,29096.91,0.001850748,9733086000.0,57.408035,2661293000.0,2742598400.0,2631679.0,2651655000.0,2746818000.0,22.462906,0.018001225,0.0,-0.51264066,0.13476557,0.4957592,0.026454724,0.0038578312,-4.922469e-07,0.0043288507,20.869053,-0.4361611,-0.4056645,6.0862607e-07,0.0059348904,0.020736594,32.674026,32.55487,33.018166,-0.51264066,15.007911,3733.3103,0.0,0.0,0.0,-3784.2134,3.5999988e-12,0.0,-171554.88,-196265.0,10272.992,0.0,0.0,1140046.0,1168822.0,0.0,0.0,0.0,-856300.25,-913126.1,0.0,0.0,0.0,0.0,-0.60759634,1334.7654,25.97966,37.838608,70.28752,30.094955,8.838889,-1.625229833333333e-05,0.1906450726666666,48274.644283333335,4922.64374515,1.0116154166666668e-07,7.397929066666667e-07,73.425967,9.620622138333334e-06,1.09772994e-05,0.0038361411666666,0.0,1.1662522833333334e-05,268.578185,19.697359816666665,3.135576576666667,-0.0670566285,-2.5398728500000003e-05,-2.3862221e-06,0.0,131762.865,13436.072971428572,1.5859723285714286e-07,1.62918579e-06,69.11945242857142,0.0,9.235258778571428e-05,0.0,215.33200714285712,47.847223,4.008837528571428,0.0256132218571428,-6.147142857142857e-05,2.48007505e-05,233430.8275,23803.3199425,6.961506000000001e-06,4.938997125e-05,1.293059885,3.0537658e-06,215.2066575,6.331881825,0.498713425,0.00266324775,-1.89712e-05,1.3028239999999994e-06,327675.48,33413.59995333333,1.3024821333333332e-05,0.0004419913333333,0.0516818769999999,3.3694929666666664e-06,230.04515,2.3696341,-2.0839206666666668,-0.0036144203333333,-5.190250000000002e-07,-4.42e-05,439781.22,44845.204020000005,6.450763800000001e-06,0.0038885735,0.000615089,3.81584875e-06,257.356815,5.5075403,-2.49884275,0.0004693549999999,8.0406592e-06
-79.41932526122892,0.83301383,0.09247875,285.8694,286.76978,102011.875,100957.625,271.45996,271.4602,271.45996,286.16138,1.4703932,1.0473061,0.43767232,0.12151033,1.8406878,-5.4287167,3.2123137,0.18954611,0.1719693,0.070289195,0.065850675,2882.5127,0.28597206,0.005113665,0.5051516,0.5758653,0.024351519,0.075491846,1.0060459e-05,-3.3323435e-05,0.6735654,1.0744457,0.068107545,0.1675899,0.0,0.0,0.0,0.0,0.0027354755,884.09766,28.515045,-0.0060321167,-0.0002079703,-1.9603974e-09,-2231.8086,-1753.032,21868610000.0,52818575000.0,182450300.0,220055.81,0.057718158,75504530000.0,253.40465,-968.895,4221258.0,10285.535,0.00025101053,2220191500.0,7031398000.0,19668576.0,28106.89,0.0011953232,9400035000.0,51.578262,2660865800.0,2742017300.0,2631227.0,2651228400.0,2746247200.0,32.948257,0.017998736,0.0,-0.38751012,0.13476557,0.49709213,0.031224318,0.01238073,-1.1749416e-06,0.005698964,21.762001,-0.28740215,-0.24856031,3.351923e-05,0.005964406,0.040948752,32.65007,32.501617,32.902218,-0.38751012,19.225098,3610.1025,0.0,0.0,0.0,-4133.4375,3.5999988e-12,0.0,-159333.06,-197173.38,10022.859,0.0,0.0,1140886.0,1183290.0,0.0,0.0,0.0,-856137.2,-912619.56,0.0,0.0,0.0,0.0,-0.2949257,1398.7175,25.413086,50.326935,69.21689,23.018112,4.791586,2.458210833333333e-06,0.1601726716666666,48264.2774,4921.586617383334,1.050379325e-07,8.376584049999999e-07,68.98947333333334,7.497771800000001e-06,1.4121841733333333e-05,0.0037453288333333,0.0,1.2166514933333332e-05,268.36862333333335,20.11927548333333,2.6037067166666668,-0.1149699361666666,-8.930089333333334e-06,1.9032850571428567e-06,0.0087065327142857,131710.83142857143,13430.767022857142,1.6179757285714285e-07,1.802792056428572e-06,70.49233157142858,8.176012285714287e-08,9.660048337142857e-05,0.0,215.16470285714288,48.25295142857143,3.7834614,0.0335814884285714,-6.297428571428571e-05,2.014355825e-05,233396.595,23799.829195,6.974116325e-06,4.8434904e-05,1.2582719625,3.054148025e-06,215.32724,6.9191916,-0.1099124249999999,0.00314154225,-2.31325e-05,1.2555330333333337e-05,327561.64666666667,33401.99218666666,1.3030630333333334e-05,0.0004285256666666,0.0584823476666666,3.3654753666666666e-06,228.94789666666668,2.7269949,-0.90817222,-0.001303035,-6.133333333333334e-06,-2.2190000000000003e-05,439734.81,44840.47152000001,6.5072045e-06,0.0039359855,0.0007167965,3.81308515e-06,255.93233,6.072009700000001,-0.14670475,-0.001701305,2.0895141875e-05
-79.42888064522455,0.8626467,0.1559723,286.19995,287.06055,101995.0,100940.81,271.45996,271.45972,271.45996,286.0813,1.727459,1.0192852,0.40794277,0.13772011,1.7387114,-5.4287024,2.6185684,0.18949729,0.17194617,0.0703153,0.06585801,2517.9172,0.8945944,0.005113665,0.74550605,0.9812251,0.026129633,0.124928415,-3.604252e-06,1.0642179e-06,0.81093866,1.7874823,0.13611716,0.16146171,2.391435e-08,0.013124991,0.0,0.0,0.005592115,432.40137,6.9447746,-0.003575134,-0.00010789315,-8.2003226e-10,-1214.5835,-943.9187,22108121000.0,53818188000.0,188449060.0,223985.31,0.058658984,76779340000.0,265.81592,-493.2605,4317274.0,10283.883,-8.658841e-05,2020294000.0,5966642000.0,20086276.0,24153.137,0.00045312196,8088300500.0,32.822693,2659042300.0,2740630300.0,2629420.0,2649424400.0,2744938200.0,35.690445,0.01799836,0.0,-1.000001,0.13476557,0.49709165,0.034943804,0.012940161,-1.0882195e-06,0.006681122,23.903685,-1.000001,-1.000001,3.336779e-05,0.0059669577,0.11373371,32.853485,32.664795,34.566025,-1.000001,-1.000001,3478.5947,3.816777e-07,0.0,0.0,-10510.926,3.5999988e-12,0.0,-130806.125,-208319.0,9057.797,0.0,0.0,1148430.0,1235196.0,0.0,0.0,0.0,-844814.56,-911917.9,0.0,0.0,3.816777e-07,83.2549,-0.2601127,1213.0857,33.890015,51.105118,79.08249,34.599228,25.256622,3.5037171833333326e-06,0.2190152766666666,48207.90343333333,4915.838072366667,1.0440893933333333e-07,9.756398866666669e-07,69.11281083333334,4.351025933333333e-06,2.529854933e-05,0.0037008823333333,9.964307833333331e-10,4.88945495e-06,268.04763,20.48100235,2.0016994916666664,-0.0776665496666666,1.0302433833333336e-05,4.856263857142857e-06,0.110714723,131634.08857142858,13422.941428571428,1.6084782428571428e-07,1.65578392e-06,65.38948714285713,2.608948428571429e-06,8.98918719e-05,2.588424492857143e-07,215.1226257142857,48.719667571428566,3.5433165,0.0261017747142857,-6.986576735714286e-05,6.029868574999999e-06,233310.86,23791.0866625,7.021464875e-06,4.756632575e-05,1.2117995975,3.055590675e-06,215.809215,7.174356775,-0.19608949,0.00591788775,-2.6525e-05,8.471137e-06,327372.5533333333,33382.710029999995,1.2987404666666666e-05,0.000430768,0.0638371573333333,3.3647084e-06,229.13229,3.535361866666667,-2.1715412,0.0021253693333333,-9.16e-06,-2.9829024999999983e-06,439346.5,44800.87492,6.633289e-06,0.0040228704999999,0.001015152,3.80854955e-06,254.19401,9.2289565,-0.78503565,-0.001234573,2.70657325e-05
-79.4095031113335,0.74059004,0.10737795,286.44165,287.24902,102005.25,100951.44,271.4607,271.45972,271.45972,286.54492,1.6409092,0.7281259,0.35792542,0.10917568,1.6192951,-5.429476,1.7535763,0.1894651,0.17191994,0.07033521,0.0658806,2703.87,0.9111995,0.0,0.9522743,0.9929753,0.033024233,0.19050413,-2.236011e-06,-2.4905676e-05,1.1149693,2.4536638,0.22047329,0.15958047,0.0,0.013124991,0.0,0.0,0.003100442,-305.72046,17.896286,-0.0036018898,5.2439373e-06,-1.4973347e-09,-850.5127,-1144.5718,22254170000.0,54512198000.0,192884320.0,226630.44,0.05922125,77617280000.0,261.96924,248.90887,4401565.0,10284.836,-0.0004241094,1936496800.0,4720721000.0,21917348.0,19868.809,-0.0011428944,6696572000.0,7.69263,2658638600.0,2740074500.0,2629034.0,2649019600.0,2744474600.0,35.24449,0.018000398,0.0,-0.51264066,0.13476557,0.49703652,0.034952953,0.012190931,-1.220601e-06,0.0054488033,25.565643,-0.43835777,-0.4088496,3.1960662e-05,0.0059717447,0.18320292,32.856247,32.603455,36.811607,-0.51264066,15.0454,3478.7197,0.0,0.0,0.0,-12532.727,3.5999988e-12,0.0,-88035.875,-211578.56,5564.1562,0.0,0.0,1149240.0,1290454.0,0.0,0.0,0.0,-737609.9,-910903.8,0.0,4.78287e-08,0.0,47.265213,-0.00063018105,1744.2305,36.706345,55.942596,67.621475,23.67984,20.098175,3.485586166666667e-06,0.2874946473333333,48185.804833333335,4913.58464255,1.0327394833333336e-07,1.0211799533333334e-06,67.65775633333332,3.0375838300000004e-06,3.785713663266667e-05,0.0035896756666666,0.0,2.1890548533333333e-06,267.83579000000003,21.1721044,1.1039406116666666,0.0448280624999999,1.7822611166666666e-05,8.697570142857144e-06,0.1397241742857143,131606.5,13420.128178571427,1.5739704714285716e-07,1.2106507157142857e-06,63.59149585714285,3.126275114285714e-06,8.738347495714286e-05,2.958074171428572e-07,215.07825,48.79819371428572,4.6038717,0.0389764958571428,-7.251985714285715e-05,-6.5221245e-06,233315.1425,23791.523355,7.085440825e-06,4.751206875e-05,1.1447985575,3.05557955e-06,216.17714,7.213738741,-0.2894134429999999,0.002495452,-2.645e-05,-1.4027333333333334e-05,327378.54,33383.3205,1.2974667166666668e-05,0.0004407916666666,0.058225475,3.3671570333333333e-06,230.0089866666667,3.2213973999999994,-2.8726797666666664,0.0019123393333333,-6.438002500000001e-06,1.6705174e-05,439209.25,44786.87931,6.6985088e-06,0.003877229,0.0011719715,3.804496e-06,252.631505,10.283216,-3.0155272,-0.000358178,2.510794e-05
-79.45345584362016,0.30801278,0.26623923,286.62427,287.57666,101965.0,100911.06,271.45996,271.4602,271.45972,287.21777,1.079566,0.8383821,0.17841458,0.17284685,1.1733418,-5.4298124,1.0363445,0.18942547,0.17189848,0.07035822,0.06590015,2677.721,0.9153892,0.0,0.97447443,0.9943631,0.03312344,0.1796459,8.1204024e-07,3.4167124e-06,1.1171188,2.209897,0.21218032,-0.019822553,0.0,0.013124991,0.0,0.0,0.0011232598,-1270.8772,4.9140596,-0.0030831285,4.008763e-05,-9.457715e-10,106.38097,-1142.1638,22286465000.0,54683468000.0,195994610.0,227288.56,0.058534905,77772775000.0,242.609,1227.959,4453319.0,10280.828,-0.0007094159,1762161400.0,3182043400.0,22306524.0,14469.781,-0.002801579,4938892300.0,-11.665483,2657470700.0,2737675300.0,2627973.0,2647861500.0,2742129400.0,32.14331,0.018000051,0.0,-0.51264066,0.13476557,0.4969743,0.021518853,0.00737812,-1.1769525e-06,0.005030945,25.936619,-0.43487978,-0.40372413,3.0231546e-05,0.005977601,0.17483729,32.3423,32.109436,37.032135,-0.51264066,15.0454,3392.648,0.0,0.0,0.0,-9970.758,3.5999988e-12,0.0,-78492.81,-220228.62,3267.293,0.0,0.0,1152241.0,1307903.0,0.0,0.0,0.0,-715265.44,-912992.75,0.0,0.0,0.0,119.24458,0.5348621,2223.9902,22.650665,39.821854,43.72313,19.40152,16.976715,2.5636473333333337e-06,0.2570319,48150.38965,4909.973298633334,1.057214545e-07,1.1146921333333331e-06,61.48064633333333,2.39014255e-06,3.272372804e-05,0.0033577996666666,0.0,8.463231366666666e-07,267.75992333333335,21.600495066666667,-0.543660825,0.1134972336666666,2.5095552683333333e-05,5.409530714285716e-06,0.1147257785714285,131574.81214285715,13416.896915714286,1.568633028571429e-07,9.52321225e-07,61.99360471428572,2.6428778857142854e-06,8.71666512857143e-05,2.532923022857143e-07,215.11443428571428,48.93102128571429,5.712036428571429,0.0519238089999999,-6.835714285714286e-05,-1.066033775e-05,233266.36,23786.5489225,7.10503435e-06,4.78969925e-05,1.17201425,3.05515185e-06,216.039715,6.4770413,-0.462802575,-0.0034302319999999,-2.4325e-05,-1.447e-05,327359.56666666665,33381.385760000005,1.3005043333333334e-05,0.000440531,0.0518576543333333,3.3676666666666666e-06,230.06394333333333,2.4368750333333336,-2.8299770333333334,0.0008159003333333,-2.573673333333333e-06,3.6017779e-05,438967.315,44762.208805,6.74212165e-06,0.003797781,0.001285695,3.80278655e-06,251.7599,8.39982,-4.621514250000001,-0.0002124431635,1.7088576e-05
-79.47345451129124,0.17772609,0.31000006,286.3579,288.99097,101956.81,100901.56,271.4602,271.45996,271.45972,287.11914,0.68417066,1.2689161,0.19230479,0.38191885,1.2466145,-5.4317284,1.2642651,0.18939018,0.17186618,0.070378184,0.06591052,3270.4475,0.9135052,0.0,0.9374193,0.9893658,0.008765973,0.021629557,-1.4863463e-06,-1.9806976e-05,0.35560793,0.16608667,0.080854595,-0.011803981,0.0,0.0,0.0,0.0,0.0002197798,-1756.0051,-24.094421,-0.0034619228,6.768743e-05,-1.0976171e-09,339.42383,-1185.0933,22822906000.0,56603898000.0,214796080.0,234724.06,0.059232373,80294820000.0,261.364,1714.9324,4741876.0,10279.715,4.4002605e-05,1748915300.0,4057659400.0,23533312.0,17415.984,-0.003036999,5856850400.0,11.981836,2658247700.0,2741289700.0,2628468.0,2648642300.0,2746029600.0,42.880768,0.017999306,0.0,-0.51264066,0.13463515,0.49681997,0.027029954,0.01031841,-1.2023156e-06,0.010326542,25.32791,-0.44443512,-0.41785586,2.6536422e-05,0.0059895515,0.039337642,33.28334,33.247696,36.16925,-0.51264066,15.007911,3481.3447,0.0,0.0,0.0,-8844.527,3.5999988e-12,0.0,-77637.375,-224117.44,2022.073,0.0,0.0,1153374.0,1310680.0,0.0,0.0,0.0,-721495.3,-916750.2,0.0,0.0,0.0,37.79216,0.5948025,2223.7334,1.1302099,20.47078,25.690155,14.687975,15.494682,-5.8123021000000015e-06,0.0953084835,48167.22878333333,4911.690412333333,1.08969866e-07,8.844137066666668e-07,59.81224733333334,7.350096333333334e-08,4.287153333333334e-07,0.0032568106666666,0.0,2.146213416666667e-07,267.69692000000003,22.80155944333333,-1.0081590166666663,0.20332153,5.432760000000001e-06,-9.509515714285714e-06,0.0008930478571428,131632.31285714285,13422.760355714288,1.5864891142857146e-07,1.0664324918571428e-06,48.945029857142856,0.0,7.291542345714286e-05,0.0,215.4267671428572,50.36579971428571,5.345629785714286,0.0908486974285714,-7.6691e-05,-2.658498250000001e-06,233302.7675,23790.261452500003,7.028671475e-06,4.73071645e-05,1.2836941325,3.053570925e-06,215.6849875,6.3149929575,-0.2357335249999999,-0.00391550825,-2.515e-05,-4.749662333333335e-06,327453.25,33390.93880333333,1.2988012666666666e-05,0.0004368206666666,0.052226737,3.3675026666666667e-06,229.83058,2.8099549666666666,-3.787299466666667,0.000449271,-5.483896666666668e-07,3.97662435e-05,438925.22,44757.91631,6.8110407e-06,0.0037383489999999,0.0012187345,3.80418125e-06,251.76414,7.54462285,-5.52391195,0.0005388085,5.3411125e-06
-79.43590773383367,-0.089941025,0.12991703,286.66626,288.8164,101970.81,100914.25,271.45947,271.45996,271.45996,287.69043,0.25888437,0.6934609,-0.09457487,0.15766424,1.3721132,-5.4325895,-2.2766705,0.1893611,0.17184168,0.07039815,0.06593311,3224.7129000000004,0.44110382,0.0,0.83026624,0.901083,0.0071957186,0.04630653,2.770541e-06,-2.6409514e-05,0.28202784,0.37801063,0.06724095,-0.030384637,0.0,0.0,0.0,0.0,2.4488283e-05,-1151.7358,-18.086472,-0.00274631,-2.0002728e-05,6.876828e-09,248.8114,-866.30566,22850748000.0,56854380000.0,218626430.0,235671.5,0.057821717,80550404000.0,250.1063,1145.7891,4799742.0,10281.0625,0.0013934802,1801584600.0,3296713200.0,24903788.0,14963.879,-0.002914597,5115362300.0,-2.5065002,2659046400.0,2740993300.0,2629363.0,2649425700.0,2745779200.0,44.535263,0.017998561,0.0,-0.51264066,0.13463515,0.4967631,0.044602726,0.003715654,-4.159656e-06,0.0047721155,24.74436,-0.445387,-0.41924703,2.5129091e-05,0.00597525,0.004557524,32.86026,32.80345,35.689804,-0.51264066,15.007911,3483.5198,0.0,22475.86,4452.625,-11686.93,30269.922,53554.035,-100163.5,-223694.81,1605.5544,67582.19,35299.75,1154232.0,1284385.0,202261.38,92079.19,135600.5,-762028.56,-918868.7,4543.3867,0.0,0.0,0.0,0.8395276,2386.6196,-6.5867815,15.943186,23.914902,7.7361317,12.168351,-6.404336333333333e-06,0.055734495,48198.95801666666,4914.925893783334,1.1163377733333333e-07,5.714307983333334e-07,54.1381525,5.1685058333333334e-08,8.751899333333333e-07,0.0030238801666666,0.0,1.0330238333333333e-07,267.7773583333333,22.76262503,-2.022636861666667,0.1909672525,-1.8071806666666665e-05,1.856500285714285e-06,0.0100455965714285,131657.92857142858,13425.372432857142,1.570739592857143e-07,6.456950814285714e-07,46.01048528571429,1.1581992e-07,7.315198472857142e-05,0.0,215.43402857142857,50.46576857142857,5.715045571428571,0.0671175525714285,-8.018271428571429e-05,3.90332675e-06,233276.8125,23787.61478,7.0032234e-06,4.7309892e-05,1.3707259075,3.05147205e-06,215.5077,6.224915675,-0.107939575,-0.00442868175,-2.4525e-05,4.5475666666666594e-08,327453.3133333333,33390.945256666666,1.29744575e-05,0.0004377423333333,0.0559926493333333,3.3670579e-06,229.3700333333333,1.9635132666666664,-4.318615723333333,-0.0019011293333333,7.545893333333329e-07,9.941799e-06,438673.41,44732.238835,6.7830943e-06,0.0037152405,0.001065922,3.80726035e-06,252.18589,4.9983062,-4.555574399999999,0.0008088419999999,-1.945e-06
-79.49539021380784,-0.06818217,0.375696,286.26538,289.34424,102057.375,101000.25,271.45923,271.4602,271.45947,290.33105,0.09601444,0.58348125,-0.107328415,0.46836,2.535799,-5.435631,-22.130753,0.18931973,0.17180026,0.07042116,0.06595266,3178.9783,0.8144215,0.000115713876,0.91285396,0.99679655,0.014196981,0.040620107,9.953337e-07,-1.8752995e-05,0.66131634,0.3312785,0.14276016,-0.031732813,0.0,0.0,0.0,0.0,7.322119e-05,-1009.61816,-0.023283496,-0.0043892004,-4.5587818e-05,4.8628124e-09,-662.92114,-1743.5769,22780402000.0,57158320000.0,214860130.0,236559.12,0.056998253,80802250000.0,259.1433,974.73755,4767704.0,10289.93,0.0007198253,2014031500.0,3115025200.0,26000380.0,14723.695,-0.0011360755,5119788000.0,-13.640041,2662030000.0,2743834400.0,2632322.0,2652410400.0,2748601600.0,113.998215,0.018000692,0.0,-1.000001,0.13463515,0.49652982,0.049392626,0.00046596793,-1.3135128e-05,0.013458103,24.366518,-1.000001,-1.000001,1.933884e-05,0.0059754923,0.0013934567,32.804764,32.7417,35.26281,-1.000001,-1.000001,3486.0698,0.0,304815.12,44999.312,-83512.125,331769.38,443107.8,-175136.19,-231881.38,-41266.44,523208.0,384603.5,1156564.0,1241137.0,1085486.0,655743.9,812668.6,-886346.3,-925716.25,116370.31,0.0,0.0,0.0,0.4466263,2695.816,2.9735765,22.465775,15.463928,6.2895145,27.55098,-1.28693421e-05,0.0151168108333333,48290.20385,4924.2303793500005,1.1100291750000001e-07,3.287452483333333e-07,53.67658733333334,1.988896333333333e-08,5.570494926666667e-07,0.0029684175,0.0,1.986857833333333e-07,267.82565,23.0845272,-2.0968622333333333,0.2402568474999999,-3.0548916e-05,1.3142445e-05,0.0930778778571428,131726.22357142856,13432.336585714287,1.5133645785714288e-07,5.049384090714286e-07,47.741673285714285,3.5761518e-06,7.371826255714286e-05,3.439704897142857e-07,215.29512285714284,49.700138571428575,6.540834285714285,-0.0240594782857142,-8.167828571428571e-05,2.2045597500000008e-06,233345.9725,23794.6671375,7.0395916e-06,4.82134595e-05,1.3800356,3.05178085e-06,215.8713575,6.1769186750000005,0.1693997877499999,0.00029682475,-2.4075e-05,3.765746e-06,327569.25333333336,33402.76785,1.2970305e-05,0.000433955,0.0590840546666666,3.3664713e-06,228.96878666666663,1.3140506666666667,-3.5660824000000004,-0.0017986323333333,-1.045618033333333e-06,-4.14e-05,438890.91,44754.417665,6.6768635000000006e-06,0.003893146,0.0008899665,3.81447985e-06,254.47193,5.60918475,-2.72864991,0.000434471,3.66228e-06
-79.50943955315432,-0.2727008,0.8490906,286.1936,289.65625,102020.19,100965.31,271.45947,271.45947,271.45947,293.06104,-0.20976138,1.0719128,-0.34839576,1.0557175,3.8839464,-5.440896,-63.296127,0.1892801,0.17177403,0.07044113,0.06595999,4719.378766666667,0.6917329,0.0026274351,0.60631084,0.8477502,0.0055781826,0.014765151,4.7423373e-06,-8.064666e-06,0.25548494,0.10727358,0.048046082,-0.007111799,0.0,0.0,0.0,0.0,0.0,-991.9988,-11.82507,-0.0042817257,-2.9537026e-05,3.2458463e-09,-564.4348,-1606.2734,22810937000.0,57321193000.0,216890990.0,237089.0,0.05517383,80981620000.0,252.25694,953.26416,4815017.0,10286.223,-0.0007771286,1986560800.0,2452407300.0,23330288.0,12395.797,0.0007659206,4409189000.0,-20.96347,2662723000.0,2744180700.0,2633050.0,2653089500.0,2749000400.0,265.417,0.018000364,0.0,-1.000001,0.13463515,0.49614364,0.080075085,-0.009608027,-2.9398056e-05,0.041221075,23.927202,-1.000001,-1.000001,9.964672e-06,0.0059582815,6.722096e-05,32.63617,32.612152,34.325573,-1.000001,-1.000001,3491.4634,0.0,801953.06,114282.81,-248823.56,896817.3,975960.5,-269620.94,-267788.94,-204787.06,1132859.0,1035608.94,1171443.0,1211669.0,1935586.0,1456529.0,1550233.0,-929351.9,-938214.0,671090.4,0.0,0.0,0.0,0.3291791,2608.826,4.4631624,16.402802,18.6138,13.438881,111.860275,-5.421149616666667e-06,0.0002612085,48309.92751666667,4926.241633566667,1.0994484333333333e-07,2.4067883833333333e-07,52.228276666666666,0.0,3.188578533333333e-08,0.0029114604999999,0.0,3.179274233333333e-07,268.3602133333333,23.85679529833333,-2.1424272883333333,0.228499389,-2.0491084666666667e-05,1.1332581142857142e-05,0.0734407564285714,131784.42785714284,13438.271772857142,1.509991171428572e-07,7.877630764285715e-07,45.82428271428572,1.6417525714285713e-06,6.985346054285714e-05,8.855478571428572e-08,215.36032285714285,49.20277857142857,6.936129685714286,-0.0582262642857142,-7.465714285714286e-05,1.8198450000000007e-06,233368.7675,23796.9915825,7.034046325e-06,4.901990475e-05,1.383829475,3.051672075e-06,215.9102375,5.9268745,1.268483975,0.0004675635,-2.255e-05,5.009377666666664e-06,327597.6666666667,33405.665206666665,1.2968108166666664e-05,0.0004345623333333,0.058118713,3.3670409333333336e-06,229.08461666666668,0.7928613333333333,-2.7669985999999995,-9.630433333333334e-05,-1.9003194666666667e-06,-1.7e-05,439319.56,44798.127805,6.645828e-06,0.0040674025,0.0008292835,3.81458415e-06,255.045845,5.1944122,-1.143860685,-0.0002268075,1.59486285e-05
-79.61519452057328,0.28836834,0.93195903,286.41626,294.09424,101996.81,100945.31,271.45972,271.45996,271.45972,296.61157,0.53625566,1.1117735,0.34838146,1.2029448,4.7198267,-5.4449244,-102.672714,0.18923873,0.17175257,0.070467174,0.06597972,6259.779233333334,0.1506939,0.0026274351,0.3288269,0.45453405,0.0002868236,0.01830193,6.51882e-08,-6.757564e-06,0.008566983,0.13128835,0.0010799863,-0.009405624,0.0,0.0,0.0,0.0,0.0,-556.8157,25.515488,-0.0075987056,-5.9742393e-05,1.3147785e-09,-1590.4338,-2281.6045,22765800000.0,57345745000.0,212801870.0,237085.88,0.057216745,80949890000.0,250.46997,583.822,4762971.0,10284.242,-0.0004409505,2043295400.0,1714950400.0,22063166.0,9966.703,0.0024488033,3690856000.0,-35.249237,2662700800.0,2743835000.0,2633056.0,2653087700.0,2748591400.0,451.85718,0.018000782,0.0,-1.000001,0.13463515,0.49584287,0.10350716,0.022623051,-4.559195e-05,0.047516413,23.824879,-1.000001,-1.000001,2.4986603e-06,0.005956404,1.2244147e-05,32.4993,32.478714,33.768593,-1.000001,-1.000001,3711.3335,0.0,1291298.0,176001.69,-415706.25,1433642.0,1462158.0,-337825.94,-314170.5,-405392.2,1690389.0,1654003.0,1195658.0,1212278.0,2633111.0,2147844.0,2179433.0,-956340.3,-953224.3,1200722.0,0.0,0.0,0.0,-0.16292399,3067.7842,2.7412825,38.48526,45.78955,31.563324,250.8105,-3.939304733333333e-06,0.0015646511666666,48310.5968,4926.309881433333,1.1082954683333337e-07,2.44562655e-07,49.164099,1.992862166666666e-09,7.963150000000002e-08,0.002859336,0.0,3.178572166666668e-08,268.52374833333334,23.6712036,-2.409832838333333,0.0887437365,-2.1049144666666665e-05,1.0917718857142856e-05,0.0,131780.78642857142,13437.900447142858,1.5236371071428569e-07,1.0967781117142857e-06,48.86599114285714,0.0,6.800005251428571e-05,0.0,215.36749428571423,49.08093014285714,7.279560014285714,-0.0069254077142857,-7.610614285714286e-05,-1.4849157499999995e-06,233346.97,23794.768855,7.051858125e-06,5.048921325e-05,1.34236567,3.052099825e-06,216.07915,6.604677775000001,2.372017425,0.002772043,-1.9170430625e-05,1.4160975e-05,327540.68333333335,33399.85452,1.2974751e-05,0.0004311496666666,0.0585223623333333,3.3654284e-06,228.88214666666667,1.2797499466666669,-1.831721733333333,0.0007453306666666,-4.131000966666667e-06,-5.1905094e-06,439616.525,44828.409805,6.62711885e-06,0.0040370124999999,0.0007748045,3.81297105e-06,255.408265,5.699755,-1.0220756,-0.000133178,1.7163576e-05
-79.68254029862567,0.22450554,0.7114815,286.93335,294.43726,101983.375,100933.75,271.45972,271.4602,271.4602,298.59253,0.46150535,0.8361187,0.26902252,0.9680741,4.591707,-5.4459124,-118.716736,0.18920517,0.1717233,0.0704841,0.06600231,7800.1797,0.44788492,0.0,0.23739105,0.540105,0.0067802668,0.006023623,1.3978861e-06,-4.6093337e-06,0.32464916,0.044097062,0.08381319,-0.00444049,0.0,0.0,0.0,0.0,0.0,-580.76196,30.8311,-0.0026547671,-1.7389093e-06,1.05351e-08,-305.9663,-887.6587,22643028000.0,56901590000.0,207047410.0,235374.06,0.05755972,80386100000.0,254.13748,552.8872,4703131.0,10283.23,-0.0013194282,2345198600.0,1688107900.0,24078876.0,10421.277,0.0035063724,3938555600.0,-47.589478,2663626500.0,2744333000.0,2633999.0,2653999400.0,2749021200.0,560.89795,0.017999172,0.0,-1.000001,0.13463515,0.4957614,0.089521766,0.011672229,-5.8026635e-05,0.032422613,23.942307,-1.000001,-1.000001,3.9954654e-07,0.0059361868,1.830529e-05,32.32605,32.308716,33.93397,-1.000001,-1.000001,3750.138,0.0,1663830.0,217270.06,-533288.75,1720999.0,1823261.0,-352520.0,-349254.44,-515814.44,2104509.0,1984227.0,1220182.0,1253170.0,3130368.0,2530062.0,2635141.0,-951405.5,-963249.9,1447417.0,0.0,0.0,0.0,-0.41178143,3592.2769,4.546714,78.27086,18.09665,8.954363,276.67432,-5.724706966666667e-06,0.0,48339.37100000001,4929.24403345,1.0954669433333341e-07,1.75452956e-07,48.8999095,0.0,6.360560666666666e-08,0.0028838875,0.0,4.291249416666669e-07,268.6214616666667,23.42537970833333,-2.755242823333333,0.0757741128333333,-3.484734121666667e-05,1.3209517142857144e-05,0.0421809349999999,131782.65,13438.090478571428,1.558544402857143e-07,1.395111157142857e-06,60.63647685714285,8.71765587142857e-07,7.877659618571429e-05,5.617946771428572e-08,215.36460428571428,48.85043342857143,6.972583757142857,0.0458223891428571,-6.177803142857143e-05,1.11531605e-05,233368.53,23796.967365,7.01949175e-06,5.10287325e-05,1.2858611375,3.0502071750000003e-06,215.9628,7.7062115,2.4773559,-0.00117149075,-1.8359841075e-05,-1.204347633333333e-06,327630.3566666667,33408.99865666666,1.2959771666666666e-05,0.00044263,0.0536740073333333,3.3665659e-06,229.9993433333333,1.7544057999999998,-1.13875722,0.0007757243333333,-5.954677333333333e-06,1.85327625e-05,439927.62,44860.132665,6.69895615e-06,0.0038988595,0.0008263929999999,3.8096063e-06,254.932365,3.6853276,0.8905787000000001,0.000118715,9.39076925e-06
-79.59634546491529,-0.0093672015,0.49173933,287.63916,294.73584,101897.81,100851.69,271.45972,271.45996,271.45972,300.13696,0.15697443,0.57327527,-0.03978553,0.7035408,4.141548,-5.4457884,-111.15793,0.18916684,0.17169577,0.07050687,0.06602186,7304.66,0.74631906,0.0,0.1932931,0.8006649,0.010309029,0.0014225272,6.366986e-07,-3.0125666e-06,0.4522956,0.009498101,0.13143456,-0.003329984,0.0,0.0,0.0,0.0,0.0,-849.72437,45.538467,-0.003840165,0.0002805132,-1.0687953e-09,-707.8789,-730.70337,22598814000.0,56187855000.0,201081700.0,232801.12,0.05915554,79626500000.0,255.09023,762.5735,4630183.0,10274.766,-0.0020052681,2430650600.0,1367833100.0,24532250.0,9411.391,0.0041241087,3676890600.0,-58.421356,2662573300.0,2741759500.0,2633084.0,2652947200.0,2746386000.0,644.3755,0.017998662,0.0,-1.000001,0.13463515,0.49574965,0.061209735,-0.0015627106,-6.229385e-05,0.021735176,23.340923,-1.000001,-1.000001,2.983069e-08,0.005911246,5.4915887e-05,31.722275,31.701859,33.62513,-1.000001,-1.000001,3756.272,0.0,1868223.0,242768.69,-615341.5,1855821.0,2018451.0,-358789.3,-368774.38,-543822.75,2328153.0,2140619.0,1240780.0,1288956.0,3393461.0,2712784.0,2878471.0,-932709.2,-967510.0,1555657.0,0.0,0.0,0.0,0.3807251,4002.0872,-0.37890625,22.494781,1.5962973,0.47231114,181.85175,-1.1541789766666666e-05,0.011203251,48312.32396666667,4926.486003666667,1.069541135e-07,2.0979961833333338e-07,52.24278966666666,5.5677493333333343e-08,5.5599996666666665e-08,0.0029854953333333,0.0,9.816328e-07,268.81894,22.845499431666667,-2.4394175716666666,0.0664750708333333,-3.4840729833333334e-05,6.244270714285713e-06,0.0093707915714285,131762.94,13436.080617142858,1.591887342857143e-07,1.6044756428571427e-06,61.883946571428574,1.5659918242857144e-07,8.160345805714286e-05,2.0425659714285723e-08,215.3014157142857,48.47750171428572,6.3819927142857145,0.0653574415714285,-4.994999285714285e-05,7.2510085e-06,233306.405,23790.6323775,7.036526975e-06,5.0934846e-05,1.218230475,3.05126445e-06,216.2741375,8.64309515,1.9049426,0.00765278475,-2.3255826e-05,6.841377333333332e-07,327611.92,33407.118636666666,1.2968791666666669e-05,0.0004379503333333,0.0534823093333333,3.364378266666667e-06,230.00878,2.4452196333333336,-0.7274577566666666,-0.000222851,-7.136666666666666e-06,7.902469999999999e-06,440067.125,44874.358215,6.6502695e-06,0.0038310864999999,0.0007100595,3.8070947e-06,255.86380000000003,5.4895368,2.72398452,-0.0001960499999999,9.315766e-06
-79.53377477916267,-0.2267062,0.89139026,287.78857,297.344,101836.19,100792.69,271.46045,271.4602,271.4602,300.45117,-0.11653513,1.0601702,-0.3055467,1.1384706,4.5880604,-5.446205,-113.58615,0.18913466,0.1716665,0.07053292,0.06603837,6630.9453,0.9600212,0.0,0.03752203,0.9600212,0.011924248,0.0007632694,6.496034e-06,1.2845903e-06,0.49140054,0.007300835,0.12548852,-0.0025433924,0.0,0.0,0.0,0.0,0.0,-191.22404,52.362732,-0.003284638,0.00032340153,1.5694244e-09,-765.13525,-72.8873,22574692000.0,55477002000.0,196862980.0,230271.88,0.061264668,78845910000.0,237.36977,171.80717,4566097.0,10268.875,-0.0012354075,2100243300.0,639275260.0,21993996.0,6284.547,0.003133957,2621586000.0,-56.375275,2662038800.0,2737849900.0,2632875.0,2652428800.0,2742412300.0,735.3506,0.01799976,0.0,-1.000001,0.13463515,0.4957434,0.08966899,-0.013430897,-6.5592714e-05,0.05500827,21.904263,-1.000001,-1.000001,0.0,0.0059141926,0.00012209936,30.37529,30.352066,32.34869,-1.000001,-1.000001,3719.4583,0.0,1881971.0,240985.44,-660088.9,1892557.0,2029447.0,-380220.0,-380135.06,-524344.5,2340493.0,2182087.0,1256235.0,1293626.0,3404291.0,2762625.0,2889225.0,-910999.9,-971940.0,1500999.0,0.0,0.0,0.0,0.47366333,4986.0625,-0.43233532,1.8380661,-1.9775915,0.9424505,184.07935,-1.1689879956666669e-05,0.0416774906666666,48300.641383333335,4925.294711466667,1.0694829666666669e-07,2.371557753333333e-07,51.40299766666666,6.953892249999999e-07,7.150507e-08,0.0029822876666666,0.0,2.142213295e-06,269.07367,22.514911915,-2.2787344866666666,0.0417964076666666,-3.280150516666667e-05,1.7955531428571426e-06,0.0124987921428571,131754.98142857142,13435.269072857143,1.5594878342857148e-07,1.4689874451428571e-06,62.44903414285714,1.907164585714286e-07,6.99927569e-05,6.300758571428571e-08,215.03406142857145,48.48702157142857,4.9834986,0.0416376247142857,-5.717665857142857e-05,7.85100395e-06,233340.92,23794.1519275,7.038124525e-06,5.0251026e-05,1.155282205,3.051930875e-06,216.38759,9.876701,0.3575679324999999,0.0011191175,-2.6802448665e-05,-7.983333333333334e-06,327615.74,33407.50816666667,1.2971255166666667e-05,0.0004367826666666,0.0506277783333333,3.363575766666667e-06,230.47615666666664,2.8020681,-0.9782991333333332,0.0001420056666666,-7.87e-06,9.296499999999989e-08,440119.03,44879.651055,6.6649833500000005e-06,0.003699776,0.0007017895,3.80167975e-06,255.927525,6.0399113,2.84114802,-3.0360000000000434e-06,4.037116499999999e-06
-79.52514517086551,-0.028662447,1.2540112,288.25195,297.80908,101806.5,100764.94,271.46045,271.45996,271.4602,300.42456,0.15258354,1.5070457,-0.04515986,1.5230942,4.82502,-5.446184,-93.23601,0.18909502,0.17163289,0.070552886,0.066064,4992.7188,0.73036355,0.0013076258,0.043035936,0.74115884,0.0051682293,0.013493821,1.2170103e-06,-2.4622132e-06,0.21221995,0.10826486,0.043011397,-0.04414013,0.0,0.0,0.0,0.0,0.0,-181.69069,77.88747,-0.0036012249,0.00021635818,-1.8826496e-10,-714.33496,-348.10327,22387139000.0,54619950000.0,187572350.0,227001.44,0.06294829,77758700000.0,225.3392,127.20276,4410075.0,10265.918,-0.0004938659,1684331600.0,-215547820.0,18864824.0,2601.0503,0.0012519963,1350470100.0,-55.48111,2661472800.0,2734837500.0,2632544.0,2651879700.0,2739238000.0,818.14014,0.017999228,0.50052214,-1.000001,0.13463515,0.49574137,0.11784661,-0.00037084008,-5.9248632e-05,0.073353946,21.446053,-1.000001,-1.000001,0.0,0.005914446,0.0034149527,29.38771,29.363358,32.146694,-1.000001,-1.000001,3506.897,0.0,1696422.0,215670.06,-609626.75,1664813.0,1850746.0,-360782.75,-379376.12,-430135.25,2135450.0,1919214.0,1269487.0,1312288.0,3162117.0,2487246.0,2666225.0,-865463.44,-974697.4,1227501.0,0.0,0.0,0.0,0.34500223,6206.2344,-0.328125,65.758835,3.7154808,1.9460115,324.00513,-3.7273749e-06,0.0075535294999999,48282.46103333333,4923.440831933333,1.0613395750000001e-07,2.293425933333333e-07,50.2369155,3.714663916666667e-07,1.82825895e-07,0.0029941243333333,0.0,1.0071315399166667e-06,269.14699833333333,21.683010693333333,-2.1445763333333336,0.0035025593333333,-3.0619393066666664e-05,8.97543357142857e-06,0.042185774,131727.4992857143,13432.46667142857,1.5632122785714288e-07,1.430259998e-06,71.924457,5.313143367142857e-07,7.420222874285714e-05,1.0643287142857145e-07,214.77491857142857,48.39534857142858,4.539249042857143,0.0566595007142857,-6.245714285714285e-05,2.584406e-06,233329.1575,23792.9524825,7.02847475e-06,5.033144825e-05,1.156936525,3.05230035e-06,216.448555,10.0133214,-0.672284485,0.00611851425,-2.68725e-05,-3.2440796666666667e-06,327656.49666666664,33411.66419333333,1.29850765e-05,0.000429621,0.0505977863333333,3.3612041e-06,230.33348,3.8124793666666665,-1.7620668666666666,-0.0008721473333333,-8.19e-06,-2.275e-05,440200.4,44887.948485,6.6241153e-06,0.003732192,0.000688369,3.8022954e-06,257.05353,7.208848,3.4061775,-0.000129956,6.803277e-06
-79.51004522721288,-0.025073271,1.48458,288.51514,298.00708,101798.75,100757.31,271.45972,271.45996,271.45996,298.96533,0.15404773,1.8088388,-0.029275123,1.6957741,4.598859,-5.446307,-56.7585,0.18905061,0.17159885,0.07057589,0.06607133,5395.375,0.30480218,0.0013076258,0.051203907,0.32928383,0.0016110337,0.014229715,1.2868022e-06,8.0970784e-07,0.06539476,0.12794667,0.012447063,-0.04072311,0.0,0.0,0.0,0.0,0.0,-455.51147,69.30229,-0.002040302,0.0001956887,-2.4360856e-09,-199.70299,-58.45877,22123006000.0,53636830000.0,178030300.0,223165.81,0.06371057,76481266000.0,217.81499,424.48926,4244017.0,10265.199,-0.00033112313,1413449900.0,-721568500.0,16875044.0,356.55518,-0.00028361008,566398140.0,-56.076874,2661721900.0,2733342500.0,2632941.0,2652123600.0,2737595400.0,763.3657,0.018000923,2.202447,-1.000001,0.13463515,0.49573976,0.12019992,-0.0046632476,-4.5933644e-05,0.08624834,18.400085,-1.000001,-1.000001,0.0,0.0059227236,0.0021319436,28.694107,28.676788,30.644566,-1.000001,-1.000001,3852.5183,0.0,1338522.0,153223.94,-494745.25,1327083.0,1504647.0,-341106.12,-358600.3,-309483.06,1738306.0,1532887.0,1258157.0,1305684.0,2683373.0,2051366.0,2227210.0,-896776.25,-971009.5,960516.44,0.0,0.0,0.0,0.75767845,5948.293,-0.44014782,0.55749255,11.547598,2.5433226,302.9192,-7.505587333333333e-06,0.0026039261666666,48286.16281666667,4923.81830875,1.0533348933333337e-07,2.627119443333333e-07,48.89210033333333,1.0329687500000001e-07,6.2022919e-07,0.0030188281666666,0.0,2.5421850650000004e-07,269.22569,20.70830291333333,-1.381917855,0.0090778084999999,-3.0560373916666664e-05,1.374906682857143e-05,0.0363851435714285,131730.84785714286,13432.808132857142,1.6215938857142856e-07,1.5082779085714285e-06,71.47050871428571,2.3161245000000001e-07,7.50428105e-05,2.7253658285714285e-08,214.66471142857145,47.84353828571428,4.290076085714285,0.0408915367142857,-6.13321045e-05,-1.1393e-05,233373.2175,23797.4453575,7.055748175e-06,5.110045125e-05,1.103990355,3.053485475e-06,216.8164775,9.507460825,-1.511103115,0.0069328015,-2.5475e-05,9.607810466666663e-06,327670.39,33413.08092,1.2995354166666668e-05,0.0004208459999999,0.0539447133333333,3.3582995e-06,229.68021,3.920449656666667,-2.13772371,-0.0018892803333333,-9.296666666666669e-06,-1.0772005000000002e-05,440376.69,44905.92506,6.6351505e-06,0.0038375885,0.000729759,3.8020681e-06,257.33291,9.6466693,4.07106265,-0.0007239125,1.45687386e-05
-79.52107922716405,-0.17411983,1.841567,288.0625,297.18726,101782.25,100741.5,271.45947,271.45972,271.45972,297.42896,-0.07580876,2.3436804,-0.17735916,1.9727354,4.6944256,-5.446398,-13.244126,0.18902016,0.17158657,0.07059586,0.06609392,5287.486111111111,0.12870985,0.0,0.032165032,0.1494956,0.00015861152,0.005080782,3.5872847e-07,6.734504e-07,0.0062386245,0.048778154,-0.00061730715,-0.015356254,0.0,0.0,0.0,0.0,0.0,-1031.5828,56.920837,-0.0025094317,0.0003384943,-2.2391982e-09,16.100967,-125.28496,21961353000.0,52789527000.0,171305680.0,219963.69,0.06460816,75409110000.0,194.6439,1033.9585,4124073.0,10263.766,9.985331e-05,869649540.0,-2062683100.0,12637221.0,-5098.4062,-0.003601647,-1337895300.0,-62.20108,2662091500.0,2731168500.0,2633547.0,2652505300.0,2735275000.0,566.73413,0.018001117,2.177371,-1.000001,0.13463515,0.49573904,0.14338481,-0.013811272,-2.8151015e-05,0.098597765,17.811064,-1.000001,-1.000001,0.0,0.005935598,0.0011664375,27.651138,27.646912,31.507603,-1.000001,-1.000001,3855.068,0.0,859086.44,121154.56,-373620.8,985161.44,1029062.2,-340544.38,-344267.12,-170188.19,1192950.0,1137401.0,1256054.0,1276677.0,2000673.0,1560651.0,1610480.0,-953817.6,-971624.0,773939.44,0.0,0.0,0.0,1.1752529,4936.9727,-1.1498737,-24.562805,0.7529846,3.1757898,339.8142,-3.9965681666666665e-06,0.001042114,48300.647683333336,4925.295353983333,1.0681633533333334e-07,3.622980576666666e-07,46.80554466666666,0.0,4.371957733333333e-07,0.0030385193333333,0.0,7.929953e-09,269.35990166666664,20.0830229225,-0.8810374083333334,0.0384953653333333,-2.00459837e-05,8.460657428571428e-06,0.0191981492857142,131742.2757142857,13433.973448571429,1.630734408571429e-07,1.3008695942857143e-06,58.78686928571428,6.811958714285715e-08,5.518863487142857e-05,0.0,214.7191528571429,47.26245957142857,3.724967,0.0058738492857142,-6.352857142857143e-05,-1.17460632975e-05,233435.39,23803.785185,7.04000635e-06,5.1532356e-05,1.096418585,3.0529782e-06,216.732905,9.030756125,-2.28207685,0.0008171814999999,-2.2517500000000003e-05,5.609738599999999e-06,327639.85333333333,33409.967046666665,1.29815755e-05,0.0004192066666666,0.055529281,3.3583016333333333e-06,229.70996,3.8149233,-2.7460473000000003,0.0004123663333333,-1.2400000000000002e-05,2.25576425e-05,440450.88,44913.490335,6.6982948e-06,0.0038293415,0.000820209,3.79847e-06,256.51644,11.1648755,2.572196925,-0.000246024,1.301515325e-05
-79.53337774188208,-0.26379377,1.6697073,288.1267,297.11133,101806.75,100764.75,271.45972,271.45972,271.45996,294.3313,-0.24446535,3.2739058,-0.20143157,1.4524002,3.3769379,-5.446331,14.275776,0.18897879,0.17155123,0.07061887,0.066111445,5179.597222222223,0.008062821,0.0,0.008841123,0.016812023,0.0,0.0010140501,5.8638502e-08,1.9485833e-06,-0.00016784668,0.009293083,0.00076293945,-0.0026824905,0.0,0.0,0.0,0.0,0.0,-806.4192,45.328583,-0.0042878315,0.00016527054,3.85889e-09,-653.2534,-1000.3777,21832735000.0,51942610000.0,167236740.0,216798.31,0.0649609,74357490000.0,165.49333,798.4429,4046250.0,10266.035,0.0008587963,376250020.0,-3059800800.0,9475935.0,-9281.16,-0.0067739747,-2822547000.0,-59.816956,2663250400.0,2729297400.0,2634953.0,2653640000.0,2733374200.0,304.83032,0.0179988,0.65072864,-1.000001,0.13463515,0.4957391,0.104578614,-0.006155487,-7.800923e-06,0.05306494,16.076439,-1.000001,-1.000001,0.0,0.005936295,0.00033589383,26.452148,26.450134,31.183237,-1.000001,-1.000001,4019.7185,0.0,352693.38,57409.496,-187905.88,480839.44,494571.25,-303270.3,-321179.75,-7290.9414,581264.25,556231.3,1245459.0,1262934.0,1160405.0,855666.1,877064.0,-956784.9,-974525.8,329210.75,0.0,0.0,0.0,1.4330511,3263.8625,-25.249298,-51.737427,284.7107,88.818375,320.6809,-3.6017795e-06,0.0005210571666666,48340.63996666667,4929.373431883333,1.0878807183333337e-07,4.864470116666667e-07,44.10798866666667,0.0,1.3514117e-07,0.0030378448333333,0.0,0.0,269.341265,19.497011115000003,-0.8424201733333333,0.0335338981666666,-1.2153284e-05,3.0059025428571423e-06,0.0008930478571428,131775.61714285714,13437.373325714285,1.580286107142857e-07,1.105533477142857e-06,53.31400828571429,0.0,5.027350541428571e-05,0.0,214.83532,46.93191957142857,3.501120985714286,-0.0170752328571428,-6.987128571428571e-05,-5.18273775e-06,233485.9825,23808.944185,6.997272150000001e-06,5.220129225e-05,1.112977195,3.05106345e-06,216.4041075,8.326031350000001,-2.2429464,0.0001254297499999,-1.9965e-05,1.9033023333333337e-06,327663.60000000003,33412.38853333334,1.2973435666666667e-05,0.0004141513333333,0.056092336,3.3589321666666667e-06,229.848,3.7657839333333336,-3.346331213333334,9.9694e-05,-1.5073333333333335e-05,4.928776e-06,440440.345,44912.416065,6.6435475e-06,0.003885553,0.0007635535,3.79934275e-06,257.01471,11.274997,0.28869005,0.0004935979999999,8.4223034e-06
-79.58192285105478,0.06646901,1.9047785,288.89673,291.8977,101846.31,100801.75,271.4602,271.45996,271.45996,290.46338,0.8477638,3.0835934,0.14986002,0.85299146,3.2456932,-5.4463854,9.520788,0.1889466,0.17152804,0.070638776,0.06612456,5071.708333333333,0.0,0.0,0.007394705,0.007394705,0.0,0.0012215164,1.180062e-07,8.583666e-07,0.00038146973,0.013845447,-0.0005645752,4.5776367e-05,0.0,0.0,0.0,0.0,0.0,-396.10254,47.274628,-0.0059772916,-0.00011631074,1.0047831e-08,-1396.0925,-2051.6504,21295462000.0,49801142000.0,156662580.0,208630.31,0.061585676,71703070000.0,179.71252,386.5874,3831855.0,10269.809,0.0014727993,122963070.0,-2142571400.0,6910311.0,-6639.629,-0.0086289495,-2136409200.0,-49.097214,2663834600.0,2736450000.0,2634925.0,2654220500.0,2740295700.0,110.106384,0.018000945,1.6768484,-1.000001,0.13450778,0.49573994,0.06627166,0.009752888,-7.76282e-07,0.024996076,14.508342,-1.000001,-1.000001,0.0,0.0058861896,9.157615e-05,29.076797,29.076553,30.453707,-1.000001,-1.000001,3986.956,0.0,35111.25,10726.559,-31218.477,77108.5,71988.94,-252692.62,-285137.5,42739.98,91496.31,89831.69,1225420.0,1237899.0,256568.75,177488.25,172829.75,-959761.1,-971883.5,34893.715,0.0,0.0,0.0,0.57148343,1895.4111,-34.388474,-4.714966,873.4346,263.79248,124.05301,-4.443442233333334e-06,0.0005210571666666,48365.48855,4931.907282383333,1.108465035e-07,5.645308e-07,58.0379255,0.0,2.624011550000001e-07,0.0034912223333333,0.0,0.0,268.973965,18.778490366666663,0.3846725166666667,-0.0241451473333333,-8.195545333333331e-06,-2.1561696428571427e-06,0.0,131772.89285714287,13437.095527142856,1.49977032e-07,1.0404998321428572e-06,49.51744728571429,0.0,5.0115067885714286e-05,0.0,215.02327714285715,46.48270942857143,2.776803142857143,0.0021520125714285,-6.54e-05,-2.1267467500000003e-06,233460.1225,23806.3072,6.88097055e-06,5.322254275e-05,1.11302587,3.051204875e-06,216.1855725,7.15997775,-2.6054728000000003,-0.00335596125,-1.59925e-05,-1.5661588666666677e-07,327580.04,33403.867783333335,1.2946878166666666e-05,0.0004128356666666,0.054281456,3.3592442e-06,230.26973,2.4237699666666668,-2.639650363333333,-0.0015851583333333,-1.353e-05,-1.9e-05,440306.5,44898.767675,6.65602e-06,0.004068476,0.000711189,3.8022481e-06,257.49194,12.4488335,-1.07253785,0.0002778959999999,1.387047185e-05
-79.61710587479547,0.6369347,1.6805325,288.84326,292.8269,101914.125,100868.31,271.45923,271.45996,271.45947,289.6162,1.6538525,2.9110098,0.42509174,0.8294934,2.7327032,-5.446041,9.551435,0.18890524,0.1715005,0.07065874,0.06614399,4963.819444444444,0.0,0.0,0.0010188487,0.0010188487,0.0,0.0011236214,-2.337963e-07,-1.1140241e-08,3.0517578e-05,0.014702816,0.00074768066,-0.0002254943,0.0,0.0,0.0,0.0,0.0,-669.8911,23.42633,-0.007671997,-0.00010177595,7.3899464e-09,-1782.7346,-2661.1453,21039206000.0,48767058000.0,153549710.0,204628.12,0.059183933,70376260000.0,165.73204,623.7505,3765629.0,10276.68,0.0015346375,-207246690.0,-2101253100.0,4107680.0,-7083.129,-0.0109904595,-2396971500.0,-36.88443,2665461000.0,2737943000.0,2636549.0,2655818000.0,2741723400.0,77.340775,0.018000484,2.9783058,-1.000001,0.13450778,0.4957471,0.06277788,0.017084979,-4.675153e-07,0.023966,13.902557,-1.000001,-1.000001,2.2079126e-07,0.005845148,3.6636833e-05,29.023682,29.022278,30.125969,-1.000001,-1.000001,3991.5588,0.0,0.0,0.0,-5565.629,3.5999988e-12,0.0,-221283.88,-234930.5,36130.676,0.0,0.0,1201601.0,1212972.0,0.0,0.0,0.0,-951361.75,-958005.25,0.0,0.0,0.0,0.0,-0.10304898,1486.4114,5.0132923,31.926193,422.08008,146.86351,89.777725,-6.07578e-07,0.0005210571666666,48407.824766666665,4936.224374983333,1.0955948433333333e-07,7.452904116666666e-07,61.09560316666667,0.0,2.146932666666667e-07,0.0036018468333333,0.0,0.0,268.85435666666666,18.675796483333333,0.5825673333333333,-0.0144219296666666,-2.397506666666668e-06,-6.792088142857143e-06,0.0,131828.32214285716,13442.747742857144,1.4575751e-07,1.0243543857142856e-06,48.290076,0.0,5.190736385714286e-05,0.0,215.24402,45.95375928571429,2.1189631,0.0384685841428571,-6.737142857142858e-05,-2.3876074999999995e-06,233446.4875,23804.9168175,6.844633175e-06,5.3352861e-05,1.147251415,3.052358125e-06,215.9758525,7.156344375,-2.7237892,-0.0002913272499999,-1.7075e-05,-5.018849533333333e-06,327570.7133333333,33402.916730000004,1.2947598e-05,0.0004214143333333,0.0532873856666666,3.3595030666666667e-06,230.31239,2.4723129333333334,-3.000248052,0.001025893,-8.984893800000001e-06,-8.99e-07,440572.53,44925.89518,6.6088113e-06,0.0040864844999999,0.0006806024999999,3.802495e-06,257.40866,12.030863,-1.123333,-0.0002961344999999,1.82439397e-05
-79.53573791724342,1.2451897,0.3952254,289.39502,292.5144,101956.125,100910.06,271.45947,271.4602,271.45996,288.4563,2.3187675,1.6848078,0.54930216,0.2730947,1.7835808,-5.44553,7.04735,0.18888086,0.17147124,0.07068175,0.06616974,4855.930555555556,0.0,0.0,0.0026394166,0.0026394166,6.1220735e-06,0.0011844654,7.012474e-07,-2.4372075e-06,-0.0004179231,0.01553753,-0.000289917,0.0015445251,0.0,0.0,0.0,0.0,0.0,101.73508,63.4534,-0.0033421945,-0.00018774388,8.787037e-09,-957.75244,-1451.4285,20651608000.0,47765190000.0,147805920.0,200581.56,0.055879742,68963460000.0,160.0973,-169.6593,3659167.0,10280.809,0.00085072895,-229237140.0,-1859131100.0,3795326.0,-6209.7656,-0.012358535,-2175173400.0,-35.572006,2665833200.0,2738656800.0,2636915.0,2656220200.0,2742300400.0,51.453094,0.018000513,3.1034365,-1.000001,0.13450778,0.4957714,0.036998745,0.015788857,-1.1883725e-07,0.0046385936,14.570782,-1.000001,-1.000001,1.1452703e-06,0.0058079734,0.00016488731,29.152298,29.151505,30.95921,-1.000001,-1.000001,4017.2688,0.0,0.0,0.0,-1325.9395,3.5999988e-12,0.0,-220859.38,-226213.12,29134.758,0.0,0.0,1189469.0,1190650.0,0.0,0.0,0.0,-951403.06,-952573.94,0.0,0.0,0.0,0.0,-0.5605333,1215.176,27.224716,50.43506,163.27255,73.49568,46.85196,-2.4895415000000007e-06,0.0,48418.43088333334,4937.305897650001,1.0830011733333336e-07,8.638610766666668e-07,62.291764,0.0,2.861911e-07,0.0036487888333333,0.0,0.0,268.70857666666666,18.51710633333333,0.5015390089999999,-0.0606650066666666,-7.801105933333334e-06,-1.5666870000000002e-06,0.0,131836.0257142857,13443.533287142856,1.4483224799999998e-07,8.494300298571428e-07,47.92758157142857,0.0,5.324588732857142e-05,0.0,215.25401428571428,45.42267742857143,2.2108830142857143,0.0290283737142857,-7.248571428571428e-05,-6.951603e-06,233385.765,23798.7248475,6.82453375e-06,5.2199698e-05,1.2000375625,3.053903375e-06,215.7313875,6.54013415,-2.698622185,-0.0060362465,-1.675e-05,1.0138691333333334e-06,327504.4,33396.154650000004,1.2951958e-05,0.0004275733333333,0.053995971,3.359242033333333e-06,230.05717,3.0661141,-4.248805543333334,0.0003123146666666,-6.232369333333333e-06,2.55847574e-05,440239.32,44891.917215,6.6574827000000006e-06,0.003940143,0.0007384169999999,3.7961818e-06,255.84106,11.027504,-2.5126920000000004,0.0002897305,1.05233325e-05
-79.52009268738476,0.9987836,-0.3239931,289.4961,291.40942,101974.75,100928.69,271.45947,271.45996,271.4602,287.86108,1.3156252,-0.032156836,0.29245508,-0.0893085,2.4330082,-5.4450502,2.6732693,0.18883646,0.17143148,0.07069588,0.06617999,4748.041666666667,0.0,0.0,0.008782666,0.008782666,2.4424546e-05,0.001440479,2.4110727e-07,1.8074097e-06,0.0004365691,0.015307382,7.383604e-05,0.0015996248,0.0,0.0,0.0,0.0,0.0,-162.91345,76.1136,-0.0016944043,-0.0003382091,5.5831535e-09,-634.364,-1614.9595,20269814000.0,46162928000.0,139573600.0,194483.44,0.053910226,66923400000.0,140.25977,99.62712,3542727.0,10282.652,0.0005069568,-114248340.0,-1542475100.0,3703803.0,-4937.1484,-0.011005737,-1747642800.0,-36.90721,2666543000.0,2740439000.0,2637505.0,2656913400.0,2743970300.0,26.826218,0.018001422,1.8019791,-1.000001,0.13450778,0.49579406,0.037704103,0.0013692409,2.5576793e-07,-0.0073543563,15.330053,-1.000001,-1.000001,2.1769483e-06,0.0057934076,0.0004640806,29.58194,29.579788,32.044,-1.000001,-1.000001,3999.807,0.0,0.0,0.0,2614.0684,3.5999988e-12,0.0,-212460.56,-216691.81,20796.77,0.0,0.0,1181289.0,1180957.0,0.0,0.0,0.0,-946681.9,-947962.7,0.0,0.0,0.0,0.0,-0.834598,978.6128,32.97838,35.73024,60.559998,-4.017893,-9.855037,-9.430187566666667e-06,0.0005210571666666,48444.32266666667,4939.9461251,1.07161705e-07,8.526932250000001e-07,64.01302533333333,7.950701666666666e-09,3.0998095333333334e-07,0.0037414026666666,0.0,0.0,268.8091166666666,18.57405066666667,0.3071599466666666,0.0180451496666666,-1.8989032666666668e-05,-3.150420571428572e-06,0.0,131847.49071428573,13444.70239,1.4780566214285717e-07,9.259611971428572e-07,49.538872857142856,0.0,5.519654092857143e-05,0.0,215.28127,44.624409571428565,2.480320928571428,0.035402246,-6.705714285714285e-05,-7.575e-06,233392.875,23799.4498625,6.818451725e-06,5.043534425e-05,1.273696975,3.055513125e-06,215.5200425,6.183178275,-2.2860937,-0.0064294205,-1.62275e-05,1.2276771000000005e-06,327496.12666666665,33395.31100333333,1.2932622666666669e-05,0.000441257,0.0545681469999999,3.3606375e-06,230.29587333333333,2.6313142000000003,-3.906894713333333,0.0008675536666666,-6.505079100000001e-06,4.514166499999998e-06,440361.5,44904.376115,6.537636e-06,0.003917844,0.0006444945,3.7988566e-06,256.876265,10.3663845,-4.5295663,0.0004680025,4.274539249999999e-06
-79.5013483593592,0.36433542,-1.2855473,289.48145,291.05518,101992.19,100946.125,271.4602,271.45972,271.45972,287.60107,0.05592799,-1.4150476,0.1297254,-0.41734046,2.5198975,-5.444332,4.2161894,0.18879378,0.1714114,0.070718884,0.06619334,4640.152777777777,0.0,0.0,0.02214748,0.02214748,3.6636833e-05,0.0013548376,3.6747758e-07,-8.6445556e-07,0.00049760425,0.00684439,0.000289917,0.0022312608,0.0,0.0,0.0,0.0,0.0,453.20142,60.3051,-0.0028179814,-0.0004688301,3.6695464e-09,-1366.2043,-2009.0312,19843811000.0,44336470000.0,131918530.0,187561.25,0.051461384,64619065000.0,121.975845,-473.32056,3427820.0,10284.461,0.0007277336,65964176.0,-708056000.0,3840040.0,-1770.8533,-0.009516511,-720007100.0,-32.462646,2666703600.0,2743225900.0,2637428.0,2657084000.0,2746633200.0,24.45578,0.017999478,1.6753511,-1.000001,0.13450778,0.4958384,0.041001096,-0.0037251902,6.696457e-07,-0.020048134,15.314377,-1.000001,-1.000001,3.9118368e-06,0.005780209,0.0020151974,30.633804,30.631836,32.236134,-1.000001,-1.000001,3996.982,0.0,0.0,0.0,8238.887,3.5999988e-12,0.0,-209911.0,-207126.56,22074.2,0.0,0.0,1174965.0,1171781.0,0.0,0.0,0.0,-943955.0,-942633.7,0.0,0.0,0.0,0.0,-1.0378456,945.574,20.29718,11.414579,213.89766,-99.37953,-62.765182,-6.937832666666667e-06,0.001301963,48452.46659999999,4940.7765749166665,1.0620236900000007e-07,6.405660183333333e-07,67.3976795,7.950701666666666e-09,8.743695333333334e-08,0.0038821211666666,0.0,0.0,268.9063433333333,18.09706107333333,0.2232561816666666,0.0083220475,-3.652196033333333e-05,-5.152440785714286e-06,0.0,131857.70714285714,13445.744178571427,1.4880547571428572e-07,9.439429857142858e-07,52.12784671428572,0.0,5.712074718571429e-05,0.0,215.21000857142857,43.77604457142858,2.7210659285714285,0.0426465781428571,-6.598571428571429e-05,-2.5899295000000003e-06,233370.4825,23797.1664625,6.78686715e-06,4.83959335e-05,1.319199645,3.0563926500000003e-06,215.2733225,6.162584025,-1.86073801875,-0.00708416975,-1.67825e-05,-1.30757505e-05,327477.04,33393.36470666667,1.2925878333333334e-05,0.000461734,0.0511486026666666,3.3632589666666667e-06,230.85815,1.2810576666666669,-3.799739946666667,0.00132622,-3.56254e-06,-1.04206279e-05,440287.18,44896.797585,6.496788849999999e-06,0.0039700735,0.000629309,3.8012099e-06,257.25525,9.499257,-5.2504578,8.583500000000003e-06,5.62890365e-06
-79.54352790154955,0.47124857,-1.3807383,288.91333,290.19092,102026.625,100979.81,271.46045,271.4602,271.45972,287.47363,-0.46421552,-2.8097878,0.22469705,-0.65682006,2.9260244,-5.442766,9.470662,0.18875545,0.17138386,0.07074493,0.06621581,4532.263888888889,0.059968162,0.0,0.026595924,0.08658236,0.0001342854,0.0028260255,1.0544392e-07,-2.4494339e-06,0.0028628067,0.0402317,0.0008087158,0.007929832,0.0,0.0,0.0,0.0,0.0,1046.1812,57.538315,-0.002471267,0.00021038574,1.5232637e-09,-1555.835,104.26857,19763626000.0,43782873000.0,128957440.0,185567.19,0.051745564,63987503000.0,124.62988,-1074.1182,3403446.0,10287.848,0.0008418071,371772100.0,140215730.0,4758854.0,1628.6077,-0.007454943,443685570.0,-28.86464,2666110000.0,2742744300.0,2636825.0,2656462300.0,2746155800.0,33.91446,0.017999377,0.0,-1.000001,0.13450778,0.495929,0.054360393,-0.009967156,9.206014e-07,-0.04270519,13.739666,-1.000001,-1.000001,7.124968e-06,0.0057647675,0.01114884,30.692368,30.688843,30.834103,-1.000001,-1.000001,3880.4504,0.0,0.0,0.0,12372.824,3.5999988e-12,0.0,-209562.56,-207583.0,34862.555,0.0,0.0,1165849.0,1169372.0,0.0,0.0,0.0,-932241.5,-934681.9,0.0,0.0,0.0,0.0,0.063471556,1321.2141,-67.00592,-12.895008,699.20605,-222.23439,-131.11288,-6.644763666666666e-06,0.0031253433333333,48441.2042,4939.6281301,1.047288926666667e-07,3.983384916666666e-07,73.43697916666666,3.178572166666668e-08,6.914729533333333e-07,0.0040653386666666,0.0,2.383501333333333e-08,268.76990666666666,17.677568085,0.6313010833333333,-0.1264529133333333,-4.806666666666667e-05,-3.073238642857143e-06,0.0008920921428571,131831.05285714284,13443.026197142855,1.4886960914285713e-07,9.037776014285716e-07,54.00718928571428,0.0,5.659544822857143e-05,0.0,215.1330871428572,43.05613928571428,3.364472371428572,0.0107813102857142,-6.601428571428572e-05,8.64806675e-06,233274.955,23787.42537,6.74480625e-06,4.682412775e-05,1.39370194,3.05692055e-06,214.9438,6.061020025,-0.92064452,-0.00381442725,-1.79775e-05,-5.696666666666667e-06,327426.93333333335,33388.255249999995,1.2943214333333331e-05,0.0004615153333333,0.049818297,3.3636667e-06,230.5451233333333,1.451044066666667,-3.41135334,-0.000622393,-7.821970000000003e-07,-2.4650000000000003e-05,440128.59,44880.6259,6.4658518e-06,0.0040896525,0.0006400365,3.8035542e-06,257.48633,7.32157665,-5.5899525,0.000247680716,1.34999815e-05
-79.54689692827316,0.6576041,-1.6505461,288.8772,290.2024,102052.44,101005.19,271.45898,271.45972,271.45972,287.33057,-0.9466107,-4.4744644,0.3933431,-1.0654697,3.7798986,-5.4409504,15.666005,0.1887219,0.17135459,0.0707649,0.066235244,4424.375,0.055311866,0.0,0.23018593,0.24050337,0.0027770537,0.023726162,-3.5930617e-07,-5.3977774e-06,0.05309922,0.44342816,0.006653011,0.063418746,0.0,0.0,0.0,0.0,0.0,1163.4172,92.376785,-0.0015080359,0.00082493154,-9.771961e-11,-1395.5803,1904.5708,19715607000.0,43276714000.0,127747740.0,183795.94,0.052132625,63473230000.0,140.55136,-1210.7305,3400816.0,10290.469,0.00013202819,585992600.0,805718340.0,5569881.0,4226.1914,-0.00593666,1372524200.0,-9.942576,2665382700.0,2736319000.0,2636678.0,2655750000.0,2739722200.0,48.865875,0.018000834,0.0,3.0296164,0.13450778,0.49603868,0.084784985,-0.011454787,-5.756031e-07,-0.08045888,12.221781,-0.358065,-0.33861262,1.0612139e-05,0.0057651997,0.054860704,28.426682,28.399704,29.771927,3.0545616,32.105606,3729.405,0.0,0.0,0.0,12042.762,3.5999988e-12,0.0,-213939.94,-213885.88,51000.94,0.0,0.0,1155790.0,1163711.0,0.0,0.0,0.0,-920927.7,-926556.9,0.0,0.0,0.0,0.0,2.5372362,2787.1902,-107.929565,-41.860046,1266.7463,-229.44292,-225.23125,-4.7570518e-06,0.0580724053333333,48431.42086666668,4938.630507450001,1.0366419583333337e-07,2.568003866666667e-07,78.68531,8.344368316666666e-07,7.836503e-06,0.0041344651666666,0.0,3.536049233333334e-07,268.55486,17.629137808333333,0.7373383716666666,-0.2522886908333333,-5.03585e-05,-3.926811442857143e-06,0.0004460459999999,131803.38571428572,13440.204934285715,1.495116064285714e-07,8.644672328571428e-07,53.727500142857146,0.0,5.622337278571429e-05,0.0,215.14712,42.77521885714286,3.501667285714286,0.0078785695714285,-6.554285714285714e-05,8.150079e-06,233215.815,23781.3947675,6.775349e-06,4.7701152e-05,1.4434455125,3.061282375e-06,215.059405,5.9433881500000005,-0.2483342925,-0.0019594135,-1.86725e-05,1.0588946e-05,327300.4166666667,33375.35414,1.2940438e-05,0.0004591039999999,0.0556375273333333,3.3619866000000003e-06,229.67584666666667,1.617874466666667,-2.9662601333333334,-0.0017863776666666,-1.3123263333333331e-06,7.290171999999998e-07,439976.0,44865.066055,6.51060985e-06,0.004158247,0.0007399935,3.8004014e-06,255.818775,5.09875785,-4.0542640500000005,-0.0011342395,2.36471535e-05
-79.50653977597132,0.42546535,-2.0898972,287.64868,290.5918,102036.375,100989.19,271.46045,271.4602,271.45972,288.35693,-1.100522,-5.386533,0.2702853,-1.5304441,4.9338655,-5.441231,21.762695,0.18868971,0.17132837,0.07078791,0.066251636,4394.34,0.119350195,0.0,0.49589676,0.50516474,0.009355329,0.07004976,1.0546073e-06,-9.981188e-06,0.19283962,1.3635845,0.025579035,0.19935143,0.0,0.0,0.0,0.0,0.0,1046.8582,101.397385,-0.00029286137,0.0006314621,1.2487877e-09,-1004.5901,1723.7056,19689790000.0,42730080000.0,127138000.0,181855.38,0.053618543,62917740000.0,148.02686,-1092.4299,3405343.0,10288.738,0.0003210022,733358600.0,1818573700.0,5698694.0,7863.5195,-0.005004205,2605180400.0,19.967072,2663828000.0,2727954200.0,2635821.0,2654201000.0,2731372500.0,104.53369,0.018000338,0.0,-0.15014225,0.13450778,0.4960248,0.1296711,-0.018052652,-1.9073568e-06,-0.10411018,11.541968,0.030262418,0.09749377,1.0147332e-05,0.0057676546,0.17606735,25.760757,25.675995,29.10629,12.208681,153.5574,3654.647,0.0,0.0,0.0,-5255.2383,3.5999988e-12,0.0,-197344.56,-232744.0,77858.375,0.0,0.0,1140266.0,1185600.0,0.0,0.0,0.0,-886305.94,-920890.8,0.0,0.0,0.0,0.0,2.3681545,4781.3555,-115.5979,-61.56035,1775.4268,-258.74585,-370.62305,7.198664416666667e-06,0.1387898981666666,48393.607833333335,4934.774651116667,1.0270544666666669e-07,2.3647253e-07,75.8479955,3.0254286533333337e-06,2.285606044e-05,0.0038097463333333,0.0,2.0539481566666667e-06,268.43638166666665,17.950354383333334,1.00630195,-0.196870725,-4.92995e-05,-2.418648571428571e-06,0.0006690982857142,131750.84785714286,13434.847564285714,1.5151883785714285e-07,7.583092242857143e-07,56.328944,2.7224488571428573e-08,6.007835854285715e-05,3.403061142857142e-09,215.1362328571429,42.442156,3.1947088857142854,0.0557862924285714,-6.942857142857143e-05,1.249984025e-05,233168.485,23776.5684525,6.76834855e-06,4.74021485e-05,1.5089623625,3.062481725e-06,214.8115375,6.7826609,-0.330248675,-0.00768940625,-2.04e-05,8.565403166666666e-06,327116.45666666667,33356.59544,1.2915261333333331e-05,0.000468879,0.0582071173333333,3.3628706e-06,229.8449933333333,1.5881460866666668,-2.31598826,0.0024570046666666,-3.1014906666666667e-06,2.84935725e-05,439561.845,44822.833995,6.596018e-06,0.0041241565,0.000942227,3.7968116e-06,253.98110000000003,5.63257925,-4.5966964,-0.0005861065,1.3905325e-05
-79.41699389735587,0.12824392,-2.215722,284.2163,291.16064,102076.375,101028.06,271.45996,271.45996,271.45996,288.73828,-1.1444416,-5.435114,0.020647187,-1.633666,5.4573154,-5.4418077,23.27304,0.18864703,0.17129779,0.070804775,0.06627107,4120.3945,0.057286862,0.0,0.6042948,0.60798675,0.01118087,0.08387804,5.7835813e-08,-1.0392927e-05,0.2254759,1.5910692,0.036418203,0.27357656,0.0,0.0,0.0,0.0,0.0,769.0835,43.23877,-0.0026970003,0.00037609832,-1.1826511e-09,-1103.4375,622.17065,19486319000.0,41573646000.0,123164980.0,177475.44,0.054211866,61548660000.0,145.59026,-704.3408,3372650.0,10292.68,0.0011052496,915717500.0,2916057300.0,6156645.0,11854.402,-0.0037403344,3940396800.0,39.8011,2663244000.0,2723182300.0,2635641.0,2653621000.0,2726571000.0,167.42136,0.018000256,0.0,0.26362348,0.13450778,0.4959876,0.15605015,-0.028552666,-3.5326666e-06,-0.10801691,9.383729,0.13118374,0.19009125,8.943325e-06,0.0057700723,0.23813617,24.104065,23.999634,26.132935,10.943392,141.55392,3489.6943,0.0,0.0,0.0,-27717.879,3.5999988e-12,0.0,-151047.62,-260905.81,96157.56,0.0,0.0,1120823.0,1250599.0,0.0,0.0,0.0,-835622.5,-916898.0,0.0,0.0,0.0,0.0,1.0292253,6367.301,-87.56874,-77.6844,1951.2192,-296.9756,-526.24536,1.3391017783333336e-05,0.1677012586666666,48371.64763333333,4932.535334066667,1.0204236833333333e-07,3.08681295e-07,73.44933666666667,3.5621071333333334e-06,2.69977025e-05,0.003495293,0.0,2.8548218666666667e-06,268.39723166666664,18.318233166666666,1.5250600333333335,0.0069675475,-4.1362e-05,-1.4079109414285714e-05,0.0,131717.66785714286,13431.464145714286,1.5736351685714286e-07,6.759607865714286e-07,57.227938142857134,0.0,6.374622139999999e-05,0.0,215.24213571428567,41.55710471428571,2.9244472285714287,0.1492388505714285,-7.372857142857144e-05,1.97360441e-05,233136.0475,23773.2607475,6.73025765e-06,4.68340365e-05,1.6196215675,3.06173115e-06,214.41615,7.389128075,-0.43127973,-0.00282734525,-2.2375e-05,-9.865796666666663e-07,327130.56,33358.03358,1.2920715666666669e-05,0.0004681193333333,0.0533776843333333,3.363529133333333e-06,230.25477,2.37896819,-0.9131358666666666,-9.462733333333306e-05,-3.305857866666667e-06,1.640230000000001e-07,439334.47,44799.648195,6.5527775e-06,0.004089322,0.000936792,3.7990448e-06,254.39554,5.1404444,-1.97654675,0.0008993404999999,1.0956499e-05
-79.48547783898587,-0.053804167,-2.2812357,280.76172,291.44556,102116.19,101067.5,271.45996,271.45996,271.45996,288.00098,-1.4856825,-5.245701,-0.16681677,-1.5477448,4.85271,-5.442356,20.642319,0.1886087,0.1712699,0.07083088,0.06628746,3657.1357,0.07096326,0.0,0.797289,0.79774207,0.013831679,0.112947464,-3.9706265e-06,-4.688077e-05,0.26171267,1.6624775,0.05813248,0.504786,0.0,0.0,0.0,0.0,0.0,-141.4588,-28.118866,-0.0029558446,1.0289307e-05,-1.7387767e-09,-649.4424,-840.6426,19231021000.0,40453833000.0,118492890.0,173023.25,0.055120666,60179358000.0,150.38383,223.73376,3333010.0,10296.668,0.0016880503,1117252100.0,4055501600.0,7478545.0,16045.684,-0.0034459154,5309905000.0,53.194122,2662049500.0,2720504800.0,2634595.0,2652401700.0,2723832300.0,155.7117,0.017999534,0.0,-0.3749721,0.13450778,0.49595076,0.13108486,-0.04548116,-4.1590665e-06,-0.10387272,10.430111,-0.22298294,-0.17146504,7.757019e-06,0.005773779,0.12373388,23.553894,23.405075,23.07385,-0.3749721,68.890625,3487.3127,0.0,0.0,0.0,-35245.52,3.5999988e-12,0.0,-153943.62,-268698.62,79620.69,0.0,0.0,1124598.0,1258244.0,0.0,0.0,0.0,-840745.8,-920502.56,0.0,0.0,0.0,0.0,0.58506805,6190.3047,-79.20952,-122.56302,1611.7068,-263.74072,-415.83423,1.4196248333333332e-05,0.260700695,48327.83878333333,4928.068074516667,1.0176057533333337e-07,2.856212516666666e-07,73.777877,4.341482406666667e-06,3.581008023e-05,0.0033789723333333,0.0,5.374649473333333e-06,268.5121316666667,18.27615673333333,2.1042099166666666,0.1850732666666666,-4.019306716666667e-05,-2.339758336842857e-05,0.0,131695.305,13429.183768571427,1.6352597014285716e-07,6.415800636571428e-07,54.02470871428572,0.0,6.242845625714286e-05,0.0,215.43926714285712,40.116056,2.488439315428572,0.1307347322857142,-7.318571428571429e-05,1.82205573e-05,233064.2625,23765.940715,6.753020875e-06,4.69787665e-05,1.62668165,3.061862075e-06,214.5307,8.43449825,-0.753824225,0.0050835915,-2.3715e-05,8.690873666666666e-06,327014.4166666667,33346.190253333334,1.2939837333333334e-05,0.0004513503333333,0.055012713,3.3608706666666666e-06,229.42451000000003,2.79558505,-0.7162815666666665,-0.001061727,-5.118465333333333e-06,1.29733135e-05,439067.6,44772.43503,6.5744502e-06,0.0040669195,0.000913522,3.79556055e-06,253.79993,4.6909598,-0.2750358499999999,-0.0003589989999999,1.102967e-05
-79.5832081418775,-0.37899804,-2.2807007,278.4983,290.98877,102197.5,101147.06,271.4602,271.45996,271.45972,288.30566,-2.2546244,-4.789673,-0.46655172,-1.5852222,4.6956615,-5.443059,17.492554,0.18856734,0.17123932,0.07085079,0.06630689,3114.4468,0.46709526,0.0,0.94872636,0.9706789,0.0259084,0.23185015,-1.0679259e-05,-2.1312473e-05,0.5458983,3.1477375,0.13842875,1.4426079,0.0,0.0,0.0,0.0,0.0017342486,1696.2783,13.439263,-0.0025789489,-0.00042534317,-1.2436473e-10,-1821.3887,-1188.6223,19055990000.0,39657718000.0,117268950.0,169790.0,0.055914246,59227700000.0,159.2556,-1672.0095,3338305.0,10304.73,0.0015697756,1316613900.0,5451686000.0,8955841.0,21129.898,-0.003649496,6961022000.0,73.15294,2662336800.0,2723425000.0,2634659.0,2652700000.0,2726774500.0,184.88072,0.018001482,0.0,-0.3749721,0.13450778,0.49591064,0.12710959,-0.06925452,-5.1771067e-06,-0.10155022,13.559278,-0.2175681,-0.16698313,6.385555e-06,0.0057809167,0.16170126,24.802353,24.457367,24.572943,-0.3749721,48.476334,3238.2383,0.0,0.0,0.0,-41647.965,3.5999988e-12,0.0,-137691.0,-284297.75,78211.81,0.0,0.0,1114254.0,1274876.0,0.0,0.0,0.0,-825181.44,-916092.06,0.0,0.0,0.0,0.0,-1.1486359,6901.09,-88.11145,-207.64685,1218.554,-223.70349,-403.27368,1.249143375e-05,0.3408981938333333,48325.08311666667,4927.787074916667,1.0184643016666669e-07,2.5870837666666666e-07,74.82809283333333,6.40401535e-06,6.975999806666666e-05,0.0033776415,0.0,1.5076866033333332e-05,268.73301,18.27763253333333,2.7873124666666667,-0.0437760371666666,-4.364266666666666e-05,-2.232759871428572e-05,0.0,131701.66857142857,13429.832672857145,1.6678320357142858e-07,6.534445301428571e-07,48.06944685714286,0.0,5.841275332857143e-05,0.0,215.5341142857143,39.10448785714285,2.2074184142857143,0.0703515671428571,-7.987142857142857e-05,1.651716225e-05,233058.8775,23765.3916,6.7633859e-06,4.633675e-05,1.513172125,3.057565225e-06,214.642235,9.434034175,-1.3729176615,0.00426908475,-2.70125e-05,-4.036840666666667e-06,326996.5733333333,33344.37074333333,1.2920356833333332e-05,0.0004560639999999,0.0545836433333333,3.362804233333333e-06,229.75058,3.23841537,-0.5833463333333333,0.0009082543333333,-6.220000000000001e-06,-5.817035999999997e-06,438893.41,44754.672595,6.5962111500000005e-06,0.0041937275,0.0010774265,3.79987385e-06,254.255725,5.066485999999999,-0.3670777999999999,0.000467483,1.00624795e-05
-79.4691679640197,-0.94194275,-2.291916,276.64233,290.75195,102229.19,101178.125,271.45996,271.45972,271.45972,288.59644,-3.1778603,-3.9956923,-0.95070106,-1.5446091,4.958083,-5.443754,18.006577,0.18853515,0.17121309,0.07087076,0.0663141,2895.999,0.9552119,0.0,0.9453835,0.989467,0.05711197,0.26684737,-6.460873e-06,-3.332451e-05,1.5840788,3.8835468,0.31092757,2.021988,0.0,0.0,0.0,0.0,0.007962197,1749.9836,65.14871,-0.0049884915,-0.00047452422,5.7281504e-09,-2745.491,-2142.2766,18731141000.0,38541586000.0,113736610.0,165268.38,0.054516006,57777180000.0,155.76523,-1752.6035,3300454.0,10307.809,0.0011195703,1420581400.0,6347493400.0,9346551.0,24392.828,-0.004619401,8005392000.0,91.05968,2661115600.0,2726141200.0,2633089.0,2651475000.0,2729433600.0,248.68246,0.018001102,0.1502065,-0.51264066,0.13450778,0.49587178,0.13707793,-0.10360628,-5.1152183e-06,-0.092886806,17.256859,-0.38029337,-0.32911175,4.9541122e-06,0.0057729073,0.2325452,26.572357,26.03598,26.361107,-0.51264066,39.52588,3144.1226,0.0,0.0,0.0,-43556.617,3.5999988e-12,0.0,-125860.69,-289767.44,66600.19,0.0,0.0,1109358.0,1283031.0,0.0,0.0,0.0,-787296.1,-910402.3,0.0,0.0,0.0,0.0,-1.5194359,7101.9414,-100.39647,-307.80298,899.8147,-173.75665,-364.12744,2.357596500000001e-06,0.3987065721666667,48283.93668333333,4923.591305966666,1.0099239500000001e-07,2.13587115e-07,77.40903999999999,8.41492165e-06,7.891754683333334e-05,0.0034554175,0.0,3.0454420166666667e-05,268.92324,18.486119366666667,3.093055295,-0.0870299586666666,-5.15814965e-05,-1.1844704171428572e-05,0.0046890452857142,131648.13357142857,13424.373621428573,1.69605252e-07,7.062437014285714e-07,48.20544085714285,0.0,6.221927194285714e-05,5.111664285714286e-09,215.5344085714285,38.31983542857143,2.552152422142857,0.1108350731428571,-8.0698e-05,3.6686766e-06,232993.28,23758.7025125,6.782588825e-06,4.69528385e-05,1.43630072,3.0539852e-06,214.8373075,9.359349,-1.816210095,0.008700628,-2.78775e-05,-5.133117e-06,326983.6533333333,33343.05326666666,1.2928770333333332e-05,0.0004568946666666,0.0544128096666666,3.3627836e-06,229.65863,3.8512159666666665,-0.3848676900000001,-0.000165244,-3.7618723333333336e-06,-9.3294165e-06,438863.34,44751.606305,6.5070435e-06,0.004270824,0.0008428185,3.8007511e-06,254.917935,4.7752323,1.3944248999999995,0.0007189055,1.3239392e-05
-79.567062033862,-2.9113188,-0.52522177,278.29517,289.32495,102279.625,101226.5,271.45972,271.45972,271.45972,288.43115,-5.2503347,-0.65726,-2.088705,-0.46431196,4.634927,-5.4443445,12.969083,0.18849385,0.17118555,0.070896566,0.06633353,2148.1545,0.9532327,0.048942372,0.9774351,0.9993605,0.12659115,0.23170882,-1.3715701e-05,3.715756e-05,3.7241592,4.905322,0.52903956,1.704093,0.0,0.0011387055,7.1743045e-08,0.0,0.048084848,2036.5591,78.4073,-0.0027289463,-0.00063148397,3.553329e-09,-2810.9211,-2449.459,17834550000.0,37907770000.0,90846360.0,161204.5,0.05336853,56333670000.0,198.8934,-2091.1853,2928316.0,10312.805,0.001067193,1660856300.0,8139387400.0,9854458.0,30846.375,-0.0023545534,10122726000.0,123.946335,2662262800.0,2739301400.0,2633121.0,2652618000.0,2742216700.0,351.28857,0.01799902,0.22504294,-0.51264066,0.13438213,0.49584895,0.12355095,-0.18199492,-4.3685577e-06,-0.023940675,16.872017,-0.38406426,-0.32848936,4.0055247e-06,0.005823776,0.2179851,31.603012,30.834991,24.910313,-0.51264066,39.450897,2994.697,0.0,0.0,0.0,-41959.773,3.5999988e-12,0.0,-111865.375,-292020.38,56060.066,0.0,0.0,1109164.0,1295721.0,0.0,0.0,0.0,-763819.0,-907023.7,0.0,0.0,0.0,0.0,-1.6947603,6859.453,-115.0182,-383.58203,712.32983,-118.76683,-281.09204,-1.3584914533333332e-05,0.437524715,48307.54713333333,4925.998902166667,9.476950016666668e-08,3.776754383333333e-07,83.07074233333334,1.5728978666666667e-05,6.858370351666667e-05,0.0038560703333333,7.961075283333333e-09,7.203192116666667e-05,269.2576883333333,18.82840033333333,4.21411705,-0.2593639308333333,-4.0750901333333336e-05,1.1772620714285716e-05,0.1261099757142857,131702.24857142856,13429.891812857142,1.7277558e-07,8.545177728571429e-07,52.41666528571428,2.043569775714285e-06,6.525363038571428e-05,1.515513142857143e-07,215.3216785714285,36.42956328571429,2.7188750571428573,0.0628893271428571,-6.28e-05,-1.3007469575e-05,233019.795,23761.4062925,6.950191775e-06,4.979251e-05,1.4047702,3.05479395e-06,215.395125,8.895168250000001,-1.103957095,0.0133037035,-2.1775e-05,6.486638e-06,326998.3133333333,33344.548173333336,1.2915668e-05,0.0004584393333333,0.0593260933333333,3.3621321e-06,228.92129,4.4455293,-1.2875239,-0.001726137,-5.009663666666666e-06,-4.4384740000000005e-06,438764.405,44741.517745000005,6.64259485e-06,0.0042621205,0.0008235345,3.7984773e-06,254.487785,6.114395,2.80185935,-0.000332384,1.56784915e-05
-79.53314769807587,-3.1001883,0.07722843,279.62793,289.50513,102309.44,101253.25,271.45996,271.45972,271.45996,288.63428,-5.433629,0.5516849,-2.3175793,-0.07276809,3.626091,-5.4436007,10.158611,0.18846029,0.17115325,0.07091349,0.066352904,1570.1777,0.99988365,0.22167444,1.0,1.0,0.28467852,0.22276682,-4.730231e-05,-6.456117e-05,8.155073,3.0297537,1.2858067,1.3831606,4.4875687e-06,0.015059568,5.3714475e-06,0.0,0.105926156,4328.0977,34.15645,-0.003386961,-0.0003538679,1.3334507e-08,-4425.125,-744.5432,17636704000.0,38085145000.0,87371920.0,161296.38,0.050669037,56379556000.0,228.7054,-4330.5117,2883788.0,10315.594,0.0026681158,1745362000.0,8741922000.0,10147564.0,33071.918,-0.0036732957,10822679000.0,128.2177,2662626300.0,2742730000.0,2633204.0,2652969000.0,2745606400.0,452.4651,0.017999612,0.22477031,-0.50010264,0.13438213,0.49587983,0.09877384,-0.20082217,-6.404236e-06,0.0042397045,15.091668,-0.37683463,-0.30485624,5.1818533e-06,0.00577683,0.13821667,33.61763,32.069,22.297876,-0.50010264,39.777008,2990.4553,2.226913e-05,22603.938,2998.0251,-43562.15,16024.492,51736.5,-108326.25,-293571.12,42760.434,65329.473,18661.05,1110481.0,1296904.0,191739.94,72573.25,129098.125,-698243.6,-902510.2,1599.7012,1.6681734e-05,5.92124e-06,33.346725,-1.6198158,6243.246,-111.12245,-370.66772,548.0034,-59.26198,-175.81708,-3.5861468e-05,0.702334355,48323.31716666667,4927.6069981,7.9049015e-08,1.0358187733333334e-06,87.76076516666666,4.071819983333334e-05,2.911998533333333e-05,0.0040592785,2.0984634916666666e-07,0.0002293298333333,269.24462666666665,19.639635666666667,4.29331655,-0.4153946316666666,3.6038503333333335e-05,-5.021194228571427e-06,0.0151788,131716.48071428572,13431.34309,1.7092876e-07,9.865206771428571e-07,45.87993742857143,2.316380428571429e-07,5.648766497142857e-05,2.2141331428571443e-08,215.38732857142853,36.23432714285714,2.4838727714285715,0.1121020251428571,-5.19e-05,-9.91138075e-06,233099.8275,23769.567335,6.985489875e-06,5.208703325e-05,1.348497725,3.0544426500000003e-06,215.81629,8.87570045,-2.0223274325,-0.0011840165,-1.4775e-05,-7.846066666666664e-07,326959.6666666667,33340.60731,1.2898193333333334e-05,0.0004547566666666,0.0649564853333333,3.3634924e-06,228.5535033333333,3.2659088,-2.5938224666666665,0.0014329543333333,-6.293094133333333e-06,-1.2955e-05,438810.69,44746.2375,6.6321236e-06,0.004329632,0.000875124,3.7998015e-06,254.58865,5.9129114000000005,4.345538599999999,0.000357198,1.94619405e-05
-79.43051530885599,-2.0932846,0.13314015,280.60034,289.3457,102477.94,101414.5,271.45972,271.45996,271.45947,288.45728,-4.4701777,0.6478647,-1.9428663,-0.004146926,3.2800245,-5.4152126,20.281433,0.18842196,0.17112702,0.07093954,0.066375434,1444.5562,0.99846584,0.7321402,1.0,1.0,0.30101532,0.45112246,4.24568e-05,-3.4824596e-05,8.825551,3.5396872,1.273633,2.7885084,3.121991e-05,0.10939795,1.6633465e-05,1.0,0.20712519,4985.254,18.819809,-0.011088684,-0.00028199516,-6.0245924e-09,-6857.2695,-2559.6006,17497618000.0,38699740000.0,85827810.0,162905.44,0.049620006,56889844000.0,243.1047,-5079.828,2870299.0,10331.898,0.0037686594,1757382000.0,8633077000.0,9073975.0,32699.89,-0.0012882634,10722781000.0,129.25897,2665112800.0,2746030600.0,2635584.0,2655442700.0,2748888600.0,869.01416,0.018001284,1.2771177,-0.51264066,0.13438213,0.4976316,0.09451628,-0.14274102,-2.0661595e-05,-0.0036872213,13.408218,-0.3846134,-0.30681586,6.138664e-05,0.005777035,0.23123294,34.65535,32.393326,20.304998,-0.51264066,26.704544,3209.6277,3.771686e-05,307989.38,10992.094,-60149.05,57759.21,442608.5,-105562.25,-285871.8,32438.637,522670.12,66896.75,1103420.0,1303880.0,1068641.0,315537.2,800457.6,-619570.3,-896487.5,38.31624,8.545997e-06,2.9313873e-05,94.78911,-1.268857,6440.1953,-64.87753,-268.35425,324.17725,1.4465256,-85.96202,-3.137129602166667e-05,0.61892631,48390.24615,4934.431854783334,7.532671066666668e-08,7.424785833333333e-07,87.469359,3.401217866666667e-05,3.211108083333333e-05,0.0040726385,2.344437386666667e-06,0.0002956145,269.1231333333333,21.1237205,3.1806030616666665,-0.4406394033333333,7.187374966666668e-06,-3.5793469285714272e-06,0.0276680071428571,131773.2857142857,13437.135587142857,1.714142628571429e-07,1.0077321092857142e-06,44.92383471428571,4.833487571428571e-07,5.349783361428571e-05,3.744074571428573e-08,215.36993571428573,35.39898014285714,2.415144975714285,0.0769971595714285,-4.508571428571429e-05,-2.66480025e-06,233211.56,23780.9608775,6.94182645e-06,5.24352905e-05,1.3594509925,3.0499482e-06,215.53046,8.713470775,-2.064901955,-0.0072592075,-1.121e-05,-1.0806166666666668e-05,327091.81666666665,33354.08286,1.2883352333333333e-05,0.0004663363333333,0.0606682986666666,3.367479e-06,229.6034133333333,2.9091574333333337,-2.051574733333333,0.0023478783333333,-3.5618086666666664e-06,6.4449450000000005e-06,439279.54,44794.046895,6.6486853e-06,0.0042529385,0.000850107,3.7976434e-06,254.45739000000003,7.738994249999999,3.84560495,-0.0001941379999999,2.0246676e-05
-79.44186059897326,-2.0503416,-0.09414798,279.4685,288.76978,102591.31,101519.875,271.45972,271.4602,271.4602,286.6255,-4.129552,-0.13831925,-1.9490232,-0.07620174,4.443801,-5.3454123,26.720398,0.18837929,0.17109644,0.07095647,0.066394866,1429.8752,0.9528951,0.9125498,1.0,1.0,0.11920887,0.5359646,4.2936823e-05,-4.6468514e-05,3.5047436,3.1490889,0.5452319,4.0968637,0.00027925312,0.13164759,3.9847902e-05,1.0,0.23344994,4595.082,58.386276,-0.008625362,-0.00048439438,-9.792409e-09,-6064.4805,-2559.5127,17276940000.0,38555255000.0,82521370.0,161884.75,0.050240684,56519418000.0,242.25832,-4779.3203,2824131.0,10342.461,0.0012002599,2385565200.0,10452134000.0,11689275.0,39933.453,0.001300161,13242137000.0,156.74214,2665732000.0,2748130000.0,2636057.0,2656062200.0,2750967600.0,888.8694,0.018000484,7.9788513,-0.38751012,0.13438213,0.50153506,0.1644252,-0.14033532,-3.432852e-05,-0.031139694,12.785309,-0.23352367,-0.12763572,0.00019608477,0.0058009736,0.08103037,34.822006,32.98871,19.646177,-0.38751012,30.759247,3560.9187,0.00040143193,802834.44,13257.605,-112016.75,93744.625,975268.0,-106439.25,-284469.94,39644.227,1132320.0,108489.31,1096562.0,1302541.0,1918102.0,537210.4,1534719.0,-597947.1,-893455.8,0.0,0.0002901866,0.00011143609,433.6233,-1.0589228,10099.281,-44.323486,-342.2058,296.45288,10.889527,-63.029694,-3.326275666666666e-05,0.397428625,48413.78711666667,4936.832365533333,7.41329125e-08,5.457395333333333e-07,86.99723333333333,1.5937746533333334e-05,2.2965973e-05,0.0041446175,4.633097325e-06,0.0002296969999999,268.94551333333334,21.043136166666667,4.424676230833334,-0.5934018833333333,-1.4682043233333334e-05,-1.0471094428571428e-05,0.0290082857142857,131794.51,13439.299862857142,1.749367177142857e-07,9.749894521428572e-07,42.77591114285714,1.6621387142857144e-06,4.759202142857143e-05,1.260361757142857e-07,215.36164,34.49518257142857,3.4947740285714284,0.0175663595714285,-6.354285714285713e-05,-2.02970395e-06,233209.6875,23780.7699375,6.8906266000000005e-06,5.183756e-05,1.416320105,3.046889125e-06,215.1925,8.2426746,-1.6483459150000002,-0.00228528325,-1.242e-05,-3.604993e-06,327149.79333333333,33359.99483333334,1.2891786333333334e-05,0.000477452,0.0571502503333333,3.368568233333333e-06,230.0949733333333,3.2328835,-1.2469300666666667,0.0004868123333333,-2.167309333333333e-06,1.3656057e-06,439471.78,44813.649925,6.63503525e-06,0.004041657,0.000831558,3.7978667e-06,254.92432,6.153193,1.73886805,8.31435e-05,1.15028203e-05
-79.59358283520861,-1.7358875,-0.7867222,279.75024,287.80737,102576.875,101499.625,271.45972,271.45947,271.45972,285.22656,-3.1059723,-1.169734,-1.6739626,-0.7657202,4.473015,-5.3155546,10.935978,0.18835014,0.17108244,0.070982516,0.0664143,1320.7786,0.93192583,0.83337545,1.0,1.0,0.1299147,0.64510244,5.2431395e-05,-9.559482e-05,3.624631,5.503975,0.8351102,5.595542,9.050106e-07,0.14543593,2.3635512e-05,1.0,0.17513484,3396.1482,85.65028,-0.0008618159,-0.00015557923,-8.883649e-09,-2852.8054,65.72197,16826410000.0,37435940000.0,76875490.0,157153.19,0.051185507,54951367000.0,245.07703,-3410.5564,2738976.0,10340.445,0.0002933822,3270681600.0,12745742000.0,15214273.0,49246.03,0.0039482303,16487986000.0,182.73608,2664258800.0,2749017600.0,2634370.0,2654573800.0,2751779000.0,826.5652,0.018001284,11.476314,-1.000001,0.13438213,0.5032377,0.14905316,-0.1338113,-3.3298376e-05,-0.06649083,12.680863,-1.000001,-1.000001,0.00025428808,0.005838562,0.24137712,35.35193,33.93651,19.557823,-1.000001,-1.000001,4000.5103,0.00047017168,1270941.0,40526.59,-304667.38,282795.2,1450059.0,-97331.25,-267987.75,25602.219,1677253.0,324072.25,1089135.0,1288173.0,2614731.0,985647.4,2159182.0,-692144.4,-891209.44,7628.215,0.00036939047,0.00010073325,460.34082,-1.5807381,7193.047,-26.997818,-277.5652,224.98256,22.307526,42.831406,-6.764340200000001e-06,0.4882596133333333,48386.39545,4934.039192716667,8.034059233333333e-08,3.0567244e-07,89.82251316666667,2.7689413433333333e-05,4.6354415666666665e-05,0.0043620251666666,4.254978983333333e-06,0.00012993501,268.845865,20.8314535,5.357591283333334,-0.3534082373333334,-4.555281774999999e-05,-8.975324714285722e-07,0.0011151151428571,131777.22214285712,13437.536991428571,1.7829028500000004e-07,9.633175628571428e-07,42.98399385714286,5.4448978571428576e-08,4.613234407142857e-05,8.50765357142857e-09,215.33897,33.992567,4.922067214285714,-0.0027119732857142,-7.187142857142858e-05,-1.54355275e-06,233157.64,23775.46257,6.8626348e-06,5.1396909e-05,1.4474186175,3.0457006250000004e-06,215.023955,7.842989449999999,-1.971008395,-0.0052923729999999,-1.3445e-05,-9.67944e-06,327175.64666666667,33362.631140000005,1.2900643166666667e-05,0.0004877646666666,0.0524347243333333,3.3694923e-06,230.8001,3.593935966666667,0.4135079333333334,0.001630002,-1.0704693333333333e-06,-4.76854999999999e-07,439636.44,44830.44057,6.6337265000000005e-06,0.00403763,0.000883709,3.8005287e-06,255.643695,3.65109875,1.9602239,-0.0003596584999999,9.9496635e-06
-79.45330104198213,-1.6506424,-1.0267115,279.5708,286.9734,102621.375,101540.75,271.45972,271.45996,271.45972,284.87964,-2.6282167,-1.5606318,-1.697402,-0.9949037,4.1995926,-5.301404,6.318243,0.1883105,0.17103964,0.07100552,0.06642759,1422.3552,0.7476101,0.96811587,1.0,1.0,0.05590022,0.76657605,3.2628755e-05,1.4587298e-05,1.4932156,3.8440113,0.37241215,6.988715,1.9131477e-07,0.31430447,7.76598e-05,1.0,0.11534542,2913.4019,55.360413,-0.003559399,-0.00056529,-4.491632e-09,-2982.4727,-1487.3408,16564268000.0,36986753000.0,73085210.0,155019.88,0.051932465,54240506000.0,246.18555,-2960.88,2698564.0,10344.43,0.0003569941,3919200000.0,14628175000.0,17802550.0,56699.45,0.007276792,19080868000.0,207.30199,2665152000.0,2750996500.0,2635158.0,2655459000.0,2753702400.0,721.1301,0.01800001,15.198004,-1.000001,0.13438213,0.5044108,0.14180404,-0.11474019,-3.5534045e-05,-0.07568598,12.696957,-1.000001,-1.000001,0.00028143777,0.0058651604,0.21958923,35.467728,34.374557,19.022835,-1.000001,-1.000001,4214.004,0.0001474703,1625846.0,25482.164,-196453.44,144510.0,1802023.0,-86154.19,-278246.38,3711.2227,2080966.0,167598.5,1090005.0,1291264.0,3110835.0,917613.75,2612049.0,-722804.75,-893467.5,4619.008,1.0016638e-06,0.00014670708,711.33813,-1.4545231,6501.1953,0.22665179,-164.66763,138.18494,47.66983,74.138,4.596219783333333e-06,0.3453219916666667,48405.3915,4935.976250883333,8.19933625e-08,3.361391225e-07,88.54708616666666,1.43063964e-05,3.878428421666667e-05,0.0044430498333333,3.5988799333333336e-06,4.780265083333333e-05,268.9420166666667,20.26229645,5.833511883333333,-0.295598688,-4.03579184e-05,2.7298195e-06,0.0,131834.215,13443.348644285714,1.7520463714285718e-07,1.1475602857142856e-06,43.89812571428571,1.3612244285714286e-08,4.203299637142857e-05,1.701530571428571e-09,215.16440285714287,33.409766,6.054775471428571,-0.052587756,-6.1e-05,5.5952217500000006e-06,233215.95,23781.408535,6.8664994e-06,5.168554e-05,1.4767259075,3.04588245e-06,215.0470425,7.44351315,-1.80865106,-0.000669157,-1.58e-05,4.959833333333336e-07,327411.98666666663,33386.73111,1.2945666333333332e-05,0.0004785696666666,0.0473485386666666,3.3677464e-06,230.8176433333333,3.8995027666666666,0.64497061,-0.0011130103333333,3.12749333333334e-07,-7.98106335e-06,440168.22,44884.66704,6.5666215e-06,0.004017126,0.0007405875,3.80224765e-06,256.963095,5.0039333500000005,6.22098065,-0.000154766,1.52148908e-05
-79.47705008656013,-0.888547,-1.1647205,280.94653,286.19922,102606.5,101524.625,271.45972,271.45996,271.45972,284.563,-1.5272427,-1.7511377,-0.8604056,-1.1537886,4.3772335,-5.300968,-1.2001915,0.18827826,0.17101645,0.07101631,0.06645006,1361.0828,0.8325354,0.99977463,1.0,1.0,0.05753205,1.2497644,-9.888623e-06,5.4306976e-05,1.5340815,8.519884,0.42617774,12.206036,7.15039e-06,0.547928,0.00014603957,1.0,0.1490851,3586.5715,60.72531,-0.0016066574,-0.00054815994,8.105996e-09,-2816.6787,-595.38696,16576085000.0,37323784000.0,72327080.0,156143.69,0.053275645,54636050000.0,265.03418,-3616.2744,2703540.0,10342.848,-0.0014089423,4067627500.0,15229728000.0,18664920.0,58908.18,0.008251861,19872563000.0,223.78583,2664100400.0,2751601400.0,2633973.0,2654414300.0,2754325000.0,388.01245,0.017998751,13.7994175,-1.000001,0.13438213,0.5043831,0.13974696,-0.073437214,-2.7064132e-05,-0.07805884,12.728802,-1.000001,-1.000001,0.00028137723,0.0058569945,0.3008092,36.754562,35.042618,18.785442,-1.000001,-1.000001,4230.625,0.00038087857,1813074.0,31989.496,-245274.88,197083.88,1987932.0,-75959.75,-264029.8,-16018.672,2294075.0,225241.12,1088543.0,1289645.0,3372699.0,1047000.56,2852793.0,-754078.3,-891810.3,678.5952,1.8423307e-05,0.00036250288,1446.5889,-1.5390816,5484.1484,5.6341305,-216.21495,118.83119,56.641907,8.172937,8.5574175e-06,0.4677316483333333,48368.63311666666,4932.227938733334,7.849674433333334e-08,3.663983583333333e-07,94.70479833333331,9.593645016666666e-06,0.0001024792028566,0.0046767233333333,5.425277010166666e-06,7.743750250000001e-05,268.8174616666667,20.22197723333333,6.34072815,-0.4535477,-3.991874105e-05,-2.226302285714276e-07,0.0049112285714285,131792.85714285713,13439.131317142856,1.7388391142857145e-07,1.4156306157142858e-06,47.48785157142857,1.226269357142857e-07,3.893291875714285e-05,1.362661e-08,215.06374,32.92152185714286,5.849211828571428,-0.0314236975714285,-4.322857142857143e-05,8.9074173e-06,233190.6575,23778.82942,6.834885875e-06,5.04259185e-05,1.5258866800000002,3.0440215e-06,214.744355,7.834928749999999,-2.00997834,-0.00522899775,-2.1375e-05,-3.937913333333335e-06,327394.3733333333,33384.93505,1.2967953333333336e-05,0.000465272,0.0445711016666666,3.3664167e-06,230.9228633333333,4.858221166666668,0.773753045,-0.0007451319999999,-2.0189480666666665e-06,7.663887e-06,440304.62,44898.57597,6.5886925e-06,0.0037918805,0.0006926219999999,3.795818e-06,256.75867,6.654310199999999,8.27821715,0.000153149,1.052255885e-05
-79.7373423493517,-1.1938562,-1.2884235,281.96655,284.30933,102523.19,101440.625,271.45972,271.45996,271.45996,284.1018,-2.0140505,-2.0365505,-1.2338552,-1.3117981,3.338296,-5.291478,1.6821337,0.18823862,0.17098284,0.07103932,0.06646341,1465.2944,0.9315689,1.0,1.0,1.0,0.125592,1.3908195,1.8418941e-05,2.2484004e-05,3.4302282,10.744458,0.9775682,13.202137,1.8826504e-06,0.7003966,0.00015269416,1.0,0.21077955,4501.746,46.582794,-0.0029837568,-0.00072054286,-4.227868e-09,-4088.6777,-1363.2744,16638015000.0,37962293000.0,72559176.0,158190.81,0.05571933,55409607000.0,293.88428,-4608.3867,2750156.0,10334.43,-0.0018812777,4095943000.0,15589703000.0,19499620.0,60013.125,0.008543953,20303077000.0,239.25891,2662377500.0,2751339300.0,2632130.0,2652696600.0,2754094000.0,543.40967,0.017999578,13.222216,-1.000001,0.13438213,0.5051701,0.09856427,-0.08915371,-2.4599518e-05,-0.07938683,12.420547,-1.000001,-1.000001,0.0003007925,0.005837284,0.30650198,37.942535,35.62114,18.22656,-1.000001,-1.000001,4266.1094,0.0009870427,1795004.0,29898.703,-249616.94,168082.88,1981049.0,-69723.875,-252224.81,-11677.301,2286258.0,192337.94,1082708.0,1275611.0,3382250.0,1062247.0,2859349.0,-763263.94,-889006.6,25.610992,0.00046643615,0.0005207495,2156.9253,-1.9409533,4164.6836,8.927022,-194.72537,50.111862,23.05188,-57.983597,-5.297949833333332e-06,0.55727322,48309.9254,4926.241417716667,7.416253833333333e-08,6.654365433333333e-07,95.13534,1.8680161066666664e-05,0.0001252193461666,0.0047870835,8.791221952166667e-06,0.0001784070133333,268.98787833333336,20.880905666666667,7.314715933333333,-0.6205292203333334,-1.0246492216666668e-05,3.869824285714286e-06,0.0339233165714285,131756.3307142857,13435.40666,1.792469685714286e-07,1.5713133042857142e-06,51.038193,1.94104384e-06,4.398043288571428e-05,2.2304457142857146e-07,215.00699285714288,32.287737428571425,4.756688828571429,0.0273326958571428,-3.538571428571428e-05,-2.193025e-06,233122.6225,23771.89178,6.842608225e-06,4.99796405e-05,1.5497117125,3.043874375e-06,214.8958125,7.55616865,-2.1645701500000003,0.00661944075,-2.4525e-05,7.498649666666667e-06,327373.89,33382.846333333335,1.2978678833333333e-05,0.0004528973333333,0.0475719256666666,3.364247266666667e-06,230.35696,5.849216433333333,-0.3617346566666666,-0.001850132,-3.145e-06,-6.312971500000001e-06,440444.25,44912.81426,6.5636301500000005e-06,0.0036580555,0.0006051585,3.78677435e-06,257.123045,9.0619932,9.6559255,-0.0002352635,7.53288575e-06
-79.93654148475927,-1.090764,-1.1126404,282.0608,284.22778,102473.69,101392.19,271.45972,271.4602,271.45972,284.12964,-1.9032555,-1.7890673,-1.1344147,-1.1563549,2.9487562,-5.2903404,0.53114206,0.18820643,0.17095971,0.07105929,0.06647676,1382.8684,0.8051257,0.9950026,1.0,1.0,0.07914126,1.2791405,1.9714484e-05,0.0001005385,2.1612349,12.002697,0.6067347,12.293499,0.00011456646,0.91159266,0.000262612,1.0,0.27290702,4317.699,56.31349,-0.0020023985,-0.0004150574,-4.7367763e-09,-3238.8906,243.12859,16695657000.0,38599897000.0,73038210.0,160222.12,0.05844411,56143370000.0,310.93774,-4390.543,2773307.0,10329.422,-0.0009642008,3800985900.0,14510038000.0,18099808.0,55786.25,0.007127434,18879998000.0,221.20685,2661395700.0,2750485200.0,2631152.0,2651716400.0,2753239000.0,506.03564,0.018000674,5.1737804,-1.000001,0.13438213,0.5051786,0.0793187,-0.07014668,-1.9699233e-05,-0.061556987,12.092115,-1.000001,-1.000001,0.00030258275,0.0058562197,0.10705215,37.69101,35.665314,18.204342,-1.000001,-1.000001,4485.957,0.0021540422,1587276.0,22892.137,-246529.19,176878.31,1788846.0,-67665.0,-239373.81,-18250.68,2065985.0,199073.12,1076528.0,1269187.0,3138949.0,984037.75,2632073.0,-753359.44,-885421.1,8792.285,0.0014009669,0.0007528844,2887.4722,-2.4583235,4707.1562,-3.2581673,-159.62094,25.92926,-5.0311766,-110.425674,-6.585492333333332e-06,0.5729087416666666,48284.192233333335,4923.617365183333,7.519274916666668e-08,4.4800665500000004e-07,93.34870166666668,1.47566059e-05,0.0001274728773333,0.0047771673333333,1.3383616571e-05,0.0001224838906666,269.0693366666667,21.923155883333333,6.363752166666667,-0.4410092051666667,-3.349566395e-05,7.460827857142855e-06,0.0631455264285714,131742.13428571427,13433.959024285714,1.8012137142857148e-07,1.6943762558285714e-06,55.709203,1.1165487814285714e-06,5.444584685714286e-05,1.208447e-07,214.98042428571424,31.58659585714286,3.797030632857143,0.0226149408571428,-4.285714285714286e-05,-1.706837e-05,233149.895,23774.6727975,6.8981683250000005e-06,5.02358845e-05,1.472029935,3.04346715e-06,215.379885,7.372439375,-1.98478625,0.00358489025,-2.2575e-05,4.4361504e-06,327404.4066666667,33385.95817,1.2971899333333332e-05,0.000451358,0.0502894283333333,3.3642936e-06,230.32891000000004,5.2377097,-0.4299813766666666,-0.0016935696666666,-4.947266666666667e-06,7.498152849999999e-06,440610.09,44929.72524,6.5915205e-06,0.003617959,0.0006246495,3.778313e-06,256.99,12.1372185,10.7764615,-0.0006365944999999,9.164517e-06
-80.91589600396014,-0.7394573,-0.6434121,282.68018,284.44946,102453.94,101373.19,271.45972,271.45996,271.45996,284.15527,-1.3238163,-1.1264877,-0.7249305,-0.6111436,4.509321,-5.290534,1.592907,0.18815458,0.17092872,0.071082294,0.06650227,1124.2678,0.8491439,0.905537,1.0,1.0,0.060031768,1.2580309,-2.108215e-06,6.273681e-05,1.6426802,11.549458,0.46118218,12.3642235,0.00053939363,0.99353474,0.00021716507,1.0,0.23775285,2709.688,45.24559,-0.00228146,-0.0004480218,2.4781697e-09,-2345.872,-706.2803,16710657000.0,38790450000.0,72821790.0,160820.12,0.059771962,56360350000.0,314.49048,-2696.8608,2778917.0,10327.555,-0.00022256999,3657857000.0,14387990000.0,18167962.0,55162.402,0.00513554,18616433000.0,222.0958,2660417500.0,2749362700.0,2630197.0,2650758000.0,2752138000.0,455.46582,0.01800036,0.5250529,-1.000001,0.13438565,0.50517166,0.09942359,-0.055420984,-1.6588892e-05,-0.040569663,10.401167,-1.000001,-1.000001,0.00030258275,0.005859509,0.1218217,37.41838,35.60388,15.78624,-1.000001,-1.000001,4650.25,0.0017498492,1216616.0,13624.008,-183561.88,82513.44,1430907.0,-60893.582,-225575.62,541.4287,1655159.0,95263.0,1081630.0,1268550.0,2659181.0,741437.1,2190320.0,-735839.4,-882843.44,115.15517,0.00052097207,0.0012287814,3559.544,-1.328558,7168.8906,-16.044495,-203.05933,93.57274,-27.13385,-180.81282,-2.2080113733333345e-06,0.5236983816666666,48256.27121666667,4920.770213833333,7.663359766666668e-08,4.1266525666666665e-07,94.675538,1.0485915766666666e-05,0.0001159651732863,0.0047902945,1.3198142749166669e-05,7.911843733333334e-05,268.95568833333334,22.151083666666665,6.505988299999999,-0.2669167613333333,-3.4845e-05,2.020952571428571e-06,0.0986388314285714,131704.19642857142,13430.090441428572,1.764812928571429e-07,1.84590359e-06,58.704619571428566,8.512541714285713e-07,6.749763897142856e-05,6.980608157142858e-08,214.9930571428572,30.887213285714285,3.7285415207142862,0.0658188551428571,-4.612857142857143e-05,-1.8389806e-05,233177.47,23777.4846675,6.91492665e-06,5.105955375e-05,1.43110954,3.0415522e-06,215.5585475,7.196803825,-1.671242625,-0.00040716625,-1.84e-05,5.484716153333333e-06,327419.1066666667,33387.45715,1.2977575333333332e-05,0.0004471033333333,0.0527257173333333,3.3635751666666664e-06,230.1949533333333,5.158945699999999,-0.4876152966666666,-0.0020467533333333,-6.5302951900000005e-06,1.6766264e-05,440740.5,44943.023355,6.603198199999999e-06,0.0035599135,0.0006340054999999,3.76998925e-06,257.168565,14.62883,9.5642262,0.00019971997,1.4993354999999998e-06
-80.82655085965786,-0.75979,-0.78294635,282.59888,283.49634,102457.06,101376.125,271.45972,271.45996,271.45947,284.07837,-1.561779,-1.3960447,-0.7241505,-0.75519836,3.1034727,-5.2903633,2.2793884,0.18812066,0.1709103,0.07111138,0.066521704,1084.5383,0.98448336,0.9543844,1.0,1.0,0.10238904,1.069108,-1.2777514e-05,9.6815376e-05,2.8689184,9.92154,0.73105586,11.097026,0.0001361297,0.99817866,0.0003340738,1.0,0.29436296,5042.59,71.598206,-0.0057625696,-0.0006729367,1.1380518e-08,-4951.8945,-1449.8347,16756826000.0,38716776000.0,72198190.0,160525.44,0.059767388,56314950000.0,307.36963,-5068.3906,2775599.0,10327.781,0.00021588014,3374278100.0,13889252000.0,17469650.0,53015.562,0.0025374503,17838480000.0,222.15498,2660624600.0,2749354500.0,2630401.0,2650968000.0,2752128300.0,544.67676,0.018001325,0.7501074,-1.000001,0.1343826,0.50517625,0.09718102,-0.06057541,-1.4318241e-05,-0.0521635,10.470403,-1.000001,-1.000001,0.00030258275,0.0058306344,0.21663481,37.289444,35.524933,16.210104,-1.000001,-1.000001,4650.375,0.0014959071,759465.2,10295.664,-163790.12,71372.94,963719.1,-63238.7,-226259.5,2620.8103,1118980.0,83135.81,1081532.0,1265555.0,1975636.0,578101.5,1574716.0,-741546.5,-880224.7,0.0,0.00048316014,0.0010128424,3586.9966,-1.8529043,7744.41,-12.565488,-176.04073,92.810135,-20.72055,-152.81929,-1.1051375e-05,0.40023515,48247.2746,4919.852814133333,7.415836e-08,4.624895083333333e-07,91.82156666666668,6.933058566666666e-06,9.282901071666666e-05,0.0047318165,1.7247957023833333e-05,8.362128166666665e-05,269.0978983333333,21.886844850000003,6.36179865,-0.4854228133333333,-2.8810735e-05,6.714043857142857e-06,0.2064647485714285,131722.83857142858,13431.991411428571,1.767489185714286e-07,1.940035177142857e-06,62.01604171428572,1.7640527e-06,7.633773444285714e-05,9.450302642857144e-08,214.96313142857144,30.507087,3.4768209142857143,0.0335341214285714,-4.547142857142857e-05,-8.902065e-06,233252.625,23785.1483425,6.9199439e-06,5.31356125e-05,1.3978554774999998,3.03969385e-06,215.6677875,7.19906435,-1.1679533,-0.0001867072499999,-1.42175e-05,9.9769512e-06,327446.23333333334,33390.223300000005,1.2973207500000002e-05,0.000442115,0.0567674806666666,3.3627057333333337e-06,229.96291,5.128195900000001,-1.2427764,-0.0006637056666666,-9.41e-06,-7.59e-06,440912.685,44960.58134,6.581326e-06,0.003637352,0.000610894,3.7666855e-06,257.99927,15.5338495,8.015993,0.0002785395,1.330179e-06
-80.02713450921792,-1.0455408,-1.2878494,282.87695,283.81934,102468.69,101387.81,271.45972,271.45947,271.45996,283.9292,-2.14289,-2.2054577,-1.0178051,-1.2539577,3.577423,-5.290621,5.3521004,0.18808413,0.17088109,0.07113135,0.066535056,1166.1421,0.9891027,0.9915306,1.0,1.0,0.15188873,1.0159826,-6.2185145e-06,7.816809e-05,4.2434254,7.8360033,0.73643136,10.463442,0.00053786114,0.9982748,0.00052760984,1.0,0.5048058,5864.9883,48.411133,-0.003270734,-0.0008916713,1.6117625e-08,-5168.1875,-1517.312,16646559000.0,38371013000.0,70042780.0,159094.88,0.05813739,55865287000.0,311.2693,-5991.6953,2734089.0,10329.148,-0.0006743176,3033034500.0,13015385000.0,16116527.0,49440.953,0.0003945839,16618934000.0,222.08337,2660937500.0,2750299600.0,2630671.0,2651259600.0,2753030400.0,722.30786,0.018000413,1.6998587,-1.000001,0.134386,0.5051708,0.104148686,-0.07717812,-1.2816105e-05,-0.07066512,10.689123,-1.000001,-1.000001,0.00030258275,0.005780928,0.19308758,38.081467,35.779037,16.448135,-1.000001,-1.000001,4650.3984,0.0017466692,289205.44,3884.772,-126622.06,24806.965,445905.88,-65545.69,-227228.12,13771.641,526019.8,28301.41,1081743.0,1261378.0,1134933.0,303464.44,846548.4,-668322.0,-877820.94,0.0,0.00039739464,0.0013492743,3592.339,-2.3894272,8494.059,-22.04338,-226.01723,162.13234,-36.140472,-203.80418,-3.094602333333333e-05,0.3551837049999999,48243.64455,4919.482651983333,7.033958133333333e-08,5.816894266666668e-07,94.07961666666668,5.271497445e-06,7.611581716666668e-05,0.0047959278333333,2.248193301233333e-05,0.0001804218333333,269.0526966666667,21.650642933333334,6.273399216666667,-0.5636327901666667,-1.6277669316666666e-05,3.613025628571428e-06,0.2491044157142857,131715.79571428572,13431.27324,1.7797197628571426e-07,1.98711907e-06,62.18391571428572,7.955187685714287e-06,7.650081318571428e-05,8.497460457142858e-07,215.05887142857145,30.424876428571427,3.326348407142857,0.1012842335714285,-4.44e-05,5.04764945e-06,233301.5925,23790.14164,6.90607375e-06,5.43620285e-05,1.31864334,3.03415185e-06,215.599425,7.209009675,-1.085495,-0.00252656825,-1.3695e-05,9.041364666666666e-06,327458.95666666667,33391.520716666666,1.29666815e-05,0.000441706,0.0580261236666666,3.3629697333333333e-06,230.0593133333333,5.502422033333333,-1.80968211,-0.0007958376666666,-1.0920000000000002e-05,-2.82e-06,440945.16,44963.89287,6.567829600000001e-06,0.003747339,0.000619793,3.76327715e-06,258.07688,15.826687,6.051635149999999,-0.0001401375,5.46328735e-06
-79.90929204280725,-0.8706828,-0.99826956,282.56665,283.6565,102409.5,101328.75,271.45972,271.45996,271.45996,283.63232,-1.6188507,-1.9182711,-0.8502963,-0.9187716,4.966263,-5.290661,2.372736,0.18804884,0.17085046,0.07114524,0.06655753,1239.7095,0.98923355,0.9948781,1.0,1.0,0.24479562,0.9262926,-1.3356898e-05,-2.5881614e-05,6.9770975,7.084735,1.1982679,10.603339,4.6126064e-05,0.99723685,0.0006339755,1.0,0.61565346,4130.1484,30.397034,-0.0051334836,-0.00076875836,1.9521948e-10,-4113.914,-1918.6831,16540239000.0,38174274000.0,72987740.0,158257.25,0.055797823,55564087000.0,311.40356,-4176.0977,2817124.0,10323.051,0.001081168,2934860800.0,13833366000.0,17434300.0,52055.59,0.00025806949,17422793000.0,254.97328,2659312600.0,2749994500.0,2628953.0,2649654300.0,2752814300.0,394.77417,0.017999038,1.6499567,-1.000001,0.13425726,0.50516945,0.11634296,-0.061535627,-1.091426e-05,-0.051199097,10.788537,-1.000001,-1.000001,0.00030114036,0.0057376325,0.16842651,38.98947,36.301544,16.155445,-1.000001,-1.000001,4504.1914,0.0030839788,23757.457,563.2119,-110316.0,4352.0117,60456.043,-65000.11,-223569.56,18915.375,76277.0,4979.164,1080552.0,1259617.0,238187.75,69838.06,160131.81,-623264.8,-876861.06,0.0,0.0012984488,0.0017855777,3589.1724,-3.6441784,9450.859,-41.26071,-270.1582,239.60768,-56.173767,-246.40211,-1.5578954333333329e-06,0.56643555,48203.90688333334,4915.430537583333,7.138274183333335e-08,5.803199011666666e-07,98.52615566666668,3.332340095e-05,7.494321583333333e-05,0.0049273925,2.731059019133333e-05,0.0002700726666666,268.8873766666666,23.0284391,6.7384034,-0.5723489193333333,-1.2363092333333337e-05,-2.067508157142857e-05,0.1435252952857142,131662.85714285713,13425.87500857143,1.8072329657142858e-07,2.024884116857143e-06,56.81788142857143,1.7845533285714289e-06,7.443799532857143e-05,2.077379478571429e-07,215.25421285714285,30.249703714285715,3.0659373142857143,0.1915961071428571,-4.532285714285714e-05,5.925648600000001e-06,233267.3775,23786.65268,6.8288134e-06,5.405472175e-05,1.2851250374999998,3.02783205e-06,215.3422125,6.76395805,-1.010466325,0.0007672824999999,-1.9345e-05,4.441600666666667e-06,327296.4166666667,33374.94625666667,1.2937935666666666e-05,0.0004497146666666,0.0614421993333333,3.364118133333333e-06,229.8514266666667,4.565157233333333,-1.343819706666667,0.0013920789999999,-1.068e-05,-9.14e-06,440642.28,44933.007705,6.61593215e-06,0.003748541,0.000615308,3.76248905e-06,258.0298,17.414398499999997,3.2457729000000004,4.2623000000000015e-05,6.16095275e-06
-80.54512566563564,-1.1445312,-0.7131112,282.45972,283.66748,102546.69,101464.625,271.45996,271.45972,271.45996,283.67163,-2.275117,-1.4793844,-1.0504456,-0.71178883,4.2322397,-5.290593,2.8566332,0.18801838,0.17081511,0.071165144,0.06657082,1066.4924,0.8192766,0.99988425,1.0,1.0,0.071273565,1.2036781,8.555804e-06,4.799031e-05,2.0163841,11.757413,0.3510267,11.212611,6.303609e-05,0.9983467,0.00064641493,1.0,0.5398714,2995.644,90.550766,-0.0068100058,-0.00036885636,4.36422e-10,-2966.0103,-931.65845,16737519000.0,39169626000.0,73526700.0,161924.56,0.057843376,56774033000.0,317.59668,-3069.5203,2782674.0,10336.789,0.0024189479,2636784400.0,11731797000.0,14713657.0,44509.418,-0.0012376257,14891941000.0,203.58264,2662533600.0,2751309600.0,2632317.0,2652868600.0,2754078500.0,565.20996,0.017999988,5.949341,-1.000001,0.13426536,0.50517,0.113282144,-0.06221789,-1.02761405e-05,-0.040193908,11.088712,-1.000001,-1.000001,0.00030114036,0.0057440847,0.1415413,37.78064,35.538483,16.515743,-1.000001,-1.000001,4543.1094,0.0046102107,0.0,0.0,-111653.69,3.5999988e-12,0.0,-63688.062,-220479.62,24518.582,0.0,0.0,1078818.0,1257352.0,0.0,0.0,0.0,-639172.4,-876550.4,0.0,0.0024094204,0.0022005544,3591.1428,-3.3259668,9607.9375,-56.10051,-299.34692,270.34302,-61.16693,-272.8423,2.8228912716666665e-05,0.5333136116666667,48298.0774,4925.033258133333,7.768443249999999e-08,5.804604599999999e-07,94.155511,1.2628932166666666e-05,0.0001291542525,0.0047912033333333,2.479914851e-05,0.0001314828083333,268.8857033333333,23.07252505,5.367826166666667,-0.4470121223333334,-1.4162454666666667e-05,-1.7137521214285713e-05,0.0886119971428571,131767.31214285715,13436.526452857142,1.827163e-07,2.18446111e-06,54.15892657142857,9.127118328571428e-07,7.228794845714286e-05,4.426875285714287e-08,215.30129,30.265871428571423,3.3237037742857143,0.1166137231428571,-4.252285714285714e-05,1.5971150000000003e-06,233363.655,23796.4702525,6.804745975e-06,5.278944075e-05,1.2442731075000002,3.02222905e-06,215.2162775,7.16758265,-0.8756199,-0.0001397815,-1.861e-05,-8.462234266666666e-06,327339.23,33379.31199666666,1.2940384499999998e-05,0.0004641946666666,0.0562400383333333,3.367260433333333e-06,230.67258,4.4859982,-1.9284229333333327,0.0030412503333333,-8.960348666666667e-06,-2.610540000000008e-07,440799.72,44949.062115,6.5758575e-06,0.003763904,0.0006396685,3.76474875e-06,258.051775,16.8188145,1.3625750500000002,0.000442129,6.5160805e-06
-80.22293036576811,-1.1266165,-0.7096534,282.82397,283.68677,102582.44,101499.19,271.45996,271.45996,271.4602,283.49097,-2.3013964,-1.3314066,-1.0607471,-0.72460437,3.979992,-5.290636,3.5333729,0.18797696,0.17078453,0.07118815,0.06659329,983.2671,0.788445,0.9980755,1.0,1.0,0.046942394,1.1971798,1.09954435e-05,-9.5098134e-05,1.2805376,11.112988,0.17961812,9.051118,5.0550298e-05,0.9990674,0.00052011944,1.0,0.3589694,1611.2437,72.52455,-0.0073788986,-0.0005279104,2.9752887e-09,-2641.9707,-2279.0906,16416287000.0,38471586000.0,67629550.0,159159.94,0.054249138,55683630000.0,291.67822,-1643.3428,2595013.0,10340.383,-5.5868106e-05,2223300600.0,9369850000.0,10769767.0,35957.086,-0.0032586749,11984137000.0,152.58572,2662746000.0,2749348400.0,2632711.0,2653062400.0,2751941400.0,533.9524,0.017999586,6.5995245,-1.000001,0.13426,0.50516844,0.09690398,-0.062493414,-1.06069865e-05,-0.04598954,11.425948,-1.000001,-1.000001,0.00030114036,0.005730044,0.2700876,36.43785,34.674454,16.838236,-1.000001,-1.000001,4545.4336,0.0024422957,0.0,0.0,-104409.56,3.5999988e-12,0.0,-61594.297,-218475.75,21778.582,0.0,0.0,1077583.0,1258412.0,0.0,0.0,0.0,-702231.1,-877200.7,0.0,0.00032257545,0.0021194343,3594.416,-2.8652668,8137.207,-52.411087,-271.96265,239.13649,-53.09877,-240.97037,2.5646095666666668e-05,0.4099051033333333,48305.436316666666,4925.783658916666,8.344528583333333e-08,5.125255e-07,89.3821215,1.25510604e-05,0.0001184222876,0.004557479,1.7619051317833333e-05,4.94692555e-05,268.8096533333333,21.873662616666667,3.8161944,-0.3412719973333333,-2.254564933333333e-05,-1.787e-05,0.0082583405714285,131781.68714285715,13437.992295714286,1.824240837142857e-07,2.263673543857143e-06,49.01785228571429,3.405889571428572e-08,6.476112822857142e-05,0.0,215.31822285714287,29.894952,4.055074142857142,0.1038149105714285,-4.339428571428572e-05,-1.039203425e-05,233316.6425,23791.6763075,6.819317275e-06,5.19693425e-05,1.2001006325,3.01919225e-06,215.361605,7.12963535,-0.80510748725,0.006248751,-1.62275e-05,-4.130436833333333e-06,327337.94,33379.18045,1.2951067333333332e-05,0.0004727333333333,0.0524972563333333,3.368463366666667e-06,230.96165,3.4509420666666664,-2.328234893333333,0.00176021,-6.0332863333333335e-06,7.2568435e-06,440968.22,44966.244335,6.50537e-06,0.003684316,0.000598514,3.76564825e-06,258.23307,14.610698,0.0728539999999999,0.000640799,3.758631999999999e-06
-81.29803435153957,-1.2169714,-1.0488443,282.56738,283.70752,102543.56,101460.44,271.45947,271.4602,271.45972,283.385,-2.4280396,-1.8759127,-1.159399,-1.0123091,3.7327175,-5.2906857,4.0177174,0.18794477,0.17076749,0.07121742,0.06660664,1011.98926,0.58292645,0.99525434,1.0,1.0,0.041248195,1.186696,-1.0541849e-05,5.9769634e-05,1.0983057,11.102383,0.13823646,8.28445,0.00013101945,0.9942888,0.00040559773,1.0,0.18533164,290.1892,35.355804,-0.005071774,-0.00042307447,7.385006e-10,-1775.404,-2623.4211,16361669000.0,38631670000.0,65609144.0,159757.19,0.053111754,55817420000.0,303.17358,-344.85498,2530819.0,10336.336,-0.0002803288,2158078700.0,8607558000.0,10048989.0,33342.414,-0.0036589624,11117661000.0,135.51372,2662242800.0,2749873000.0,2632116.0,2652548000.0,2752416000.0,565.49097,0.018000782,4.2746344,-1.000001,0.13426054,0.50516933,0.08956581,-0.072355986,-1.10057235e-05,-0.06245485,11.866228,-1.000001,-1.000001,0.00030114036,0.0057280026,0.32863367,36.662155,35.094482,17.743336,-1.000001,-1.000001,4546.586,0.0020942672,0.0,0.0,-94160.25,3.5999988e-12,0.0,-62027.27,-219524.44,18396.766,0.0,0.0,1076780.0,1257829.0,0.0,0.0,0.0,-762587.5,-878166.44,0.0,0.00022586116,0.001867929,3593.6045,-2.7281103,6871.078,-24.48732,-200.70451,144.18683,-43.595276,-211.0762,1.3804424616666667e-05,0.4666796583333333,48304.56271666667,4925.694576466666,8.385301416666666e-08,3.645655800000001e-07,92.18478333333331,1.2403708166666666e-05,0.0001134376553033,0.0046146808333333,9.200071953666666e-06,5.06209015e-05,268.703855,21.144502766666665,3.08329295,-0.1173684964999999,-3.927611666666666e-05,-1.770142857142857e-05,0.0,131761.04499999998,13435.887381428573,1.814095442857143e-07,2.2522332114285712e-06,43.07049528571429,0.0,5.567568739999999e-05,0.0,215.3478,30.12980428571429,4.318022042857143,0.1040265858571428,-4.159714285714286e-05,-1.7893764e-05,233316.94,23791.70665,6.83263005e-06,5.124116475e-05,1.152236115,3.015449475e-06,215.5266125,7.37472525,-0.47490913625,-0.00140358475,-1.093e-05,-5.631377666666668e-06,327327.4766666666,33378.11349,1.2955102666666667e-05,0.0004741586666666,0.049813401,3.3689733333333337e-06,231.17597333333333,3.1771069,-2.0132197,0.0015305763333333,-4.2871526e-06,-9.544213e-06,441012.63,44970.772895,6.428577e-06,0.0036650125,0.000514101,3.76574825e-06,258.67871,11.9204975,-1.36996,0.000740139,3.4294570000000007e-06
-82.17930431215531,-0.7317758,-1.2711067,282.52002,283.54028,102563.0,101479.25,271.45972,271.45996,271.45996,283.39722,-1.7060251,-2.3697672,-0.707678,-1.2100191,4.4417915,-5.290657,3.382535,0.18789601,0.17073822,0.071232736,0.06662911,1025.6418,0.74618137,0.9950026,1.0,1.0,0.05799359,1.1780071,-9.367298e-06,3.6104311e-06,1.5596905,13.2404585,0.20190054,6.6704464,7.8044206e-05,0.9879182,0.00045045186,1.0,0.3270682,2103.5115,40.22882,-0.0034287176,-0.00043106102,1.0215217e-08,-2244.4539,-1175.9028,16376842000.0,39132885000.0,64905756.0,161588.69,0.0526217,56367784000.0,316.58374,-2135.8062,2498738.0,10338.371,2.2264823e-05,2422208800.0,8804240000.0,10843853.0,34410.473,-0.0018984093,11556932000.0,127.56024,2662669000.0,2750594800.0,2632538.0,2653007600.0,2753112600.0,602.12866,0.018000968,3.549922,-1.000001,0.1342569,0.5051712,0.08706319,-0.046840068,-1.01204905e-05,-0.057966046,11.778666,-1.000001,-1.000001,0.00030114036,0.005702097,0.2546869,36.9601,35.200607,17.399452,-1.000001,-1.000001,4509.6406,0.002425789,0.0,0.0,-90578.19,3.5999988e-12,0.0,-61924.75,-220199.06,17448.812,0.0,0.0,1077078.0,1257334.0,0.0,0.0,0.0,-778039.3,-880029.8,0.0,0.0008780665,0.0015481033,3569.8206,-2.4065514,6358.824,-19.853195,-170.66347,130.83583,-45.699265,-205.66232,1.2648540866666668e-05,0.4895843866666666,48326.2408,4927.90512545,7.977290833333333e-08,3.745061683333333e-07,93.024531,1.2532776316666666e-05,0.0001223443716666,0.0046184306666666,1.3031017120333332e-05,6.404994616666667e-05,268.64884666666666,20.6102317,3.4212021666666668,-0.2934455795,-4.1511886666666666e-05,-9.296704857142856e-06,0.0,131756.60857142857,13435.434992857145,1.8095824571428575e-07,2.232936795714285e-06,40.66169314285714,0.0,5.141289674285714e-05,0.0,215.37140142857143,30.15536285714285,4.3203121242857145,0.0658734267142857,-4.42015919e-05,-1.7842487200000002e-05,233320.045,23792.0232675,6.783549225e-06,5.07361405e-05,1.2016364175,3.0117201e-06,215.38648,8.070886999999999,-0.8912599499999998,-0.00919708825,-8.905e-06,6.322665e-06,327275.6066666667,33372.82422333333,1.2942939666666667e-05,0.000474714,0.0509600686666666,3.3686468e-06,231.0670133333333,2.4277735000000003,-0.675769,-0.0008854323333333,-4.150172833333333e-06,-1.0806628999999998e-05,440998.94,44969.376905,6.4050783e-06,0.003717192,0.0005291765,3.7643935e-06,258.094235,10.2497225,-0.72775547,-0.000980877,7.8227285e-06
-82.79383621035186,-0.5896707,-1.2368517,282.17944,283.34302,102545.25,101462.31,271.45996,271.45996,271.45972,283.43018,-1.4839563,-2.4385653,-0.5744008,-1.1699858,3.9834576,-5.29058,3.6003017,0.18786687,0.17071372,0.07125127,0.06664246,1126.6345,0.7563021,0.9965712,1.0,1.0,0.03903707,1.1690693,-5.7397365e-06,2.1919244e-05,1.0170021,8.858588,0.18880415,6.5991955,0.00017340542,0.97053266,0.00029057404,1.0,0.14937848,1585.2542,38.68776,-0.005425688,-0.00030834856,2.8383296e-09,-2770.8909,-1969.221,16519090000.0,39779010000.0,65703190.0,164153.06,0.05200803,57199854000.0,334.2771,-1592.1292,2504322.0,10336.605,-0.0008128057,2419438000.0,8507297300.0,10961948.0,33438.188,-0.0020742526,11229790000.0,117.48457,2662122500.0,2750807600.0,2631906.0,2652455000.0,2753313300.0,612.3218,0.017999496,3.1753979,-1.000001,0.1342569,0.50517035,0.09312892,-0.040818643,-9.71713e-06,-0.054940477,11.99488,-1.000001,-1.000001,0.00030114036,0.0056804903,0.17640811,37.048233,35.50287,17.745005,-1.000001,-1.000001,4510.6406,0.0016237893,0.0,0.0,-90000.75,3.5999988e-12,0.0,-60249.324,-220355.94,16715.277,0.0,0.0,1077915.0,1258854.0,0.0,0.0,0.0,-767566.0,-880981.1,0.0,0.00033793133,0.0012846659,3528.1047,-1.8113565,5819.3516,-17.02089,-147.72243,148.88184,-52.494507,-203.21718,9.890807733333334e-06,0.4820329583333334,48323.08728333333,4927.583556283334,7.870279266666666e-08,3.64473455e-07,94.76634483333332,1.0366883383333336e-05,6.48811455e-05,0.0046728386666666,7.018434071e-06,6.133458033333333e-05,268.58732333333336,20.3690352,3.139150933333333,-0.1126758573333333,-4.265871e-05,-9.054745714285716e-07,0.0008930478571428,131731.95642857143,13432.921172857144,1.771852485714286e-07,2.1901663771428573e-06,40.75513414285714,0.0,5.27466158e-05,0.0,215.32700142857144,30.511893285714287,4.170455,-0.003301534,-4.3610797542857146e-05,-8.744677e-06,233281.94,23788.13764,6.731848825e-06,5.123055175e-05,1.31394091,3.01058985e-06,215.0551525,8.35762275,-1.77040435,-0.01129848725,-6.5491065e-06,-3.926557e-06,327222.20666666667,33367.37894,1.2915185e-05,0.0004879523333333,0.048902658,3.3708199e-06,231.8567,2.83305532,-0.6033577533333332,0.0025919483333333,-2.9602593333333338e-06,3.6895275e-06,440820.43,44951.17395,6.46967735e-06,0.003767413,0.000626767,3.7623522e-06,256.789185,8.86510525,-1.902966,-0.0003875879999999,8.830801500000001e-06
-82.66834852601055,-0.4714114,-1.3342237,282.00928,283.37036,102504.625,101422.06,271.45996,271.45996,271.45972,283.41113,-1.2743149,-2.589408,-0.46298146,-1.2595978,4.5528355,-5.2905874,3.979907,0.18782723,0.17068136,0.07127595,0.066661894,1016.4712,0.71543616,1.0,1.0,1.0,0.04141744,1.0833855,-3.3842525e-06,-5.781149e-07,1.0826654,8.221367,0.18083167,5.9978666,0.00010665135,0.9666397,0.00025032787,1.0,0.09033394,2910.182,56.773346,-0.005491618,-0.0003446357,-8.6373175e-10,-3822.7175,-1802.4573,16640536000.0,39699915000.0,65880440.0,164192.81,0.05266334,57216844000.0,323.28198,-3010.736,2486175.0,10332.445,-0.0008846489,2465400000.0,8509123600.0,10981228.0,33513.188,-0.0011662806,11263360000.0,111.51564,2661079600.0,2749409500.0,2630876.0,2651405800.0,2751888600.0,576.7031,0.017998874,0.9008477,-1.000001,0.1342569,0.5051692,0.09788263,-0.03640847,-9.732397e-06,-0.056331124,12.050745,-1.000001,-1.000001,0.00030114036,0.005676616,0.15851033,36.66948,35.367905,17.804394,-1.000001,-1.000001,4514.5273,0.0016653996,0.0,0.0,-89730.375,3.5999988e-12,0.0,-60633.746,-219224.0,17264.895,0.0,0.0,1079186.0,1258998.0,0.0,0.0,0.0,-736914.6,-881817.75,0.0,0.00054138224,0.0011240649,3498.6465,-1.6943827,5430.539,-19.702835,-152.09213,140.31752,-51.99858,-198.33748,6.0040594e-06,0.3086182916666666,48311.51461666666,4926.403472966666,8.014661599999999e-08,3.368007633333333e-07,91.99587083333334,9.59206545e-06,4.984964106833333e-05,0.0045794781666666,5.890108382283334e-06,2.679408733333333e-05,268.68627833333335,19.65992603333333,2.7816659500000003,-0.3309720133333333,-4.485779033333334e-05,2.282431857142857e-06,0.001786067,131696.66857142857,13429.322815714286,1.7465866571428576e-07,2.0644868214285714e-06,36.01268842857143,0.0,4.2724695828571424e-05,0.0,215.2675871428572,31.372347,3.949711871428572,-0.0280581829999999,-4.284571428571429e-05,1.09730615e-05,233202.4675,23780.0337025,6.6920318e-06,5.111628825e-05,1.4691431325,3.011125275e-06,214.6410125,8.05631685,-2.12191085,-0.0074356914999999,-7.3275e-06,2.1784553333333334e-06,327203.96,33365.5183,1.2934436666666667e-05,0.000480783,0.0459238266666666,3.369181e-06,231.75219666666663,4.085655233333333,0.4144216466666666,-0.0002111763333333,-2.9178712e-06,1.22469225e-06,440480.75,44916.53623,6.4889532e-06,0.0038318479999999,0.000694301,3.76330435e-06,256.196535,7.5677177,0.3258390499999999,5.861250000000005e-05,8.73353415e-06
-82.32592534183892,-0.4004777,-1.428729,282.12085,283.21216,102481.56,101399.56,271.4602,271.45972,271.4602,283.3496,-1.2568321,-2.7583237,-0.3949917,-1.3423243,4.5830545,-5.290756,4.292427,0.18779194,0.17064774,0.071294546,0.066675246,1062.2766,0.6936452,0.9993605,1.0,1.0,0.059508532,1.2190886,2.0038333e-06,-0.0001297808,1.5329266,7.4731865,0.27642566,6.075515,0.00016773996,0.96009266,0.00026704837,1.0,0.07201117,2269.715,38.79123,-0.0030679447,-0.00033878256,-2.4814417e-10,-2791.8213,-1362.0745,16778640000.0,39692390000.0,66522470.0,164533.62,0.05398393,57345550000.0,322.50195,-2314.4917,2482279.0,10330.195,-0.0006351948,2528981800.0,8721116000.0,11327803.0,34371.445,-0.0012644585,11543167000.0,112.54146,2660425200.0,2749662200.0,2630166.0,2650760400.0,2752143600.0,531.07275,0.018000346,0.6504676,-1.000001,0.1342569,0.5051678,0.09721917,-0.031826217,-1.0016226e-05,-0.056556214,12.1111965,-1.000001,-1.000001,0.00030114036,0.0056854375,0.13207543,37.19034,35.729355,17.941795,-1.000001,-1.000001,4511.867,0.0014264763,0.0,0.0,-95428.81,3.5999988e-12,0.0,-58544.973,-219089.56,19657.77,0.0,0.0,1079073.0,1258413.0,0.0,0.0,0.0,-756384.7,-882855.75,0.0,0.0005773308,0.0008492407,3472.1433,-1.665576,5038.5195,-15.103774,-123.903854,169.0138,-64.477615,-216.27655,6.0989510000000005e-06,0.3442781183333332,48309.41028333333,4926.188890366667,8.175697083333333e-08,2.7067606833333337e-07,92.798585,1.3017485958333332e-05,6.062475085e-05,0.004593898,4.2247368822833335e-06,3.284757983333333e-05,268.59868,18.86719953333333,2.69429115,-0.3407336883333333,-5.1941786705e-05,2.0344677285714288e-06,0.0029021677142857,131651.51714285713,13424.71864857143,1.7048752714285713e-07,1.8732034028571429e-06,32.90232414285714,5.4507342857142864e-08,3.297145775714286e-05,0.0,215.15783142857143,32.39816471428571,4.051327885714286,0.0294767004285714,-4.3657142857142855e-05,1.8261614175e-05,233174.765,23777.208835,6.690545975e-06,5.01096505e-05,1.5340384500000002,3.0095088500000003e-06,214.3825325,8.0083871,-2.6641199175,-0.0063365455,-1.134e-05,5.426387133333334e-06,327134.2266666666,33358.40747333333,1.2943712833333332e-05,0.0004763123333333,0.0474126216666666,3.367943433333333e-06,231.2671533333333,4.359650046666666,0.8734947933333332,-0.0009659806666666,-2.9133070000000005e-06,-7.91e-06,440353.34,44903.54402,6.470296e-06,0.003890879,0.000715678,3.7654618e-06,255.81572,8.3340458,2.72110375,-0.0005893635,1.43986945e-05
-82.50323191650908,-0.26664376,-1.5233421,282.06372,283.19116,102459.0,101377.44,271.45996,271.45996,271.4602,283.24414,-0.94301623,-2.9823399,-0.2747631,-1.4073458,4.4694195,-5.290859,5.486004,0.1877523,0.17061543,0.07131922,0.06669468,1082.6843,0.4638152,0.9993605,1.0,1.0,0.04426132,1.3987007,1.8474811e-06,-4.06739e-05,1.1432943,13.4854355,0.24292177,7.5309477,0.00015583882,0.9646851,0.0003516106,1.0,0.16996866,2215.673,19.985977,-0.0053725652,-0.0003287734,-4.9072324e-10,-3385.8838,-1847.9609,17032385000.0,40366210000.0,69204080.0,167328.81,0.05517524,58284300000.0,326.84106,-2286.0037,2535404.0,10327.93,-0.0005739322,2563663600.0,9385672000.0,11907763.0,36602.93,-0.00090267137,12287935000.0,130.99916,2660127500.0,2749810700.0,2629801.0,2650463000.0,2752350500.0,495.34375,0.017999992,0.15006447,-1.000001,0.1342569,0.5051659,0.097447395,-0.029079512,-1.0739008e-05,-0.064266324,12.579455,-1.000001,-1.000001,0.00030114036,0.0056906193,0.20700246,37.675766,35.910095,18.327892,-1.000001,-1.000001,4512.8164,0.0016388467,0.0,0.0,-93436.81,3.5999988e-12,0.0,-56209.586,-217313.56,18345.438,0.0,0.0,1079980.0,1259727.0,0.0,0.0,0.0,-723492.44,-881376.44,0.0,0.0005771364,0.0010618053,3459.7412,-2.0515165,4594.8086,-9.134227,-103.10568,177.19025,-69.00618,-201.44252,1.429509325e-05,0.476310095,48308.13515,4926.0588632,8.487339066666667e-08,2.3562998500000002e-07,92.57277583333332,9.9596055e-06,0.0001267122237566,0.0046024795,7.778244309333334e-06,4.632849416666667e-05,268.5639233333333,18.761297616666667,3.9119309,-0.2729847716666666,-5.691547475e-05,6.077876457142857e-06,0.0149557764285714,131626.35714285713,13422.153042857142,1.6822066142857148e-07,1.8426845671428567e-06,30.164771,1.3078665714285715e-06,2.7383295057142857e-05,1.634905142857143e-07,215.11871285714284,33.12183557142857,3.9643072857142863,0.0427667182857142,-4.135714285714285e-05,1.7065257250000002e-05,233153.53,23775.043465,6.65847855e-06,4.817741875e-05,1.578361525,3.005679e-06,213.8257825,7.9487222,-2.405657225,-0.007260215,-1.55425e-05,-7.463724666666666e-06,327055.79,33350.40916333334,1.2928986e-05,0.0004863996666666,0.0458677993333333,3.369407466666667e-06,231.76170666666667,4.97340678,0.8744925333333334,0.002162643,-2.369749133333333e-06,1.49421535e-05,439968.69,44864.32064,6.56892725e-06,0.0038945415,0.0008713075,3.76057675e-06,254.046645,8.45624115,2.7173915,-0.000629818,1.3793638e-05
-83.05246096632698,-0.11997968,-1.4072189,282.09375,283.14307,102441.0,101359.25,271.45996,271.45996,271.4602,283.26123,-0.618599,-2.907796,-0.14869666,-1.2820883,4.3339443,-5.290906,4.9740744,0.18771839,0.17059839,0.07133782,0.06671405,937.5366,0.48171532,1.0,1.0,1.0,0.049907897,1.4565353,-6.1484496e-07,-0.00010039391,1.3574839,15.776919,0.27742887,8.314425,0.00016076733,0.96909964,0.00032896316,1.0,0.2652971,3044.6826,16.952469,-0.0052954555,-0.0005089408,-1.5621754e-10,-3564.4148,-1652.1948,17339357000.0,41435415000.0,72978900.0,171528.38,0.05632985,59699057000.0,339.98975,-3121.7695,2619122.0,10326.09,-0.00038660155,2345747200.0,9253828000.0,11542445.0,35700.215,-0.0010052628,11963608000.0,140.92023,2659219000.0,2748441000.0,2628959.0,2649566000.0,2751067000.0,456.9077,0.018001076,0.07496697,-1.000001,0.1342569,0.5051662,0.10170549,-0.01997723,-1.0002329e-05,-0.053934243,12.162962,-1.000001,-1.000001,0.00030114036,0.0056868494,0.2605229,37.662506,35.723038,18.05487,-1.000001,-1.000001,4512.742,0.0013903393,0.0,0.0,-90688.25,3.5999988e-12,0.0,-53647.875,-214138.44,22489.883,0.0,0.0,1080637.0,1256987.0,0.0,0.0,0.0,-748113.7,-887319.9,0.0,0.00048786728,0.00090271025,3440.943,-1.3194847,4087.551,-2.613636,-86.27141,237.17458,-89.009796,-222.57788,1.5382001000000002e-05,0.4661459324999999,48283.92803333333,4923.59042405,8.358079166666667e-08,3.709397416666666e-07,92.2239435,8.187483699999999e-06,0.00013878408366,0.0046168568333333,1.3563085151166668e-05,4.94045135e-05,268.59847833333333,19.340714941666665,4.625826033333333,-0.335762495,-4.078855166666666e-05,5.755159999999999e-06,0.0473219999999999,131592.7507142857,13418.726138571428,1.7002623285714285e-07,1.9668430914285712e-06,31.456177,4.890984142857143e-06,3.26852795e-05,6.641496342857142e-07,215.12051,33.516867285714284,3.792117042857143,0.0204157961428571,-3.677714285714286e-05,1.255775275e-05,233065.34,23766.0505925,6.6596215e-06,4.653805e-05,1.64614359,3.007060775e-06,213.712475,7.1253543,-2.14119736,-0.00206561375,-2.1125e-05,-4.962961333333334e-06,327117.62666666665,33356.714746666665,1.2955434333333332e-05,0.0004788609999999,0.0452513923333333,3.3674302333333333e-06,231.53536666666665,7.1388457333333335,0.3112452,-0.0023050303333333,-1.0528223333333332e-06,3.1836849999999982e-06,439676.31,44834.506175,6.5441465e-06,0.0040750035,0.0009039295,3.76430215e-06,254.612555,9.56006625,2.246665,0.0008503505,8.614506500000001e-06
-83.26312835962935,-0.094429016,-1.6030483,282.2837,283.30225,102431.125,101349.69,271.45972,271.45996,271.4602,283.19604,-0.44661885,-3.1969004,-0.12124038,-1.4656105,4.285447,-5.2908945,6.476182,0.18767875,0.17056912,0.071359456,0.06673348,1023.32886,0.75487447,1.0,1.0,1.0,0.066652715,1.2317877,-5.687757e-06,-7.0361086e-05,1.7721539,12.946567,0.36515814,6.491041,0.00013920742,0.9612854,0.00028199283,1.0,0.2935586,2984.6921,19.753815,-0.007590063,-0.00059912354,-1.6049893e-09,-4081.8809,-2597.955,17574683000.0,42706416000.0,75756720.0,176275.88,0.057946153,61288180000.0,373.26392,-3056.879,2679369.0,10325.184,0.00033593783,1957306600.0,8310502400.0,10322990.0,31719.586,-0.0024913354,10611538000.0,134.11674,2658567700.0,2748382000.0,2628269.0,2648906200.0,2751085300.0,423.19043,0.018000618,0.30002147,-1.000001,0.1342569,0.50516486,0.10971588,-0.01796348,-1.0746537e-05,-0.06794655,12.048696,-1.000001,-1.000001,0.00030114036,0.0056884475,0.20594656,37.796967,35.96106,17.774813,-1.000001,-1.000001,4511.8438,0.0016786789,0.0,0.0,-92194.81,3.5999988e-12,0.0,-53530.92,-213259.0,22451.84,0.0,0.0,1080511.0,1256697.0,0.0,0.0,0.0,-731376.3,-887671.6,0.0,0.0005713082,0.0011076559,3476.9753,-1.9128838,3847.069,11.416178,-57.412125,331.22192,-118.18236,-222.739,2.103805052333333e-05,0.5296917316666666,48270.759283333326,4922.247585383334,7.994523833333332e-08,3.762610166666667e-07,94.33506016666666,1.1568123016666666e-05,0.0001118864382863,0.0046609693333333,1.3863886809333331e-05,7.337727666666667e-05,268.56685166666665,20.049954,4.6547265,-0.3493962666666667,-4.1792419e-05,-7.784374328571435e-07,0.0482139928571428,131565.93714285715,13415.991918571428,1.720564385714286e-07,2.2260415485714286e-06,31.12243642857143,1.9889015285714285e-06,3.377616511428571e-05,2.979861757142857e-07,215.1958957142857,34.07312028571429,2.532452901428571,0.0128983191428571,-3.325714285714285e-05,1.00643785e-05,233044.89,23763.9652675,6.7062565e-06,4.585790425e-05,1.619589725,3.007762675e-06,213.9700375,7.26654695,-2.369933685,0.00060149225,-2.54e-05,1.0773877333333334e-05,327008.73333333334,33345.61071666667,1.2980806666666664e-05,0.0004671376666666,0.0524403486666666,3.3643567e-06,230.3086033333333,6.736987433333333,-0.3308761866666667,-0.0012384646666666,-1.6533725000000007e-06,8.492537999999998e-06,439533.93,44819.98746,6.503227499999999e-06,0.00396388,0.0008173225,3.76204795e-06,254.46266000000003,11.866141,3.1561890000000004,-9.806200000000002e-05,6.438926999999999e-06
-82.567972221081,-0.048866637,-1.6501484,282.28955,283.30957,102464.31,101382.94,271.45996,271.45996,271.45996,283.1892,-0.32310206,-3.4164581,-0.08262032,-1.4974842,3.9349308,-5.290905,6.5115404,0.18763739,0.1705355,0.07138109,0.06674987,1005.1079,0.818189,1.0,1.0,1.0,0.07170761,1.2828283,-5.2521427e-06,-0.00011898164,1.9383631,13.595847,0.3341602,5.7385235,9.852326e-05,0.96417725,0.00039388845,1.0,0.41878766,3046.7258,33.697556,-0.007274594,-0.00043323333,6.957619e-10,-3853.5916,-1850.6106,17601528000.0,43130390000.0,75977350.0,177823.56,0.05765766,61765820000.0,383.13892,-3115.1516,2666268.0,10328.445,3.8786777e-05,1479395700.0,6576271400.0,8269389.0,24874.902,-0.0038763671,8340540000.0,110.4962,2658774300.0,2748217600.0,2628520.0,2649114600.0,2750885400.0,387.4397,0.017999746,0.19997847,-1.000001,0.1342569,0.50516534,0.10854268,-0.015307546,-1.02441945e-05,-0.06813121,11.712828,-1.000001,-1.000001,0.00030114036,0.0056878515,0.17719913,37.894913,35.806213,17.456385,-1.000001,-1.000001,4510.1406,0.0017374426,0.0,0.0,-94926.44,3.5999988e-12,0.0,-52758.617,-213808.88,25119.793,0.0,0.0,1080933.0,1256938.0,0.0,0.0,0.0,-738251.94,-884334.94,0.0,0.00043015252,0.0013072421,3469.034,-1.7588091,3734.5264,20.982513,-45.606094,511.85254,-163.34863,-248.33015,2.281499276e-05,0.5497492716666667,48271.2436,4922.296971966666,7.644355233333333e-08,4.103595983333334e-07,95.80782933333334,1.1259820333333331e-05,0.00011248112,0.0046783845,1.7710193904333333e-05,9.588202483333332e-05,268.5804033333333,20.2367937,4.321760483333333,-0.343916535,-3.883899916666666e-05,-9.662454999999998e-07,0.0843751428571428,131554.76857142858,13414.85304,1.7132815142857146e-07,2.2244439042857142e-06,39.354823571428575,2.356769914285714e-06,4.861335971428572e-05,2.690438611428572e-07,215.1926342857143,34.33421142857143,1.0428818542857143,0.019368852,-3.9671428571428576e-05,1.6502739e-05,233083.0325,23767.85472,6.74104365e-06,4.530693625e-05,1.5920715925,3.00624535e-06,214.01433,7.54407775,-2.273013275,-0.0025935529999999,-2.785e-05,-2.4175643333333334e-06,326959.06,33340.54544666666,1.2953951666666666e-05,0.0004769066666666,0.053594634,3.3670154666666663e-06,230.97251,5.916461633333333,-1.1472937333333333,0.0016420236666666,-2.873970666666667e-06,-5.218474999999989e-07,439456.28,44812.06936,6.546506949999999e-06,0.003968899,0.001000486,3.7645144e-06,254.67073,10.7829045,4.66273648,0.0004412039999999,4.0418705e-06
-81.90343119495687,0.006411176,-1.6507206,282.32568,283.46387,102432.56,101352.625,271.45972,271.45996,271.45947,283.2234,-0.20030832,-3.57687,-0.03737735,-1.4714222,3.4325619,-5.2907887,6.30235,0.18760693,0.17051238,0.07140577,0.0667693,989.4697,0.95978916,1.0,1.0,1.0,0.19519204,1.2690134,1.9137951e-05,8.1606995e-05,4.669368,12.123749,0.8842425,5.284849,9.571506e-05,0.9420991,0.0002447567,1.0,0.18858397,2288.0872,21.27333,-0.010908805,-0.00030429265,-4.6939483e-09,-4863.75,-3285.4111,17079717000.0,42142730000.0,70738630.0,173449.12,0.055765606,60259746000.0,386.47754,-2320.511,2537558.0,10325.379,-0.0004899835,1507364500.0,5877659000.0,7917197.0,22709.781,-0.005469423,7614961700.0,88.53946,2658965000.0,2749076700.0,2628620.0,2649288000.0,2751616000.0,318.37646,0.017999534,1.2248049,-1.000001,0.13413274,0.5051653,0.09529889,-0.013648532,-9.255794e-06,-0.06991047,11.519183,-1.000001,-1.000001,0.00029972754,0.005689632,0.13876075,38.062927,36.079407,17.247595,-1.000001,-1.000001,4507.8164,0.0017930244,0.0,0.0,-86645.25,3.5999988e-12,0.0,-53878.49,-215565.44,22624.297,0.0,0.0,1080112.0,1257385.0,0.0,0.0,0.0,-751955.44,-881532.5,0.0,0.00040803687,0.0013848443,3461.8804,-0.9456352,3195.039,1.8054724,-61.70439,467.71167,-150.88576,-226.5516,5.973226833333336e-06,0.64526538,48260.06735,4921.157311633334,7.6686641e-08,3.698500933333333e-07,94.42987066666666,3.120248408333333e-05,7.819973583333334e-05,0.004623973,1.1027441333333332e-05,9.628049333333334e-05,268.6365583333333,20.688112866666668,2.8449004499999995,-0.106128417,-4.269883333333333e-05,9.763876142857142e-06,0.0665182557142857,131578.56214285715,13417.27931,1.6923991142857145e-07,2.036495587142857e-06,37.01861985714286,1.5394111857142856e-06,4.593334432857142e-05,1.3962765685714285e-07,215.06454714285715,33.528974,1.938003385714285,-0.0137822332857142,-3.955714285714286e-05,1.722069805e-05,233141.3125,23773.79763,6.7005139500000005e-06,4.4410728e-05,1.611015685,3.0026588e-06,213.818345,7.650620375000001,-2.1450459,-0.00390488514,-2.9795e-05,-1.1628566666666667e-05,327050.7166666667,33349.89182333333,1.2935612333333331e-05,0.0004822296666666,0.0530856413333333,3.368227833333333e-06,231.10877666666667,5.407357833333333,-2.1654710666666666,0.001294368,1.1868263333333336e-06,-1.7995134999999995e-06,439516.525,44818.21264,6.565140650000001e-06,0.004016725,0.000848672,3.76956635e-06,255.419085,11.2832725,3.4175272,0.000861746,9.064443000000002e-06
-81.9247694509462,-0.6367154,-1.2764502,282.44458,283.66675,102427.94,101348.125,271.45972,271.45972,271.45972,283.52954,-1.3276749,-2.8227377,-0.583215,-1.1364479,3.1373463,-5.2906885,3.6585617,0.18756253,0.17048007,0.071421325,0.06678891,1000.5249,0.9505676,1.0,1.0,1.0,0.14694089,1.1101837,4.067838e-05,0.000102738966,3.56779,10.762582,0.76308465,4.327239,9.869524e-05,0.92252654,0.00018550045,1.0,0.18657494,2074.5583,-2.5832605,-0.003937971,-0.0001538468,-7.7014946e-09,-2934.9263,-1287.8909,17124951000.0,42212086000.0,71100776.0,173842.19,0.056029465,60346188000.0,375.6433,-2056.2126,2536766.0,10324.957,0.0007679139,1316895200.0,5392282600.0,6324815.0,20603.812,-0.0036362484,6920447500.0,82.47769,2659426800.0,2749759200.0,2629088.0,2649767400.0,2752285400.0,301.70898,0.017999057,0.42502147,-1.000001,0.13413274,0.5051679,0.087406635,-0.039078757,-9.181305e-06,-0.048627257,11.715623,-1.000001,-1.000001,0.00029972754,0.005710665,0.09236604,37.87242,36.155304,17.41292,-1.000001,-1.000001,4507.617,0.0011177047,14616.984,993.54004,-79255.31,4185.379,44325.473,-55254.37,-218687.5,18347.645,55422.52,4850.926,1078767.0,1258297.0,181576.88,61310.54,121111.06,-742214.25,-883013.06,0.0,0.00034838472,0.00076922425,3343.136,-0.39912492,2749.6099,-21.585663,-90.757614,314.10962,-108.8517,-187.41014,5.424539749999999e-06,0.6127399333333333,48284.23215,4923.621435550001,7.801405883333335e-08,2.1381693833333333e-07,93.5430525,2.1403628750000003e-05,5.60928005e-05,0.0045904678333333,9.942293882283332e-06,7.866029766666667e-05,268.64152,20.2263766,2.366054296666667,-0.2020254416666666,-5.787183333333334e-05,4.728858142857142e-06,0.0372775871428571,131581.52642857144,13417.58158285714,1.7277572857142857e-07,1.9093120285714284e-06,33.44677728571428,4.427526452857143e-07,3.7371987e-05,1.7029898571428578e-08,214.94885714285715,33.73817628571429,0.4508902814285714,-0.0157174634285714,-3.55e-05,1.436538575e-05,233154.765,23775.1694,6.70478025e-06,4.4994791e-05,1.6010444175,2.9995686e-06,213.65157,7.5750299,-2.22991104,-0.0034015622499999,-2.8495e-05,2.6159588333333342e-06,327086.64,33353.55498666666,1.2974065333333334e-05,0.0004756353333333,0.0533624829999999,3.365881666666666e-06,230.26289,5.695961633333333,-1.049541133333333,-0.0008536136666666,2.520877133333333e-06,-1.4185686e-05,439502.69,44816.80186000001,6.50333485e-06,0.0039616635,0.0006904495,3.77235395e-06,256.05922,11.2619965,1.316844875,0.0004764255,9.0967425e-06
-81.64548108395869,-0.5374006,-1.1660137,282.5913,283.75903,102487.94,101407.06,271.4602,271.45996,271.45972,283.76807,-1.475647,-2.3789492,-0.5227368,-1.0649185,2.9820538,-5.290704,3.0527487,0.1875351,0.17045552,0.071446,0.06680226,947.87085,0.8343996,1.0,1.0,1.0,0.0992102,1.1315899,2.3524874e-05,-7.7006334e-05,2.4170046,8.742222,0.5186041,3.6569805,0.00012297723,0.91507864,9.029773e-05,1.0,0.16026044,3902.7468,29.210129,-0.007772684,-0.00060358224,-4.7065676e-09,-4781.2617,-2328.9958,17172883000.0,41786737000.0,72133920.0,172569.62,0.056615833,59916050000.0,354.06592,-3892.1116,2534688.0,10331.137,0.00076616905,1287359900.0,5552488000.0,5645251.0,21018.605,-0.0027695002,7061541400.0,87.10327,2661273600.0,2751249400.0,2630903.0,2651605500.0,2753789200.0,354.69678,0.01799959,0.35003144,-1.000001,0.13413274,0.50516915,0.081603825,-0.033188496,-9.933519e-06,-0.04488906,12.433893,-1.000001,-1.000001,0.00029972754,0.0057371706,0.1018374,37.63124,36.029373,18.330723,-1.000001,-1.000001,4510.617,0.00095074484,248035.25,4815.8984,-86854.31,26123.852,397437.94,-56368.11,-220914.38,13699.027,471189.56,29874.016,1078948.0,1260618.0,1051668.0,300106.3,775804.56,-742789.56,-885614.3,0.0,0.00039037457,0.0005597507,3347.5032,-0.77930653,2499.2512,-37.199066,-110.79048,246.41331,-86.20615,-163.93657,3.2988700999999994e-06,0.40858738,48334.09311666666,4928.705838883333,8.225845333333336e-08,2.4487672e-07,92.489556,1.884132753e-05,4.2711213e-05,0.004567277,8.675125904333333e-06,6.391230733333334e-05,268.69678,19.416695966666666,3.00710025,-0.5060397236666667,-5.649366666666666e-05,5.980762471428572e-06,0.0357141017142857,131622.02785714288,13421.71158,1.8053336714285722e-07,1.2222974e-06,41.92719614285714,4.3594017142857147e-07,4.374161257142857e-05,2.5537552e-08,215.0448585714286,34.270213285714284,-0.588884892857143,0.0202587855714285,-7.14887142857143e-05,1.859169617575e-05,233226.1225,23782.44584,6.6922391e-06,4.579985775e-05,1.6101373625,2.99793945e-06,213.5590875,7.270243575,-1.8540277575,-0.00356564775,-2.7817500000000003e-05,7.874705766666666e-06,327224.87,33367.65052333334,1.29792255e-05,0.000473229,0.0522145776666666,3.365992333333334e-06,230.23516000000004,5.2929414,-1.3216174333333333,1.518666666666726e-06,6.421750666666666e-07,-6.506667999999999e-06,439984.18,44865.90018,6.519316999999999e-06,0.0039796415,0.0006863605,3.77170455e-06,255.914955,10.007599,-1.0656888000000002,-0.0007705909999999,1.1738695e-05
-81.87321686470628,-0.7580021,-1.0571432,282.63257,283.78296,102483.69,101402.31,271.45972,271.45996,271.45947,283.91772,-1.6493387,-1.8615618,-0.73606914,-1.0352068,2.9550943,-5.290619,1.1048841,0.1874907,0.17042625,0.07146764,0.066815555,1079.447,0.9644884,1.0,1.0,1.0,0.16578996,1.3209438,1.9368425e-05,5.914467e-06,4.014511,12.292707,0.9400184,4.793395,5.5376833e-05,0.9391658,5.6032193e-05,1.0,0.19746614,3742.2454,33.409058,-0.003625632,-0.00057862233,6.0389667e-09,-3916.781,-1660.749,16863352000.0,40782990000.0,69392740.0,168706.25,0.055275045,58591007000.0,350.46118,-3745.6543,2462851.0,10330.465,-0.00019640614,1982555300.0,7516096500.0,8205254.0,28903.754,0.00010483428,9781358000.0,109.76134,2660787000.0,2751930000.0,2630354.0,2651128300.0,2754376000.0,403.64893,0.018000688,0.32496697,-1.000001,0.13413274,0.5051702,0.09241706,-0.04054473,-1.2631607e-05,-0.040304303,12.467271,-1.000001,-1.000001,0.00029972754,0.0057299733,0.08193678,38.58104,36.482635,18.535122,-1.000001,-1.000001,4493.457,0.00061163236,698363.9,10028.633,-105068.125,56830.027,906086.0,-59030.03,-221757.19,10160.84,1053436.0,65827.81,1080484.0,1261128.0,1900489.0,524803.2,1504485.0,-756689.25,-884545.1,0.0,0.00036278646,0.00024832133,3308.4055,-0.8877307,2193.5706,-39.072342,-123.02815,195.84154,-72.94856,-147.8482,-4.828280500000001e-06,0.5669336433333333,48322.34065,4927.5074211500005,8.10779375e-08,3.888366733333333e-07,95.111855,2.660150415e-05,0.00010238382725,0.0046728413333333,9.953873787e-06,0.0001271315316666,268.61179166666665,18.483727566666666,4.3385047666666665,-0.5073522128333333,-3.74356145e-05,3.899799342857143e-06,0.0674071899999999,131594.9742857143,13418.952882857144,1.844853485714286e-07,1.316717755714286e-06,54.61368857142857,1.3622679e-06,6.529830252857143e-05,8.853751828571429e-08,215.1500014285714,34.055271285714284,0.9695995857142856,0.0010424845714285,-5.8500000000000006e-05,1.04992925e-05,233170.2975,23776.7532775,6.71043955e-06,4.634878025e-05,1.6006836425,2.99852125e-06,213.7400675,7.269315049999999,-0.770329035,0.00059935675,-2.93325e-05,5.104148333333333e-06,327159.96,33361.03154333334,1.2957580333333333e-05,0.0004704586666666,0.0542666386666666,3.3655672333333334e-06,230.17045666666664,4.667687066666667,-1.180948798333333,-0.0011769763333333,-1.883e-06,-7.585e-06,439859.7,44853.206755,6.558191999999999e-06,0.0039584745,0.000740832,3.7681135e-06,255.4183,8.1253,-0.13073395,0.0001343707975,1.1224578e-05
-81.83474742100978,-1.0189838,-0.9150183,282.6753,284.12085,102474.0,101393.19,271.45972,271.45972,271.45947,284.0276,-1.8464956,-1.4852352,-1.0250893,-0.92308635,3.4782343,-5.290619,1.0832224,0.18744797,0.17039871,0.071486175,0.066838026,1102.3176,0.9899388,1.0,1.0,1.0,0.198969,1.2656984,-2.64325e-06,-1.3525274e-05,5.093029,10.245326,1.2467327,4.815624,4.5530964e-05,0.9817147,6.7095185e-05,1.0,0.22354984,3320.4482,13.735632,-0.0031809458,-0.0003692794,1.4100433e-08,-3427.1304,-1117.8374,16941101000.0,41151046000.0,71428824.0,170088.0,0.05469308,59055653000.0,356.40845,-3340.9526,2522804.0,10329.477,-0.0005129529,2379676000.0,8851054000.0,10005228.0,34046.14,0.0018425449,11565551000.0,129.85622,2661116400.0,2752730000.0,2630634.0,2651444700.0,2755253800.0,452.61035,0.018000923,0.0,-1.000001,0.13413274,0.50517195,0.10322422,-0.050840765,-1.4128418e-05,-0.04021453,12.4544325,-1.000001,-1.000001,0.00029972754,0.0057068616,0.10045105,38.893127,36.675537,18.566322,-1.000001,-1.000001,4512.543,0.00073670875,1156629.0,13372.023,-114879.31,66990.19,1377512.0,-59146.312,-222953.5,9841.016,1594402.0,77280.31,1081980.0,1262336.0,2596171.0,696492.56,2130049.0,-752274.25,-879119.06,0.0,0.00052159745,0.0002155404,3455.6177,-0.9570609,2182.6653,-43.174606,-147.88364,176.36517,-63.404007,-160.50969,-7.230450816666666e-06,0.5674731366666667,48327.43341666667,4928.026738566667,7.825463e-08,4.24557745e-07,95.08269383333334,2.482144315e-05,7.038337693333333e-05,0.0046933043333333,1.1030561904333333e-05,0.0001533295,268.6409083333333,18.42890238333333,5.6092525,-0.3354078451666666,-3.0575509e-05,1.2517477214285714e-05,0.1796832285714285,131614.25857142857,13420.919332857144,1.8467087000000008e-07,1.4782616675714286e-06,51.99852428571428,5.081253885714286e-06,6.108293148571428e-05,5.210441652857144e-07,215.1172,34.16613114285714,1.2921765285714284,-0.0035917131428571,-4.755714285714286e-05,-9.212047e-07,233196.345,23779.40938,6.780708825e-06,4.656059925e-05,1.53707579,2.99990325e-06,214.173075,7.714526925,0.1086551925,0.00166247775,-3.0855e-05,3.2186706666666665e-06,327179.56,33363.03019,1.2927122e-05,0.00047808,0.056334654,3.365180733333333e-06,230.45318,4.540665633333333,-0.6531909333333333,-0.0007025026666666,-2.952333333333333e-06,-8.455e-06,440339.94,44902.1776,6.52149515e-06,0.003990074,0.0006871609999999,3.77110395e-06,256.38819,7.4784875,2.7183986,-0.0001691959999999,1.5198217e-05
-83.02365634415105,-1.2385521,-0.9571525,282.49268,284.05615,102447.0,101366.31,271.45996,271.45996,271.45996,283.91626,-2.0545244,-1.4620485,-1.235239,-0.95512354,3.7541332,-5.290674,3.094575,0.1874097,0.1703695,0.07150781,0.06685442,842.05444,1.0,1.0,1.0,1.0,0.20306253,1.3128157,-1.466674e-05,-0.00012697042,5.2278185,9.886006,1.3289824,4.7881794,8.6254964e-05,0.9974648,0.00020813907,1.0,0.24299347,3188.0588,16.661133,-0.006493129,-0.00037645223,6.2721632e-09,-4108.871,-1872.0854,17182826000.0,41857060000.0,74773280.0,172884.12,0.054500714,60028445000.0,366.12817,-3252.5864,2603956.0,10326.789,-0.00028595794,2619472000.0,9404880000.0,11159580.0,36258.887,0.0033610961,12382771000.0,137.6241,2660598500.0,2752724700.0,2630055.0,2650934500.0,2755316500.0,516.68115,0.01800007,1.0251217,-1.000001,0.13413274,0.50516915,0.10928476,-0.06009055,-1.5103254e-05,-0.044943992,12.233112,-1.000001,-1.000001,0.00029972754,0.005658854,0.1280179,39.207962,36.878906,18.072393,-1.000001,-1.000001,4410.7695,0.00072790403,1509321.0,17524.11,-160508.56,137066.06,1730192.0,-63790.86,-222422.81,1527.0139,1998999.0,157595.88,1081643.0,1259894.0,3091174.0,974299.06,2583326.0,-706717.2,-878102.7,895.76196,0.00042566587,0.00030233315,3561.921,-1.4067907,2363.446,-49.28755,-195.98958,168.69394,-57.092102,-190.47859,-1.3157654216666668e-05,0.6177331733333333,48311.73078333333,4926.425515583333,7.558501666666668e-08,4.752101533333333e-07,95.44798733333334,3.0851646366666665e-05,5.950943583333333e-05,0.0047241338333333,1.2192491002333334e-05,0.0001696108333333,268.6891283333334,18.522340116666665,6.32904925,-0.3298962803333333,-2.25315755e-05,-4.683226957142858e-06,0.17142509,131613.0992857143,13420.801118571428,1.779094642857143e-07,1.5782797628571428e-06,49.867990000000006,3.378418157142857e-06,5.8034862385714286e-05,2.417791468571429e-07,215.0189257142857,34.60078171428571,1.6950811857142856,0.0036230047142857,-4.953571428571429e-05,-4.532851e-06,233194.2025,23779.1909075,6.80588325e-06,4.682089625e-05,1.4963809425,3.0006076e-06,214.4105625,8.3636345,0.1558743999999998,-0.000863442,-2.93125e-05,-4.682597666666667e-06,327110.84,33356.02269666667,1.2912791e-05,0.0004859809999999,0.0567286943333333,3.364874233333333e-06,230.89140333333333,4.951073933333333,-0.1297533466666667,0.0020070123333333,-3.298e-06,1.81992765e-05,440402.82,44908.58958,6.59170715e-06,0.003844785,0.000716321,3.76668965e-06,255.655965,8.116479,5.39524369,-0.0004080135,1.26272155e-05
-82.76235005964989,-1.0656452,-0.88230264,282.44775,283.91602,102454.31,101372.75,271.45996,271.4602,271.45972,283.81226,-1.8598709,-1.5058489,-1.0819969,-0.8718721,3.3091536,-5.2905293,1.2307968,0.1873805,0.17034197,0.07153249,0.06687385,858.6194,1.0,1.0,1.0,1.0,0.2701478,1.2936077,-7.980586e-05,-8.115491e-05,6.913123,11.089423,2.0141687,4.4605303,1.8653191e-06,0.9973898,0.0003811943,1.0,0.41602975,4906.25,35.64409,-0.0032544697,-0.000556689,4.1401584e-09,-4526.9844,-899.0642,17276350000.0,42081698000.0,76585040.0,173842.94,0.05525916,60377610000.0,376.0442,-4997.7734,2637424.0,10327.516,-0.0006132312,2989124900.0,10067257000.0,12267817.0,39139.53,0.004549008,13413854000.0,137.69336,2660466700.0,2752874800.0,2629911.0,2650803000.0,2755536100.0,544.72217,0.017998904,3.9252052,-1.000001,0.13413274,0.50517374,0.105851054,-0.04685191,-1.3882293e-05,-0.042378098,12.260055,-1.000001,-1.000001,0.00029972754,0.005641438,0.22514886,39.92572,37.002533,18.461586,-1.000001,-1.000001,4491.1562,0.0013245973,1698596.0,22203.66,-150575.44,109676.0,1918585.0,-63371.434,-224511.38,8345.199,2215167.0,126519.25,1082295.0,1258885.0,3351758.0,974991.56,2823507.0,-635753.44,-880469.94,0.0,0.00028192904,0.0010427635,3591.8232,-1.9941549,2815.476,-23.049988,-181.43484,117.586365,-47.32228,-208.92216,-2.1440629066666665e-05,0.6146220866666666,48296.80413333333,4924.903420933333,7.5464149e-08,6.327080766666667e-07,97.8474525,2.451359123333333e-05,6.63412425e-05,0.0047995135,1.8302939106666663e-05,0.0002754323333333,268.66955666666667,18.402210916666665,7.035678133333334,-0.5833211751666667,-5.308596533333332e-06,6.872479142857143e-06,0.1935176685714285,131599.47357142856,13419.411682857142,1.737223385714286e-07,1.557244299285714e-06,50.75117314285715,5.626684628571428e-06,5.867584418571428e-05,7.220784542857144e-07,214.8633057142857,35.55123028571428,1.8437006571428567,0.0479319557142857,-6.015442857142858e-05,5.86775975e-06,233174.215,23777.15275,6.78249415e-06,4.693009075e-05,1.5371468175,3.000573125e-06,214.31148,8.487858075,0.4120159,-0.002789408,-2.75925e-05,-4.965761000000001e-06,327174.3733333333,33362.50129666667,1.2915471333333332e-05,0.0004931846666666,0.052077594,3.3646532e-06,231.1788833333333,5.4003833666666665,-0.3170777866666667,-0.0014427763333333,2.84014733333333e-07,1.40381875e-05,440454.12,44913.820725,6.5900197e-06,0.003665644,0.000691656,3.7650584e-06,255.98841,8.7152345,5.92376175,0.000140080375,2.066934e-06
-82.39705719847184,-0.8712365,-0.6674424,282.47705,284.00806,102404.19,101322.75,271.45996,271.45972,271.45972,283.719,-1.5910692,-1.2679577,-0.86142284,-0.6244065,2.95465,-5.2904816,0.9941201,0.18735003,0.17030966,0.071548045,0.06689024,813.7471,1.0,1.0,1.0,1.0,0.5100377,1.3514595,-2.9333605e-05,5.5146098e-05,13.4132805,13.122035,4.5019503,4.273102,0.00020997206,0.996724,0.00069534546,1.0,0.48648357,9121.664,72.40805,-0.0032240152,-0.0010434254,9.8785975e-09,-7948.9883,-1381.7808,17338927000.0,42817570000.0,77169180.0,176388.44,0.056632295,61217944000.0,392.8601,-9215.711,2659819.0,10322.348,-0.0015645958,3401019000.0,10191159000.0,13702789.0,40407.28,0.004418865,13882362000.0,110.695816,2659325400.0,2750973000.0,2628840.0,2649659400.0,2753640400.0,398.01587,0.018000908,2.0257864,-1.000001,0.13413274,0.5051731,0.0954023,-0.04527293,-1.3263235e-05,-0.03663373,11.856944,-1.000001,-1.000001,0.00029972754,0.0056113675,0.32275486,40.832184,36.696228,17.878107,-1.000001,-1.000001,4489.0312,0.0019224472,1703718.0,21715.242,-134076.31,93989.125,1924270.0,-63189.06,-223046.56,8505.902,2221595.0,107121.56,1081228.0,1258593.0,3360157.0,947071.4,2831240.0,-628278.2,-878777.9,0.0,3.279127e-05,0.0018897033,3589.956,-2.85812,4715.6016,-1.0174522,-112.24046,96.09625,-39.568695,-200.455,-4.646067116666666e-05,0.5992273433333334,48253.5165,4920.489310833334,7.30430546666667e-08,8.4049285e-07,95.416903,3.0280178983333334e-05,8.717278166666667e-05,0.0047167968333333,1.8914141675166667e-05,0.0004825931666666,268.761965,18.973789616666668,6.702274549999999,-0.9078679483333332,1.5509383833333332e-05,5.948330885714286e-05,0.4071461557142857,131560.26785714287,13415.41381,1.6825187714285718e-07,1.3629332457142856e-06,57.917281571428575,3.795537628571428e-05,6.423206537142857e-05,9.264155157142856e-06,214.60835,35.003557428571426,2.665092367142857,-0.1951304645714286,-4.684285714285714e-05,1.079303025e-05,233129.4975,23772.5928325,6.777808575e-06,4.7168751e-05,1.510677505,2.999681575e-06,214.38169,9.4411235,0.0646665,0.0002755719999999,-2.7223531975e-05,-2.488694666666668e-06,327101.8133333333,33355.102236666666,1.2906011e-05,0.0005037873333333,0.0543038396666666,3.3635181666666667e-06,230.97002666666663,4.706869666666666,0.0052164366666666,-0.00067784,3.051282666666666e-06,-6.24e-06,440483.19,44916.78504,6.5598540000000005e-06,0.0036075725,0.0006288955,3.76509885e-06,256.992095,9.5978503,7.558796249999999,0.000116551685,-5.62523145e-07
-82.51528446951005,-1.0492964,-0.5013137,282.62988,284.04517,102343.56,101262.56,271.45972,271.45972,271.45996,283.66235,-1.8595304,-0.9855194,-1.049242,-0.46482098,2.5428572,-5.2905684,1.3891497,0.187307,0.17028648,0.0715819,0.06690967,859.03687,1.0,1.0,1.0,1.0,0.59201735,0.9475966,4.578469e-05,0.0001126023,15.751246,6.5952463,5.5179377,2.785859,0.0004672124,0.9962912,0.0008176556,1.0,0.4845943,7139.676,70.01836,-0.0056115724,-0.00067187473,-8.5293514e-09,-7192.7734,-1665.1384,17501463000.0,43312402000.0,77290840.0,178171.0,0.058130153,61900947000.0,404.2434,-7287.4844,2667773.0,10316.258,-0.0007959807,3191690500.0,8677455000.0,12668636.0,35036.176,0.003490762,12072398000.0,75.8882,2658719700.0,2750919700.0,2628198.0,2649061000.0,2753587700.0,414.30005,0.018000625,1.0500555,-1.000001,0.13413274,0.50517136,0.08014798,-0.04916573,-1.3446378e-05,-0.030653257,12.36067,-1.000001,-1.000001,0.00029972754,0.005597733,0.2669446,41.04593,36.91423,17.908724,-1.000001,-1.000001,4405.6836,0.004059989,1525544.0,12086.223,-106649.875,66582.06,1747234.0,-62622.723,-222778.75,7574.078,2018345.0,76590.625,1080894.0,1259634.0,3115730.0,806363.56,2606038.0,-514414.38,-875334.5,0.0,0.0013423017,0.0027178328,3585.345,-3.3774948,8917.496,-10.1647005,-117.416504,79.66652,-27.368912,-136.96622,-5.5375052666666666e-05,0.5883619166666666,48235.78618333334,4918.681321716666,7.279906416666667e-08,9.672030166666666e-07,94.910395,3.9210214356666666e-05,6.152224766666666e-05,0.0047046228333333,1.901466e-05,0.0005705973333333,268.8203916666667,19.282878633333333,4.3294785,-0.5841122255,2.9998666833333336e-05,4.984920928571429e-05,0.403794225,131571.15214285714,13416.523702857145,1.6902734285714289e-07,1.5441684951428571e-06,58.04615371428572,4.7302057142857146e-05,6.804608077142857e-05,1.1178302085714288e-05,214.68873285714287,34.235449857142854,3.181526257142857,-0.2012578017142857,-4.594285714285715e-05,1.549077e-05,233149.405,23774.6228325,6.781727675e-06,4.687202825e-05,1.4834076325,2.998899625e-06,214.4923625,9.9425574,-0.716800925,0.0032532277499999,-2.875e-05,3.246733196666667e-06,327153.81666666665,33360.40509666666,1.2911325333333333e-05,0.0005027603333333,0.0529821093333333,3.362659866666667e-06,231.15474,5.467489233333333,-0.2377971833333333,-8.508699999999993e-05,3.3053576666666663e-06,-8.504999999999999e-06,440717.905,44940.719305000006,6.551517e-06,0.0036313969999999,0.000598087,3.7637797e-06,257.72986,10.905479,9.3229825,-0.000349552,1.7091588e-06
-81.66892285812331,-0.62209195,-0.7894753,282.552,283.9773,102347.875,101266.375,271.45996,271.45996,271.45996,283.57324,-1.3064594,-1.4110832,-0.5847662,-0.7572978,2.6767998,-5.289833,1.0997467,0.18727648,0.17025721,0.07159436,0.06692606,629.25806,1.0,1.0,0.99869233,1.0,0.46330208,0.9399893,2.3782108e-05,1.5684578e-05,12.063369,6.8440533,5.103691,2.3798084,0.0,0.9999145,0.0005594888,1.0,0.50605494,5239.7305,53.436447,-0.004738532,-0.00034344895,-1.5493864e-08,-5082.051,-746.5427,17560914000.0,42602710000.0,79062620.0,176057.44,0.061073896,61174600000.0,372.28003,-5313.289,2652813.0,10316.598,0.00013989645,2921458400.0,7259629600.0,11699062.0,29802.727,0.0012985936,10311555000.0,46.683258,2658294000.0,2748954600.0,2627897.0,2648607200.0,2751598300.0,368.02002,0.018000048,0.42541307,-1.000001,0.13413274,0.505188,0.07858157,-0.032355547,-1.0608866e-05,-0.03990405,12.630877,-1.000001,-1.000001,0.00029972754,0.005663287,0.24060541,40.52156,36.3049,18.931217,-1.000001,-1.000001,4512.418,0.0018927814,1160552.0,13596.535,-118726.19,72472.125,1391637.0,-55948.547,-216602.56,5414.535,1610256.0,82839.75,1086664.0,1264518.0,2635040.0,698262.56,2162928.0,-510716.94,-878112.3,0.0,0.0,0.0018924952,3596.601,-1.1697683,5652.8203,-23.44104,-138.6036,68.702194,-16.343628,-124.16518,-4.89613625e-05,0.39505922,48213.6283,4916.42184645,8.554460933333335e-08,1.0138072833333333e-06,93.46582733333332,3.415165606e-05,6.327489433333333e-05,0.0045809323333333,2.050982233333333e-05,0.0006458758333333,268.55362833333334,17.7354071,2.2061009833333336,-0.4687373683333333,3.796824183333333e-05,2.0355199e-05,0.3279022328571429,131548.01714285713,13414.164585714288,1.787385928571429e-07,1.783138161e-06,54.226004,2.1362912314285715e-05,6.628339408571429e-05,4.090712800571428e-06,214.8151371428572,35.73651757142857,2.850676214285714,-0.0046815197142857,-5.640571428571428e-05,6.8024286e-06,233203.9525,23780.18513,6.81763475e-06,4.6407873e-05,1.3932462075,2.9984806e-06,214.88322,10.301054325,-2.196854595,0.00639051275,-3.22325e-05,-5.078136666666656e-07,327232.68,33368.44692,1.2925248333333332e-05,0.0004993646666666,0.0490684316666666,3.3622221666666665e-06,231.53537,6.185805466666667,-0.6177969,0.0010432343333333,1.51049775e-06,-1.3354390000000008e-06,440895.935,44958.873315,6.5441625e-06,0.003641512,0.0006152135,3.7597902e-06,257.98671,13.854316,8.740707,-0.000194838,4.46344115e-06
-81.83968992485224,-0.78208876,-0.66159195,282.52588,283.97363,102353.56,101272.5,271.45996,271.45947,271.45996,283.53052,-1.5040092,-1.3614578,-0.7733286,-0.617111,2.4806423,-5.2904654,2.0839872,0.18723208,0.1702249,0.071612954,0.06694853,572.12354,1.0,1.0,1.0,1.0,0.3786853,0.89307654,1.8468301e-05,-3.6698082e-05,10.252496,5.824648,3.8059845,1.4126148,2.0690277e-05,0.999048,0.00042807893,1.0,0.4064861,2721.976,71.038086,-0.0041674823,-0.00014526099,-1.188236e-08,-3268.0913,-897.99194,17692223000.0,42180465000.0,79512536.0,174911.31,0.06218514,60795605000.0,337.57764,-2694.979,2629300.0,10317.258,-0.00011925248,2212780800.0,5010067000.0,8956456.0,20899.156,-0.0019068741,7282402300.0,19.365662,2658539000.0,2747632400.0,2628307.0,2648881700.0,2750263600.0,347.70923,0.01799924,0.47517347,-1.000001,0.13413274,0.5051754,0.070727885,-0.034861475,-9.296847e-06,-0.032189723,12.92712,-1.000001,-1.000001,0.00029972754,0.005706258,0.17217392,39.023758,35.664566,19.585058,-1.000001,-1.000001,4513.0664,0.0018057146,712501.7,7200.2305,-104445.44,54103.37,928710.8,-55918.17,-217514.62,8111.672,1078980.0,62461.293,1084494.0,1263651.0,1950702.0,517271.3,1546838.0,-538985.5,-879057.94,0.0,5.777064e-06,0.0017996037,3599.275,-0.7076944,4320.2812,-20.974716,-116.47432,91.999466,-31.018066,-147.35872,-3.36537345e-05,0.3408871899999999,48219.02823333334,4916.972486283334,9.373997083333334e-08,7.623078783333333e-07,89.68358666666666,3.194967087666666e-05,3.913935716666667e-05,0.0044009261666666,1.656002066666667e-05,0.000473661,268.5187583333333,16.866273866666667,1.3699091433333337,-0.2499955003333333,9.619645199999998e-06,1.899265057142857e-05,0.2620523157142856,131562.27785714288,13415.618775714289,1.77498352e-07,1.771664149714286e-06,49.025072,1.3855997165714284e-05,6.228000172857142e-05,2.3161160428571432e-06,214.7385414285714,36.17015542857143,1.6173571371428572,0.0348056375714285,-4.9571428571428566e-05,1.0420811499999991e-06,233298.015,23789.7768325,6.843853125e-06,4.6021698e-05,1.3074443,2.995069975e-06,215.1109275,9.947816375,-3.80321815,0.004547598,-3.3635e-05,5.058198333333332e-06,327355.9166666667,33381.013563333334,1.2942264666666668e-05,0.0004989586666666,0.04480311,3.3617185666666663e-06,231.48749,6.135960799999999,-1.0338713666666666,-0.0001799183333333,2.1145219e-06,1.7306629e-05,441082.12,44977.8589,6.54416e-06,0.0035631745,0.0006116985,3.7549995e-06,257.81313,15.841469,5.851223,1.82115e-05,2.979397155e-06
-81.52676000741685,-0.65784097,-0.46605033,282.63574,283.8877,102339.375,101258.44,271.45972,271.45996,271.45996,283.43726,-1.4623566,-1.0227175,-0.6227388,-0.45819706,2.2780123,-5.2905035,1.9432058,0.18719548,0.17020047,0.07163459,0.066961884,645.8318,1.0,0.980867,0.9932438,1.0,0.26246554,0.77719194,1.483485e-05,-4.5933784e-06,7.0433617,4.2874126,2.553152,0.6754605,0.0,0.9960044,0.0002323492,1.0,0.19575864,1648.867,39.859604,-0.0055084117,4.391506e-05,-1.2049546e-09,-2911.1484,-1118.8115,17787845000.0,41597067000.0,79836010.0,173170.81,0.06247128,60208380000.0,296.97656,-1747.5447,2604148.0,10315.898,-0.00048450055,1797594200.0,3864811800.0,8127805.0,16318.852,-0.0043527633,5689545000.0,7.8080416,2658225700.0,2745283300.0,2628187.0,2648580600.0,2747891200.0,299.75122,0.018000502,0.2752065,-1.000001,0.13413274,0.50517213,0.070385695,-0.027602643,-7.720824e-06,-0.02212701,13.510427,-1.000001,-1.000001,0.00029972754,0.005732503,0.07214862,36.914536,34.851242,20.324402,-1.000001,-1.000001,4513.992,0.0013028781,265794.2,3345.5476,-84941.69,28762.98,423992.12,-53424.84,-217547.25,8938.504,500995.75,32936.1,1083594.0,1264841.0,1109614.0,289258.25,822535.56,-556719.56,-880661.5,0.0,2.9139395e-05,0.0012733573,3591.1658,0.26753622,2903.7615,-25.736023,-104.706116,86.47011,-23.919342,-109.302,-3.0016218166666663e-05,0.231748131,48213.33048333333,4916.39147765,1.0335325250000005e-07,6.248401416666667e-07,83.85901566666666,2.494271333833333e-05,1.4821363726666666e-05,0.0041421766666666,8.768343333333333e-06,0.0002354655,268.51094666666665,16.2380418,0.9452734436666668,-0.1221387853333333,-5.8007956e-06,5.481262314285714e-06,0.0774538771428571,131575.84,13417.001727142857,1.7789186785714285e-07,1.5713089685714286e-06,43.08489842857143,1.389519157142857e-06,5.4244259642857146e-05,9.534586971428573e-08,214.7611242857143,37.05773271428571,1.3012942285714288,0.0534223651428571,-5.324285714285714e-05,6.3250430000000006e-06,233325.645,23792.5943125,6.82813695e-06,4.517238275e-05,1.294611775,2.9904561e-06,214.99428,9.002550525,-4.81897193,0.003700804,-3.46e-05,5.679480666666667e-06,327332.62666666665,33378.63864333333,1.2925298666666666e-05,0.000496852,0.0458544093333333,3.362540466666666e-06,231.32148,5.659102866666667,-2.0614280666666667,-0.0008494316666666,1.5701702666666668e-06,-2.1385024e-06,440979.72,44967.417010000005,6.5064230000000005e-06,0.003571215,0.0006031065,3.75508355e-06,258.3556,16.3099415,3.5648861,0.0004597149999999,-1.5334419000000002e-06
-80.91882472797793,-0.13123894,-0.89100856,282.51953,283.64014,102319.44,101238.375,271.45996,271.45996,271.45996,283.1333,-0.31601256,-1.9069872,-0.19665766,-0.7996833,1.8118134,-5.290674,1.5084972,0.18715107,0.17016816,0.07165623,0.066978216,991.0381,1.0,0.97501326,1.0,1.0,0.18944716,0.8497267,1.4564334e-05,-3.6087426e-05,5.506465,4.564502,1.5794649,1.8137026,2.391435e-08,0.9985743,0.00012682987,1.0,0.12879318,-373.36572,-11.404619,-0.006647788,-0.0002469106,6.7031642e-09,-1944.1812,-2996.1719,18021626000.0,41209070000.0,86733470.0,172442.12,0.06041083,59944235000.0,251.87465,249.30952,2687485.0,10313.758,-0.00024102221,1797471900.0,4240072200.0,8662079.0,17525.422,-0.003184985,6104085500.0,22.845139,2658309000.0,2745434000.0,2628242.0,2648659000.0,2748107800.0,266.26294,0.017999899,4.049755,-1.000001,0.13401699,0.50517017,0.059552256,-0.013646156,-6.548734e-06,-0.037235428,14.020573,-1.000001,-1.000001,0.00029831496,0.005733695,0.04189668,36.662476,34.87883,20.532753,-1.000001,-1.000001,4514.668,0.00064051873,19891.832,1024.0552,-63535.65,5363.4453,54836.742,-51631.133,-217308.5,8002.8555,68891.31,6195.4453,1082285.0,1265110.0,220702.81,65717.06,147562.06,-594451.06,-883265.9,0.0,1.9083882e-07,0.0006402328,3587.0718,0.03560803,1796.3811,-21.758743,-73.68471,78.58688,-24.087921,-77.52907,-5.845932166666667e-06,0.2789176155,48210.6642,4916.11959225,1.05030796e-07,4.3320463e-07,80.22772466666667,1.936098995e-05,2.3050669566666663e-05,0.0038748091666666,4.693196576666667e-06,0.0001722278333333,268.088135,15.55306271,0.7600214665,0.1026399358333333,-2.033428633333333e-05,3.870449085714285e-06,0.031249302,131611.34857142856,13420.622595714283,1.7447867000000008e-07,1.6485752142857144e-06,38.726290857142864,1.2942456285714285e-06,4.671311385714286e-05,2.316119271428572e-07,214.85287428571428,37.97938957142857,1.473041742857143,0.0867652891428571,-4.008857142857143e-05,7.26544365e-06,233308.5025,23790.846265,6.83848505e-06,4.323081125e-05,1.2453269125,2.987678525e-06,215.09436,8.5583305,-4.806673025,0.00244773425,-3.6425e-05,4.4818433333333324e-06,327249.7266666666,33370.1852,1.2870460666666668e-05,0.0004947213333333,0.0488220916666666,3.3645016333333333e-06,231.12242333333333,4.325147,-1.6858234666666665,-0.0002300523333333,1.633476333333333e-06,-1.8175e-05,440872.22,44956.45506,6.5405775e-06,0.0036049005,0.000573125,3.7564714e-06,258.5813,17.0323885,2.6606231,0.000169673,1.0557425e-06
-80.85135895753946,-0.42291802,-1.1050777,282.6018,283.67993,102321.625,101241.375,271.45972,271.45996,271.4602,283.31006,-0.8477727,-2.4014416,-0.41807532,-1.0051908,1.8193359,-5.2905684,2.0197134,0.18712062,0.1701436,0.071671486,0.06699765,1028.8591,0.90159297,0.94502914,1.0,1.0,0.11348444,0.8466273,2.5036308e-05,-4.4243236e-05,3.151125,5.3757257,0.9472433,1.5459042,4.2870297e-06,0.99725246,0.00013842052,1.0,0.106600404,304.12695,10.069277,-0.0048291497,-0.00050098775,1.6821126e-08,-1912.6665,-2904.356,18417736000.0,41481360000.0,95208030.0,174210.5,0.059415292,60624654000.0,251.42796,-341.60962,2819202.0,10314.0625,0.00026480947,1618665500.0,3916168400.0,8557332.0,16136.301,-0.006492853,5586065000.0,17.33966,2659356000.0,2748918500.0,2629039.0,2649699800.0,2751743500.0,259.13794,0.017999757,0.6745837,-1.000001,0.13401592,0.5051707,0.058034014,-0.024647385,-6.501201e-06,-0.0463376,14.503708,-1.000001,-1.000001,0.00029831496,0.005695313,0.048204146,37.312057,35.862045,20.970839,-1.000001,-1.000001,4338.664,0.00047021452,0.0,0.0,-53647.414,3.5999988e-12,0.0,-50915.52,-217449.56,6457.4805,0.0,0.0,1081538.0,1265873.0,0.0,0.0,0.0,-624188.8,-885690.56,0.0,4.663061e-06,0.00046545616,3593.0881,-1.0547895,1423.4277,-3.982912,-51.956726,64.27664,-20.530106,-68.32495,8.231878333333336e-07,0.3127641833333333,48242.47678333334,4919.3635730333335,9.5460366e-08,4.78670575e-07,86.34290366666666,1.1726861316666668e-05,2.89775515e-05,0.0041706746666666,3.936312583333333e-06,0.0001101515,268.1401716666667,15.280849066666669,1.2657827533333332,-0.0041707059999999,-1.6049733116666666e-05,1.222680442857143e-05,0.0399620924285714,131658.93785714285,13425.47535,1.625453722857143e-07,1.6345095371428571e-06,33.486391285714284,3.406647271428572e-06,3.5612829228571426e-05,5.07591072e-07,214.93009428571423,39.60212928571429,1.0528451285714284,0.0724948468571428,-4.995714285714285e-05,-3.70351325e-06,233325.1875,23792.54766,6.8484623e-06,4.298119525e-05,1.223137375,2.98563465e-06,215.17031,7.9514385,-5.44681955,0.00606890875,-3.7725e-05,1.127095333333333e-06,327238.94,33369.085263333334,1.2845877166666664e-05,0.0004977086666666,0.0503675426666666,3.366042666666667e-06,231.37272666666664,4.4304759,-1.8287614,0.0004178393333333,7.257583333333335e-07,-1.7225e-05,440907.3,44960.032225,6.537116e-06,0.003602939,0.000580821,3.75427955e-06,257.97375,15.348378,1.2062342634999998,0.0002111835,4.782769e-06
-82.3751620918005,-0.07720655,-0.5481978,282.81372,283.66284,102336.625,101256.875,271.45947,271.45996,271.45972,283.52344,-0.39294213,-1.6938896,-0.119636536,-0.49776554,1.7408447,-5.2905846,0.5835564,0.18707925,0.17011434,0.07170224,0.06701404,1044.4451,0.9402982,1.0,1.0,1.0,0.12931412,1.0405903,-5.0086845e-07,-1.2319467e-05,3.431797,7.6565037,0.94028056,2.2186232,1.6464792e-06,0.9900021,0.00013926995,1.0,0.11065233,1380.2822,-2.6524715,-0.0030645966,-0.00022092591,1.0717063e-08,-1798.551,-1053.8774,18609674000.0,41625543000.0,102344220.0,175156.81,0.056779046,60986540000.0,259.80908,-1475.033,2920194.0,10315.758,0.00060319086,1553145000.0,4452588500.0,8145246.0,17877.52,-0.0065362826,6097892400.0,33.019043,2659840800.0,2751369200.0,2629361.0,2650181400.0,2754268000.0,170.97615,0.018000655,0.25023794,-1.000001,0.13401645,0.5051718,0.0566724,-0.0074251294,-4.565938e-06,-0.017050419,14.7012415,-1.000001,-1.000001,0.00029831496,0.0056371987,0.0567556,38.281998,36.641693,21.021345,-1.000001,-1.000001,4235.0586,0.00052838493,0.0,0.0,-48213.668,3.5999988e-12,0.0,-52760.723,-216315.25,5808.797,0.0,0.0,1083545.0,1264762.0,0.0,0.0,0.0,-669033.7,-887138.44,0.0,1.562979e-05,0.00051246886,3584.1448,-0.84646815,1444.8645,3.2757902,-42.19011,72.65967,-21.665863,-63.322083,1.2555695733333337e-06,0.5641125666666666,48255.528366666666,4920.694464283333,8.485218916666667e-08,6.185214355833333e-07,93.24112683333334,2.139662293333333e-05,5.834188266666667e-05,0.0044504298333333,4.01762355e-06,0.0001072013333333,268.219645,15.188484083333334,1.6160734383333333,-0.0923650543333333,-1.1298626666666665e-06,5.0246300000000005e-06,0.0196443065714285,131666.42642857143,13426.238972857143,1.5882204657142857e-07,1.4785983297142856e-06,28.794381285714287,9.946312e-07,2.7823235628571428e-05,1.4646385714285713e-07,215.0725057142857,40.588793,0.2893342,0.0204808482857142,-6.307264584285715e-05,-1.3766890749999998e-05,233335.4675,23793.5959275,6.809605924999999e-06,4.282154575e-05,1.24330823,2.983166475e-06,214.91088,7.352202249999999,-4.6388739,-0.0006422305,-3.4625e-05,-3.817817666666668e-06,327125.82666666666,33357.55091333333,1.2826603666666666e-05,0.0004995866666666,0.0516042606666666,3.3670003e-06,231.64664,4.3968031666666665,-1.4748362803333332,0.0006430353333333,-1.9961910000000004e-06,-3.4605e-06,440770.09,44946.0407,6.52862585e-06,0.0036276779999999,0.0006296735,3.7523705e-06,257.248655,14.7524895,0.2702804000000001,-0.000437789,5.996326e-06
-82.83883486371077,0.08160615,-0.05494724,282.80396,283.76,102363.44,101283.75,271.45996,271.45972,271.45996,283.69238,0.022246547,-0.6965048,0.04350788,-0.08413082,1.6710062,-5.29051,0.5113301,0.18704873,0.17009425,0.07172388,0.06703651,732.2678,0.9480037,1.0,1.0,1.0,0.08888006,0.98516774,-1.7351791e-05,-6.436466e-06,2.6847553,4.9153185,0.85122526,2.252798,0.00010717151,0.9437834,5.9882906e-05,1.0,0.09120226,2575.117,34.61194,-0.0056501925,-0.00019107474,3.3442649e-09,-3235.0767,-1225.5522,18861597000.0,42032316000.0,110547704.0,177115.06,0.055117924,61625217000.0,246.88174,-2698.715,3051287.0,10318.52,0.00015469216,1824755100.0,5943054300.0,9916343.0,23480.45,-0.0057609156,7914479000.0,53.532867,2660044500.0,2750068500.0,2629720.0,2650395600.0,2753123800.0,103.48523,0.018000562,1.2509861,22.993118,0.13401645,0.5051715,0.050917823,-0.0026676303,-3.8989774e-06,-0.0061594285,14.781219,-0.4146707,-0.4146707,0.00029831496,0.0056231283,0.016072277,37.399094,36.037354,21.1648,26.179703,38.62613,4134.7188,0.0005683545,0.0,0.0,-45407.152,3.5999988e-12,0.0,-50408.066,-216697.31,4477.1484,0.0,0.0,1084600.0,1268211.0,0.0,0.0,0.0,-707836.6,-887960.1,0.0,0.00016008838,0.00040817098,3520.285,0.036871728,1523.4966,25.047546,-18.667221,75.6326,-18.66864,-46.30693,-8.389453866666666e-06,0.2528020633333333,48259.89133333333,4921.13936305,8.246919e-08,6.601258616666666e-07,88.87992750000001,5.302688866666667e-06,1.5718896333333332e-05,0.0043812958333333,4.118953183333334e-06,5.357191766666667e-05,268.52258166666667,15.315436858333332,2.838511978333333,-0.1852414985,4.689491666666667e-06,-1.3738018571428576e-06,0.0203133228571428,131679.34714285712,13427.556518571428,1.6030132457142858e-07,1.5445327857142858e-06,29.763591428571427,7.084841242857143e-07,3.01293233e-05,9.197064285714286e-08,215.1958257142857,41.83423957142857,0.2250960857142858,-0.0003777239999999,-6.594485714285714e-05,-2.276187875e-05,233337.39,23793.79197,6.808745425e-06,4.26661575e-05,1.262502675,2.9829148e-06,214.807145,6.78405485,-3.75294573,-0.002508902,-3.0025e-05,-4.812405333333334e-06,327174.10000000003,33362.47342333334,1.2816278e-05,0.0005076696666666,0.051460683,3.366964233333333e-06,231.81089666666665,4.3786315,-1.0381590533333334,0.0007200893333333,-8.13368e-07,-1.4862209e-06,440872.68,44956.501965,6.463213e-06,0.003688587,0.00060817,3.75465695e-06,257.685185,13.5854085,-0.1827191999999999,0.0006278435,5.42374375e-06
-81.74704879748988,0.051287692,-0.3346793,283.00903,283.91748,102346.31,101268.06,271.45996,271.45996,271.45972,283.75342,-0.017739639,-1.0193348,0.022364192,-0.34304112,1.4880657,-5.2905073,0.75284654,0.18700439,0.1700576,0.071748555,0.06704986,768.7742,0.92419,0.9935714,1.0,1.0,0.11640072,0.95863324,3.4707802e-05,1.13544775e-05,3.4321432,5.4005957,1.1389437,2.1930017,8.090031e-05,0.7779198,2.1362255e-05,1.0,0.04711374,3190.7097,72.34659,-0.0019454942,-0.0005264075,2.4617177e-09,-3315.7874,-1449.9661,18832482000.0,42026852000.0,110464370.0,177120.94,0.054777805,61603810000.0,254.13158,-3206.8804,3041778.0,10316.805,-0.00032322272,2126711300.0,6889358300.0,10420385.0,27188.684,-0.0037111756,9195016000.0,68.00333,2659310800.0,2749486000.0,2628950.0,2649655600.0,2752547800.0,103.78664,0.017999042,0.1999554,12.908512,0.13401645,0.50517243,0.04679353,-0.007175721,-3.956957e-06,-0.01472529,15.13093,-0.39131314,-0.39131314,0.00029831496,0.005611643,0.05124187,37.411743,36.10675,21.966578,26.179703,38.62613,4355.293,0.00057001505,0.0,0.0,-41454.477,3.5999988e-12,0.0,-50162.688,-219099.19,4047.528,0.0,0.0,1084263.0,1269952.0,0.0,0.0,0.0,-720623.5,-888773.5,0.0,0.00043212855,0.00013788628,3162.961,-0.3139838,1711.2622,54.36412,-1.3103485,117.396484,-14.766968,-29.32222,-2.968936258333333e-05,0.2629627616666666,48246.2946,4919.752881866666,8.1958935e-08,6.774183633333333e-07,91.883846,8.584822033333333e-06,2.622753216666667e-05,0.004490764,1.9380620666666666e-06,4.540618416666667e-05,268.5353566666667,15.106330966666668,3.6104764333333335,-0.3977487083333333,7.499716666666666e-06,-2.61283000000001e-07,0.0296897291428571,131651.99071428573,13424.766941428572,1.6406738e-07,1.2422764224285711e-06,33.20833057142857,1.8530162285714288e-06,3.601847337142857e-05,2.656872314285714e-07,215.24651857142857,42.16145114285714,0.4958025914285714,-0.0085721461428571,-7.42e-05,-2.62425e-05,233256.8925,23785.583505,6.8217776500000005e-06,4.22036175e-05,1.307763125,2.98500365e-06,214.8744475,6.399302349999999,-2.950630275,-0.0021587577499999,-2.85e-05,-8.273049999999995e-07,327127.48,33357.71950666667,1.2815995e-05,0.0005118626666666,0.0526255816666666,3.366380666666666e-06,231.72161666666668,4.812261233333333,-0.1547349333333333,0.000259367,5.043549999999997e-07,1.141699335e-05,440773.47,44946.38536,6.45986065e-06,0.0036840985,0.0006279295,3.754009e-06,257.265365,13.223027,0.2482009,-0.0002799245,5.6570998e-06
-80.85973661177795,-0.06271434,-0.59304404,282.97827,283.71606,102338.94,101261.125,271.45996,271.4602,271.45996,283.80054,-0.4364645,-1.4935446,-0.080862105,-0.55802596,1.4946537,-5.290498,0.9115183,0.18696779,0.17002833,0.07177043,0.06706929,761.6377,0.76108795,1.0,1.0,1.0,0.078745365,0.8460617,4.1983338e-05,2.1023414e-05,2.5088615,4.414071,0.8033054,1.8191347,0.00014366403,0.695498,2.7466886e-05,1.0,0.03783742,4240.199,34.872284,-0.0031148319,-0.00063152215,-2.7606606e-10,-4240.1016,-1482.1775,19137673000.0,43373560000.0,113633070.0,182200.0,0.054292988,63305175000.0,271.15112,-4415.0586,3146737.0,10316.137,-0.00026950613,2345539600.0,7576222700.0,12604571.0,29938.598,-0.0037387859,10130387000.0,78.123566,2659810600.0,2750191900.0,2629436.0,2650164500.0,2753351700.0,120.41101,0.01800035,0.2501074,7.0601883,0.13401645,0.50517386,0.04603048,-0.009660166,-3.9310435e-06,-0.01830433,14.920491,-0.3727516,-0.3727516,0.00029831496,0.0056131817,0.07378441,37.290222,36.184784,21.728094,26.179703,38.62613,4355.34,0.00089426944,0.0,0.0,-37755.45,3.5999988e-12,0.0,-50457.445,-221147.81,3121.4456,0.0,0.0,1084618.0,1271296.0,0.0,0.0,0.0,-737829.25,-886711.44,0.0,0.00081134797,8.258736e-05,2663.5386,-0.51837206,1707.8389,45.234146,-2.8328485,86.560135,6.0198107,-9.608822,-1.3846680566666666e-05,0.18021985,48257.27005,4920.872066383333,8.189369733333333e-08,7.982925033333334e-07,90.13817,5.049674865e-06,1.8164072166666663e-05,0.0044861975,1.1493096133333333e-06,3.77865385e-05,268.7918683333333,16.215137816666665,4.19215075,-0.4174904616666666,1.1663156e-05,8.235889571428572e-06,0.0482144142857142,131690.00928571427,13428.643755714284,1.6057399442857148e-07,1.2672932794285714e-06,34.042818714285715,3.1605809142857142e-06,3.92321846e-05,4.427800142857143e-07,215.22624285714284,42.142114142857146,1.052415172857143,-0.1264630437142857,-6.757214285714286e-05,-1.90621205e-05,233275.14,23787.4442375,6.84450435e-06,4.3003788e-05,1.342087825,2.98738175e-06,215.02738,6.10685495,-2.4756363,-0.00305342475,-2.245e-05,-1.5484419999999995e-06,327206.54,33365.781383333335,1.28142955e-05,0.0005144936666666,0.052173406,3.3666914e-06,231.88726666666665,5.036409933333333,-0.3832870999999999,8.931033333333332e-05,1.8452553333333333e-06,1.31022755e-06,440872.03,44956.435685,6.420607e-06,0.003733358,0.000609489,3.75648775e-06,257.4768,12.388463,-1.4230483,0.000619543,7.08708025e-06
-80.44008380326295,0.20106584,-0.7241451,283.10645,283.6997,102326.25,101249.0,271.45996,271.45972,271.45996,283.8081,-0.098270416,-1.7834167,0.13931066,-0.65281576,1.6151857,-5.2907677,1.5027437,0.1869325,0.17000079,0.071789026,0.06708872,1182.4983,0.705887,1.0,1.0,1.0,0.049997013,1.310709,1.4188258e-05,-3.6516125e-05,1.5060167,9.725725,0.37329805,3.5206003,5.8643374e-05,0.7830503,6.1084225e-05,1.0,0.062263258,3340.3755,3.8040934,-0.003843236,-0.000296989,1.7700996e-09,-3479.5793,-876.87744,19591633000.0,45247988000.0,119675430.0,189388.19,0.055678483,65716244000.0,303.53125,-3412.666,3281081.0,10314.91,0.00015230877,2346731800.0,7449502700.0,13022845.0,29440.46,-0.003259369,10020894000.0,84.747925,2658460400.0,2749720800.0,2628015.0,2648781600.0,2752983800.0,132.58514,0.017999198,0.69999003,14.481601,0.13401645,0.5051688,0.047013037,-0.0017527859,-4.120865e-06,-0.020975895,15.625902,-0.035936765,-0.035961196,0.00029831496,0.005603671,0.032978684,38.092117,36.534668,22.952703,41.511627,61.036194,4154.6055,0.0007126166,0.0,0.0,-33916.92,3.5999988e-12,0.0,-56140.46,-221333.75,3890.5732,0.0,0.0,1085570.0,1265181.0,0.0,0.0,0.0,-696517.8,-886718.2,0.0,0.000569609,0.00014286446,2641.9487,-1.1639023,2057.1672,56.16664,4.7265215,111.07622,-3.39853,-22.792343,4.457531083333333e-06,0.4072873266666666,48216.62453333333,4916.727377316666,7.9903866e-08,8.49073675e-07,97.67438,8.777297466666666e-06,7.321033766666667e-05,0.0047092511666666,1.6662535916666667e-06,4.042867416666667e-05,268.5715333333333,17.151419748333335,5.05191615,-0.35653036,2.181188815e-05,3.5691828571428576e-06,0.0250007134285714,131651.6,13424.7271,1.5596402342857144e-07,1.467739501e-06,29.84994214285714,3.814756628571429e-06,2.8547364857142857e-05,5.688383257142857e-07,215.16018714285715,42.397675,1.0815448085714288,-0.0756896425714285,-6.779614285714286e-05,-3.5762837500000005e-06,233191.4075,23778.905895,6.808092675e-06,4.284169325e-05,1.420355045,2.988153225e-06,214.6728575,6.17445825,-1.923473765,-0.0091992665,-2.1925e-05,-8.361130000000004e-07,326991.35333333333,33343.83845,1.2824561666666664e-05,0.000507616,0.0524295959999999,3.365853433333333e-06,231.61920666666663,5.391464553333333,-0.2807953066666666,0.000835064,1.670338333333333e-06,-1.7044660000000007e-06,440516.37,44920.16846,6.43906025e-06,0.0037379065,0.000638729,3.75474245e-06,256.39356,12.54854475,-2.03558676,-0.0004700205,1.01987245e-05
-80.14258962574797,-0.040969416,-0.4374342,283.3335,283.8015,102349.19,101272.0,271.4602,271.4602,271.45996,283.97852,-0.29556978,-1.4067898,-0.09466916,-0.4241557,1.145565,-5.2904816,1.1483097,0.1868912,0.16996843,0.07181066,0.067098975,1379.3013,0.7484318,0.9981236,1.0,1.0,0.0499111,1.1929188,2.0543002e-06,-6.049055e-05,1.4031334,9.825658,0.35814118,2.2390194,1.3299944e-05,0.8636967,0.00014520864,1.0,0.19534153,2721.721,-20.556534,-0.0045576207,-0.0001433879,-8.632416e-09,-3211.7456,-883.562,19906271000.0,46601437000.0,123981160.0,194645.75,0.056749504,67416867000.0,312.45972,-2782.0325,3354017.0,10317.172,-0.0003183682,1988613500.0,5991814700.0,10627716.0,23871.629,-0.0038554287,8151366700.0,64.49083,2658438700.0,2748400000.0,2628098.0,2648772600.0,2751743700.0,120.36342,0.018000618,1.0748472,13.218508,0.13401645,0.50517315,0.035288695,-0.0090749785,-3.2686285e-06,-0.014977511,15.179577,-0.05015247,-0.05015247,0.00029831496,0.0056098886,0.11956096,37.769028,36.013184,22.717394,41.574127,61.036194,4376.926,0.00074454164,0.0,0.0,-32297.684,3.5999988e-12,0.0,-51874.117,-219790.12,3043.5986,0.0,0.0,1086708.0,1270581.0,0.0,0.0,0.0,-683717.25,-884934.4,0.0,0.00038401992,0.00036052172,2961.0476,-0.9684015,1614.4153,63.176376,14.8666935,137.57063,-28.401474,-24.770905,3.713006833333333e-06,0.42236351,48214.70051666666,4916.531181833333,7.746508416666666e-08,1.2008116166666666e-06,95.23177916666668,8.200512383333334e-06,5.630770573333333e-05,0.004606547,6.510248363333334e-06,9.334855916666668e-05,268.427535,17.606768456666668,4.518919149999999,-0.4574273,6.245103883333333e-05,9.27745325714286e-06,0.0006691277142857,131646.0,13424.15606,1.5425539971428572e-07,1.3428149635714286e-06,26.914416857142857,1.0896348571428573e-07,1.7728556885714284e-05,6.807016714285714e-09,215.18445142857144,43.48974371428572,0.7757656785714288,-0.0407148509999999,-6.750414285714286e-05,8.094190750000001e-06,233140.345,23773.6989675,6.7718141e-06,4.2547225e-05,1.5083348125,2.989051175e-06,214.2807825,6.222060225,-1.9571497,-0.00683392425,-2.4225e-05,6.863166666666672e-07,326972.1666666667,33341.88195333334,1.2854513e-05,0.0005075463333333,0.0486051813333333,3.365268e-06,231.4288033333333,6.494268833333334,-0.8289917333333333,-0.00064381,2.781219e-06,-6.542022499999999e-06,440249.565,44892.96192,6.4809327e-06,0.00378663,0.000726082,3.75207585e-06,255.34942,10.768779,-1.5267701000000002,-0.00061166,1.251529835e-05
-79.65880083313654,-0.37469202,-0.44530714,283.36182,283.76392,102303.44,101226.31,271.45996,271.45972,271.45972,284.0017,-1.0756388,-1.4164181,-0.33008575,-0.395539,1.0988712,-5.2899666,1.4798832,0.18686509,0.16994399,0.0718323,0.067124546,1389.3005,0.7789436,0.9900499,1.0,1.0,0.035699498,0.9126965,7.1147115e-06,2.493005e-05,0.8370374,7.777813,0.17131513,0.8442569,0.0,0.7451282,7.7538105e-05,1.0,0.115115345,395.16333,-49.573242,-0.005514346,-6.1149212e-06,-7.499779e-09,-1674.1648,-1404.4277,20402092000.0,48248967000.0,132213080.0,201142.31,0.058836598,69585140000.0,320.64966,-385.12622,3526452.0,10312.625,-0.0005918918,1887638100.0,4599193000.0,12106843.0,19102.504,-0.004785318,6576338000.0,31.422684,2657321500.0,2746241000.0,2627096.0,2647667000.0,2749787600.0,167.79027,0.01799925,0.1999554,1.2210693,0.13401645,0.5051844,0.030264407,-0.016211353,-3.4134491e-06,-0.016516384,14.156648,-0.3289736,-0.32681358,0.00029831496,0.005651593,0.06917596,36.799164,35.60234,21.424503,16.841034,42.106033,4379.051,0.00048692385,0.0,0.0,-21557.68,3.5999988e-12,0.0,-65303.273,-220424.31,3070.1528,0.0,0.0,1088203.0,1257311.0,0.0,0.0,0.0,-726887.56,-889778.3,0.0,3.8761442e-05,0.00044806697,2997.9858,0.46654844,1535.7559,28.860657,-5.205639,58.891052,7.5335274,-5.590002,5.654683499999999e-06,0.522897135,48206.51878333333,4915.696877433334,8.731490166666666e-08,1.0408047316666666e-06,89.51442000000002,9.906567633333334e-06,5.083703403666667e-05,0.0044319646666666,4.354520906666666e-06,4.102971161666666e-05,268.4215483333333,18.7651763,3.2972028833333336,-0.0258690116666666,4.4905611666666655e-05,1.0795423157142856e-05,0.0006690689999999,131610.97285714286,13420.584282857144,1.525268407142857e-07,8.533042028571429e-07,30.643142428571423,0.0,1.915662054285714e-05,0.0,215.03026428571428,43.68252571428571,1.9032573428571429,-0.0257586674285714,-7.5027e-05,8.0074175e-06,233077.235,23767.2635425,6.763211075e-06,4.196179325e-05,1.5781778875,2.990517875e-06,214.06632,5.98438946,-2.357165775,-0.0046315755,-2.5075e-05,4.541363333333333e-06,326865.3666666667,33330.99138666667,1.2870030666666664e-05,0.000508099,0.050413236,3.3633817666666666e-06,230.75751666666667,6.498822333333333,-2.0527542916666666,0.0002955258766666,2.6210418333333337e-06,6.697411500000001e-06,439896.09,44856.9175,6.5328262000000005e-06,0.003837975,0.000860748,3.74926685e-06,254.44549,10.757106,-0.9940877,-0.0007458924999999,1.29537158e-05
-79.61927248320677,-0.17949629,-0.48706228,283.4558,283.75073,102307.19,101229.75,271.45972,271.4602,271.4602,283.99268,-0.7717103,-1.2851915,-0.19550705,-0.44873762,1.7027578,-5.2904587,1.8187485,0.18682373,0.16992217,0.07185084,0.06714398,985.0576,0.6781815,0.98847175,1.0,1.0,0.029871427,0.92117715,-3.668194e-06,1.4172252e-05,0.8385703,7.4008904,0.17297375,0.3457328,8.489594e-06,0.831363,3.6451805e-05,1.0,0.037347615,28.128464,24.112305,-0.003497491,4.0721643e-05,1.9247706e-09,-1336.8875,-1136.478,20541284000.0,48737137000.0,134207100.0,203063.0,0.05930194,70231080000.0,326.70264,-29.563065,3573059.0,10312.844,-0.0006592015,1914774100.0,3722294000.0,13691705.0,16313.164,-0.005260423,5675267000.0,9.288175,2656908500.0,2745186600.0,2626757.0,2647249400.0,2748746200.0,171.69792,0.017999936,1.4499779,13.845743,0.13401645,0.5051725,0.043898657,-0.011578813,-3.6669971e-06,-0.017284408,14.52111,-0.41661108,-0.41661108,0.00029831496,0.0056553856,0.12849575,36.364456,35.337097,20.628338,14.820464,26.217194,4231.7188,0.0003192278,0.0,0.0,-29878.496,3.5999988e-12,0.0,-50649.918,-217655.06,5979.668,0.0,0.0,1090173.0,1275010.0,0.0,0.0,0.0,-783182.06,-891814.1,0.0,7.483484e-05,0.00024420233,3170.7104,0.16844779,2008.2676,-16.81047,-47.3248,63.35565,-25.632019,-61.499115,4.427114999999998e-07,0.392696178,48206.2438,4915.668837033333,8.814320583333335e-08,7.351444783333333e-07,89.31380166666668,5.002418566666666e-06,5.9128781015e-05,0.0043829908333333,1.3886169666666669e-06,1.1368104133333331e-05,268.368205,19.75763178333333,2.51288,0.0599038695,1.3240445e-05,1.0701226199999998e-05,0.0035712372857142,131579.5635714286,13417.381427142856,1.5197521614285713e-07,7.832539614285714e-07,35.64796857142857,6.81195942857143e-08,2.345400738571429e-05,0.0,214.97780285714285,43.570286571428575,3.402877642857143,-0.0129269985714285,-7.605714285714286e-05,9.602837e-06,233054.8275,23764.97861,6.7564415e-06,4.148176625e-05,1.598288525,2.990923575e-06,213.91849,6.0546782,-1.89075635,-0.00276044175,-2.54375e-05,1.6122483333333334e-06,326810.58666666667,33325.405380000004,1.2861497166666669e-05,0.000509651,0.0497756716666666,3.3640292666666666e-06,230.9547233333333,5.859828966666666,-1.84475201,0.0011093356666666,1.3277090666666669e-06,2.6200435000000003e-05,439629.12,44829.69414,6.568442e-06,0.0037936339999999,0.000977708,3.7482878e-06,253.824625,11.3985395,-0.183329,0.0001430685,6.063465975e-06
-79.63453870190206,-0.3840539,-0.35119933,283.07373,283.57007,102256.75,101180.0,271.45996,271.45972,271.45972,283.96045,-1.1209555,-0.9947448,-0.36344153,-0.33631897,1.6397266,-5.2904997,1.8556337,0.18678099,0.1698929,0.07186639,0.06716031,1036.1543,0.91086847,0.9612453,0.98718417,1.0,0.062588155,0.5068974,-2.8005852e-06,3.2037555e-05,1.9376745,3.1887388,0.39604783,-0.008942604,2.5564696e-06,0.6637988,1.5882833e-05,1.0,0.019728128,175.63438,78.92476,-0.003486374,-1.6180187e-05,7.271616e-09,-1367.0051,-1182.0776,20271114000.0,47694836000.0,128049750.0,199034.75,0.0586643,68892620000.0,320.0349,-195.3923,3455286.0,10307.898,-0.0011172963,1796896400.0,2887495000.0,13423499.0,13382.219,-0.0065393783,4676015600.0,-8.007559,2655593700.0,2743938600.0,2625450.0,2645952000.0,2747378000.0,186.72343,0.01800077,2.3501616,-0.51264066,0.13401645,0.5051658,0.04602218,-0.017485082,-3.6691472e-06,-0.014347732,14.564769,-0.44377613,-0.41686732,0.00029814802,0.0056401566,0.055011332,36.026245,35.36847,21.032446,-0.51264066,14.820464,4232.793,0.00011562729,0.0,0.0,-34307.855,3.5999988e-12,0.0,-49470.152,-218128.12,6711.9805,0.0,0.0,1089386.0,1275052.0,0.0,0.0,0.0,-751188.3,-888152.5,0.0,1.9495681e-05,9.6226766e-05,2757.3386,0.2538216,2375.8906,-15.931123,-48.044876,68.376144,-20.643387,-65.67212,-7.558102e-06,0.32447625,48179.97555,4912.9902210166665,8.396110166666665e-08,6.987670266666666e-07,89.297906,4.108498816666667e-06,3.0348529516666667e-05,0.0043664846666666,6.030797783333333e-07,1.50923595e-05,268.362585,19.384744933333334,1.4168119166666664,-0.0087964536666666,7.266425e-06,9.1946837e-06,0.0073664828571428,131539.72357142856,13413.318878571428,1.5388024428571428e-07,1.0526999085714283e-06,39.81698771428571,2.861471714285714e-07,2.748844161428572e-05,2.7253667142857146e-08,214.97565285714288,43.44208414285714,4.269255814285715,-0.0114657464285714,-7.231428571428573e-05,1.222437245e-05,233001.45,23759.53562,6.752771125e-06,4.122765625e-05,1.5587053000000002,2.989864675e-06,213.8191175,6.12768645,-1.68780318,-0.0006947699999999,-2.785e-05,-6.035256333333333e-06,326796.95666666667,33324.015503333336,1.2853106e-05,0.000510636,0.0483665243333333,3.364900633333333e-06,231.29567,5.8586156,-1.1457487666666666,0.0005284353333333,1.9645028e-06,1.3059152e-05,439440.345,44810.444445,6.5257196e-06,0.0036770335,0.000905139,3.75289255e-06,254.285485,11.249886,-0.6791291499999998,0.0012084925,-4.800402500000001e-06
-80.04958368664543,-0.2728014,-0.16254443,283.15186,283.61108,102228.06,101151.19,271.45972,271.45972,271.45996,283.89282,-1.0102472,-0.5445754,-0.27457947,-0.16264814,1.5058479,-5.290638,1.5507259,0.18673962,0.16986537,0.07188803,0.0671798,1054.0759,0.9646929,0.8854372,0.9503284,1.0,0.13655555,0.272703,-3.385081e-05,1.3189065e-06,4.1483593,1.1620045,0.7039505,0.016855687,4.840047e-05,0.6206547,1.9463332e-05,1.0,0.031258583,1160.78,82.284454,-0.0047830455,-5.9473678e-05,8.041045e-09,-2405.973,-1316.4438,19631677000.0,45308617000.0,117770600.0,189854.44,0.055798233,65785680000.0,290.73608,-1220.123,3224276.0,10304.98,-0.00013490728,1688850700.0,2474371600.0,12611611.0,11845.027,-0.006900806,4140676900.0,-14.834897,2654748000.0,2742590700.0,2624639.0,2645098500.0,2745823000.0,158.6408,0.018000498,3.1249037,-0.51264066,0.13401645,0.5051588,0.03923242,-0.010852147,-2.3835992e-06,-0.0076858215,13.555905,-0.4112659,-0.3687976,0.00029806513,0.005605776,0.012295391,35.840546,35.17096,20.587883,-0.51264066,14.820464,4136.8438,0.000117689124,0.0,0.0,-28519.406,3.5999988e-12,0.0,-60425.516,-218686.94,6261.4805,0.0,0.0,1088730.0,1261558.0,0.0,0.0,0.0,-705709.6,-887036.0,0.0,5.8826525e-05,5.8766935e-05,2347.596,0.19731045,2029.5183,-13.571825,-47.166443,63.139465,-12.930158,-45.697693,-2.02526825e-05,0.2607103983333333,48167.4569,4911.713673833333,7.943346633333334e-08,7.987884449999999e-07,91.236286,1.06495462e-05,1.0723359833333334e-05,0.0043537588333333,7.880947116666667e-07,5.964433433333334e-05,268.2413,17.88115051666667,0.7312546666666666,-0.0863997666666666,1.835636833333333e-05,4.121214714285715e-06,0.0156268814285714,131510.14214285713,13410.30241142857,1.53884765e-07,1.2775140884285717e-06,40.23841442857143,1.0900867142857144e-06,2.8398102528571423e-05,1.5670125714285716e-07,214.97573857142856,43.063742857142856,4.506222464285714,0.0151747858571428,-7.680371428571429e-05,9.160251e-06,232953.9225,23754.689165,6.767476375e-06,4.157976275e-05,1.47696439,2.9886528e-06,213.954595,6.0919783,-1.4753910499999998,0.0026048062499999,-2.9575e-05,-1.1457038333333334e-05,326785.81,33322.87886333334,1.2848567666666669e-05,0.0005175856666666,0.049295035,3.3649858e-06,231.26710666666668,6.064129166666668,-0.9034393,-0.0001493343333333,7.227478233333334e-06,-2.80662153e-05,439301.75,44796.31169,6.437586e-06,0.0036911124999999,0.00073293,3.7622344e-06,255.52218,10.155859,-0.5097208000000002,0.000859285,-1.90673665e-06
-81.07109566324048,0.025280148,-0.052605566,283.18335,284.18506,102249.5,101170.125,271.45972,271.45972,271.45947,283.16357,-0.26060092,-0.623888,-0.039065417,-0.012324229,1.3503141,-5.2921267,0.42183083,0.18670917,0.16983002,0.07190657,0.06719613,1037.9927,0.9725096,0.9897416,0.99869233,1.0,0.050113536,0.26554626,1.2930836e-05,5.199224e-06,1.5276365,0.6883625,0.24132746,0.1578849,1.0303001e-05,0.5083217,3.4159544e-05,1.0,0.020003267,-741.7925,28.296158,-0.0072956905,6.0547172e-05,-1.371728e-08,-1795.7214,-2434.325,19615183000.0,45474640000.0,121316700.0,190406.0,0.05455953,65840505000.0,251.40039,706.9426,3267943.0,10306.953,-4.461457e-05,1276594200.0,1777387000.0,9957490.0,8647.891,-0.0065618157,3039673300.0,-10.489336,2655790800.0,2739216100.0,2626080.0,2646139600.0,2742497300.0,95.29669,0.018000431,0.0,-0.51264066,0.13389105,0.50508696,0.036707986,-0.004125342,-3.6549236e-06,-0.005422946,13.019414,-0.41737992,-0.37908518,0.0002939168,0.0056317337,0.008834165,33.865387,33.404053,20.009636,-0.51264066,26.217194,4355.8164,0.00031617307,0.0,0.0,-20539.16,3.5999988e-12,0.0,-68632.81,-218578.19,5324.1914,0.0,0.0,1085387.0,1251537.0,0.0,0.0,0.0,-724488.06,-885911.7,0.0,0.00022886995,8.7398934e-05,2113.7378,0.20962071,1479.7275,14.322437,-16.678696,45.756134,-10.804673,-29.600311,-3.5594503333333355e-06,0.1849290483333333,48183.5728,4913.3570383666665,8.112944666666665e-08,8.373028016666666e-07,78.9471215,6.641367826666667e-06,6.373009666666667e-08,0.003817952,6.69868e-07,3.69140325e-05,268.42533333333336,18.54040218333333,-0.20291533,0.2029282883333333,2.5421727666666668e-05,5.8207657142857145e-06,0.0078125585714285,131587.74857142856,13418.216062857144,1.600225221428572e-07,1.649987129142857e-06,36.19040342857143,9.534765714285716e-08,2.8860363514285715e-05,6.813418142857142e-09,215.08928285714288,43.14808228571428,3.1598685257142853,-0.0409985527142857,-6.192571428571429e-05,6.70631585e-06,232997.595,23759.1425225,6.773248175e-06,4.0020437e-05,1.4573267,2.9882567e-06,214.0822625,6.283923625,-0.5972441150000001,0.005248302,-3.385e-05,-3.7578951e-06,326886.14666666667,33333.110356666664,1.2831898333333334e-05,0.0005175073333333,0.050346268,3.3649094e-06,230.8186033333333,5.680830933333333,-2.6655519,0.0005379869999999,8.301350466666666e-06,-2.84e-05,439426.13,44808.994915,6.51142625e-06,0.0037568535,0.000729015,3.76520845e-06,255.50507,9.11661415,-1.1126728500000005,-0.000393669498,8.3301205e-06
-80.65847429736537,-0.041432433,-0.28373188,283.208,284.29688,102226.81,101147.75,271.45972,271.45996,271.4602,283.57495,-0.11974132,-0.74776375,-0.063445866,-0.29338259,1.5942459,-5.296321,-1.5115519,0.18667394,0.16979939,0.07194042,0.0672186,1032.397,0.2978301,0.97173935,0.9960463,0.9990939,0.003218919,0.27882308,3.682194e-06,9.218863e-06,0.1043579,1.0216856,0.008969493,0.084504604,2.4807432e-06,0.48053837,4.574086e-05,1.0,0.005519744,-336.37012,25.560837,-0.006013334,-4.4901273e-05,-1.113284e-08,-1690.4595,-2090.4841,19369580000.0,44813595000.0,117760024.0,187782.88,0.05447922,64897143000.0,238.50584,274.54834,3182745.0,10304.602,0.00050005084,1490915000.0,2354954500.0,11472550.0,10960.637,-0.0061579384,3843190800.0,-6.114481,2655547000.0,2738275600.0,2625900.0,2645923000.0,2741459500.0,130.869,0.017998893,0.0,6.7030897,0.13389009,0.50483596,0.0551665,-0.0076774247,-7.0922324e-06,-0.015700448,13.449837,-0.08095324,-0.043463957,0.00028566457,0.005672626,0.018537328,33.42192,33.119232,20.078493,8.453865,41.574127,4231.918,0.0001610356,14258.527,1857.4407,-27830.457,12837.3125,42367.016,-65942.81,-222666.62,5003.8984,52952.13,14859.473,1081508.0,1255377.0,171516.25,65584.69,114480.75,-713029.06,-885035.2,550.322,1.3724621e-05,0.00014740642,1798.5029,0.08174211,1237.1018,62.356674,9.687905,109.17909,-14.029726,-23.233566,3.463723266666667e-06,0.0312364753333333,48177.63795,4912.751852133333,8.362315816666667e-08,6.53888615e-07,77.02414,7.779067683333334e-07,1.2705991166666665e-07,0.0037690376666666,1.9283773333333333e-07,4.740698216666666e-06,268.4926766666667,17.337217966666667,0.3153602316666666,0.1643396616666666,4.4479545e-06,9.866873685714286e-06,0.0006690689999999,131588.41,13418.283512857144,1.6662534285714286e-07,1.658162222e-06,37.50749428571429,1.3612244285714286e-08,3.000102435714286e-05,0.0,215.06615428571428,42.41645857142857,4.1353903,-0.104750566,-6.558518464285715e-05,5.52540675e-06,233035.125,23762.969515,6.780879675e-06,3.9791823e-05,1.4325213,2.987990025e-06,214.13263,6.5980868,-0.3982423349999999,0.00243054975,-3.3249999999999995e-05,5.360193e-06,326899.91333333333,33334.51416333333,1.28424975e-05,0.0005077253333333,0.0513834346666666,3.3639286666666667e-06,230.3918,5.048660333333333,-2.9891046,-0.0004325023333333,6.415445266666666e-06,-2.7465850000000003e-06,439303.0,44796.43915,6.577614e-06,0.0036461435,0.0008507345,3.76071925e-06,254.268205,8.720241,-0.1595902499999999,-0.000277905,6.990434e-06
-80.72700228974503,-0.26269013,-0.14527714,283.07837,284.46753,102284.625,101205.69,271.45972,271.45996,271.45972,284.406,-0.2954169,-0.43522406,-0.26199484,-0.15052027,2.0638943,-5.3127203,-9.830295,0.18663734,0.16978234,0.07195902,0.06723195,1095.469,0.3161415,0.6790682,0.97296554,0.9895151,0.0042620525,0.2694344,-3.614644e-06,1.7449769e-05,0.1236946,1.1464338,0.02163469,-0.07047993,2.3839648e-06,0.40261507,3.133506e-05,1.0,0.0021004518,986.2361,52.439392,-0.007030979,-0.00025311252,-2.374576e-09,-2747.1116,-2311.3665,18923596000.0,43490920000.0,111784870.0,182543.75,0.05307951,63119024000.0,237.49011,-1060.7959,3067401.0,10310.348,0.0011389242,2086561000.0,3841234200.0,14976536.0,17057.14,-0.0049556196,5943870000.0,-0.13644314,2657047800.0,2740811000.0,2627292.0,2647404000.0,2743881000.0,169.87445,0.017999303,0.0,-0.51264066,0.13388914,0.50374097,0.06153379,-0.011625502,-1.4123788e-05,-0.009706184,14.078167,-0.40339464,-0.3997336,0.00025313417,0.0056954175,0.0083328,33.819183,33.53659,20.795439,14.820464,38.66362,4214.9062,0.00015643836,255253.62,8393.055,-66339.19,86435.375,398154.25,-73882.125,-227644.56,-1310.7788,471636.94,99915.06,1080033.0,1255413.0,1034695.4,356129.56,765897.25,-699358.44,-884661.44,6553.793,8.205124e-06,0.00014823323,1628.9807,0.052377082,1181.4668,33.310425,-15.8180685,76.68283,-15.939844,-28.916916,1.810636333333334e-06,0.0442848224999999,48221.31345,4917.2055136,8.475404883333336e-08,5.997197216666667e-07,82.07079316666666,8.864752555000001e-07,4.69039025e-07,0.003959377,4.276537616666668e-08,2.1944605e-06,268.35123500000003,16.182508333333335,1.8787850233333327,0.0159390966666666,1.178437000000001e-06,1.1784536428571428e-05,0.0,131614.75,13420.969442857142,1.6981023642857145e-07,1.377081139e-06,41.770207285714285,0.0,3.934954917142857e-05,0.0,214.9883185714285,41.21820714285714,5.421968085714285,-0.0828596392857142,-7.768885714285714e-05,-1.392027499999999e-07,233104.58,23770.0519525,6.8151603e-06,3.95984285e-05,1.4021674174999998,2.9884154e-06,214.30016,6.461837025,-0.464114145,0.00188013725,-3.2200000000000003e-05,7.054991333333334e-06,326935.7133333333,33338.16475,1.2846064666666668e-05,0.000500475,0.0517994509999999,3.3637513000000003e-06,230.17082,5.099344166666668,-3.056689966666667,-0.0008532536666666,4.822406066666667e-06,1.0453975e-05,439358.34,44802.08226,6.6017386e-06,0.0035319555,0.0008821835,3.75978835e-06,254.130855,7.9912307,1.06201983,-1.035100000000001e-05,1.97067815e-06
-80.29480132311701,-0.21027482,0.001892955,282.75586,284.63086,102306.875,101228.19,271.45996,271.45996,271.45996,285.16455,-0.20694119,-0.15033805,-0.23767072,0.018021598,2.6595669,-5.32808,-19.989456,0.18660206,0.1697548,0.071980655,0.067251384,1246.6865,0.89897895,0.5002493,0.96357954,0.9973725,0.095413625,0.24067104,-3.767613e-05,3.0243727e-06,2.8388119,1.1868963,0.7077466,-0.0630458,1.19805945e-05,0.31372344,1.7531274e-05,1.0,0.006253045,1541.6631,84.632355,-0.004325073,-0.0002330926,6.820713e-09,-2535.8962,-1449.9951,18352020000.0,42015085000.0,103785900.0,176565.31,0.05185159,61079620000.0,243.48204,-1570.3513,2922026.0,10312.871,-0.00095846783,2779093500.0,5630482000.0,18571090.0,24409.945,-0.0030722974,8456725000.0,10.700631,2657353500.0,2742294000.0,2627500.0,2647711700.0,2745216800.0,211.20796,0.017999496,0.024945475,48.74823,0.13388824,0.5028334,0.07058406,-0.011779495,-2.1882908e-05,-0.007238947,14.15179,-0.41082662,-0.41082662,0.00022332402,0.005686637,0.0056336597,34.471817,34.005142,20.48265,52.3472,67.26793,4136.621,0.00049786665,721735.75,32991.547,-146572.0,202452.19,915032.7,-76365.81,-233800.81,-13990.035,1062728.0,234107.25,1081569.0,1262827.0,1882748.0,710838.75,1496370.0,-714075.44,-885442.75,10931.121,0.0004063826,9.148411e-05,1289.4424,-0.16703677,1206.1909,14.427123,-40.515884,40.22209,5.9703293,11.909485,-8.879823500000002e-06,0.1317709401666666,48230.58086666666,4918.1505271333335,8.301881733333332e-08,6.960498e-07,87.00408916666667,9.990356745e-06,3.872537363333334e-06,0.0041420325,9.350405166666669e-08,3.281751766666667e-05,268.26089833333333,15.723086983333332,2.6636196716666665,-0.1527351611666666,1.5831222999999998e-05,5.685495042857143e-06,0.0,131574.35642857142,13416.850445714284,1.698150591428572e-07,1.330039544142857e-06,47.26798128571429,0.0,4.847642077142857e-05,0.0,214.98605142857144,40.353725571428576,6.597851228571429,0.0081979754285714,-6.527142857142857e-05,-4.240090250000001e-07,233140.765,23773.7417975,6.8261575e-06,3.874279425e-05,1.3876434875,2.988338575e-06,214.3134,6.90360115,-0.404582325,-0.0032597655,-3.5e-05,5.875997e-06,326895.10000000003,33334.02334,1.2834978333333331e-05,0.0005023466666666,0.0512474443333333,3.3648618e-06,230.33616,4.012489966666667,-2.877577983333333,0.0003676506666666,3.5282854666666668e-06,9.901321e-06,439691.41,44836.045945,6.569411e-06,0.003517702,0.000811013,3.7626733e-06,255.06272,7.78279625,2.8253851,6.391050000000001e-05,2.5915435e-06
-80.54381453504064,-0.5163705,0.04761845,282.65356,287.07397,102214.25,101137.94,271.45972,271.45972,271.4602,286.34497,-0.65794915,-0.17404938,-0.6464329,0.09832531,3.2320776,-5.337143,-38.656143,0.18656242,0.16972554,0.07200533,0.0672586,1421.5222,0.96916854,0.38589233,0.7243132,0.97551167,0.17964733,0.108394206,-3.5206913e-06,-1.4309796e-05,4.9425783,0.95337063,1.6422014,0.22234476,3.487282e-05,0.2907865,2.1323489e-05,1.0,0.052899465,2031.4902,101.36401,-0.0041133016,-0.0002948416,4.6498663e-09,-3184.3665,-1819.2905,17936298000.0,40839057000.0,95451710.0,171661.94,0.051846102,59479503000.0,243.20566,-2251.9663,2793347.0,10303.629,-0.0012332576,3254892000.0,7112620500.0,19533760.0,30248.5,-0.00166686,10445620000.0,23.987228,2656788000.0,2741496300.0,2626976.0,2647156700.0,2744292000.0,363.14966,0.018000621,0.0,-1.000001,0.13388729,0.5024575,0.05506338,-0.027237896,-3.6605605e-05,0.00067863194,13.690531,-1.000001,-1.000001,0.00020663068,0.0056619495,0.016214203,34.679565,33.91246,20.8261,-1.000001,-1.000001,4122.3906,0.00019115645,1197807.0,103348.56,-359916.7,673265.44,1394959.0,-141822.25,-241958.12,-109811.125,1612988.0,775416.8,1084379.0,1227649.0,2577431.0,1376416.0,2122498.0,-706178.4,-887055.1,213571.31,0.00012322162,6.8411435e-05,1048.8489,-0.63268346,1401.5764,35.130646,-3.8447275,43.38237,9.025024,22.709,-3.1058950000000005e-05,0.2445564071666666,48220.68091666666,4917.1410131,8.265206333333333e-08,9.387502083333332e-07,85.44263166666667,2.1523081225e-05,1.148816265e-05,0.0041958785,9.603380116666669e-07,0.000122043256,268.58467666666667,15.502825208333334,3.2812573683333333,-0.3240117133333333,4.89374765e-05,2.676444928571429e-06,0.0011160714285714,131584.6507142857,13417.900171428571,1.697023092857143e-07,1.4665157085714286e-06,45.27406057142857,1.3623918571428572e-07,4.02428273e-05,0.0,214.98612,39.823669714285714,6.480294871428571,0.0052171701428571,-4.868571428571428e-05,-5.24639915e-06,233109.45,23770.54856,6.83196055e-06,3.861691125e-05,1.384605375,2.98855685e-06,214.337995,7.28733735,-0.389284375,0.0017321659999999,-3.5875e-05,-3.313333333333333e-06,326912.1866666667,33335.76569666667,1.2814024333333332e-05,0.0005132156666666,0.0485826443333333,3.3669511666666664e-06,230.97954666666664,4.1030061,-2.3513997066666668,0.0010121989999999,3.954659e-06,1.4207554e-05,439906.46,44857.974945,6.574955899999999e-06,0.0034922045,0.0007972694999999,3.75969195e-06,255.12899,8.241847,4.08756875,-3.4e-05,2.00639865e-06
-79.95774009799705,-0.19650322,0.383259,282.0525,287.19604,102216.44,101141.125,271.45996,271.45996,271.45972,287.04614,-0.27581817,0.35131866,-0.25812268,0.5095463,3.2836876,-5.3417015,-31.07071,0.18652105,0.16969627,0.07202089,0.06728107,573.7864,0.9748304,0.33876938,0.889069,0.98299557,0.18889391,0.13191366,1.565415e-05,1.9771338e-05,4.8738184,1.298377,1.8316011,0.43685764,2.7912565e-06,0.20366544,1.06373145e-05,0.0,0.11350578,2343.837,48.86255,-0.0058871545,-0.00032598712,2.659067e-09,-3780.9143,-2262.143,17779507000.0,40406594000.0,93504530.0,169849.38,0.051204678,58913980000.0,253.46432,-2450.0073,2763674.0,10303.945,-0.0006671285,3759136000.0,9224539000.0,20863344.0,38319.79,0.00022681426,13149774000.0,57.171616,2657774300.0,2743757600.0,2627827.0,2648129000.0,2746520800.0,587.6272,0.01800089,0.0,-1.000001,0.1338864,0.50237435,0.041256934,-0.0077242255,-3.4707613e-05,0.010075685,12.904357,-1.000001,-1.000001,0.0001989627,0.0056502298,0.004673708,35.38066,34.420853,20.22821,-1.000001,-1.000001,4238.715,0.00030880095,1568674.0,126297.375,-509293.75,972909.3,1755587.0,-164563.0,-269490.56,-188243.75,2026262.0,1130070.0,1094449.0,1240696.0,3071385.0,1791932.0,2576312.0,-684387.8,-894858.4,421096.06,0.0002456915,6.325243e-05,923.9663,0.05118186,2480.0337,14.196654,-39.944305,10.963515,-0.47443688,-15.417903,-1.6597670983333335e-05,0.373212601,48241.6094,4919.2751244,8.25539525e-08,1.0483606666666666e-06,89.13671916666665,3.14862283005e-05,1.6640185291666667e-05,0.0043537025,2.8821846e-06,0.0001586005,268.6754966666667,15.507461845,4.020562316666666,-0.168824791,5.5365671166666666e-05,5.292115428571428e-06,0.0011160714285714,131638.16142857142,13423.356744285717,1.6478596214285716e-07,1.2728230732857142e-06,44.55758157142857,6.81195942857143e-08,3.47647418e-05,0.0,214.95514428571428,39.62697071428572,6.782963514285714,-0.0937229398571428,-6.64142857142857e-05,-1.9458589250000003e-06,233131.72,23772.819462500003,6.8529453e-06,3.929502125e-05,1.368687925,2.9894843e-06,214.61064,7.230475999999999,-0.6071662575,0.0029278362499999,-3.3225e-05,9.761115166666668e-06,327021.73,33346.93601,1.2822202333333334e-05,0.000512953,0.0501503396666666,3.3657052e-06,230.65752333333333,4.177015966666667,-1.7410931333333333,-0.0017342836666666,4.4675010333333336e-06,-4.5897135e-06,440200.53,44887.96174,6.54488025e-06,0.0035140264999999,0.000690235,3.7603613e-06,256.084435,9.891633,5.6451551,2.1408500000000003e-05,4.751515000000001e-07
-79.65956167902137,0.21301955,-0.07032591,281.30664,287.23462,102163.94,101090.625,271.45996,271.45972,271.45996,286.9934,0.26638925,-0.24610734,0.28442395,-0.090406775,3.45267,-5.3419085,-22.292389,0.18647975,0.16965348,0.072045565,0.06729442,2119.7937,0.99201083,0.28864235,0.93370855,1.0,0.23111963,0.2109831,3.1062955e-06,-2.6735055e-05,5.9036493,2.8897429,2.6089096,1.1763382,9.259952e-06,0.1723116,8.612222e-06,0.0,0.17112899,3260.6506,55.942368,-0.0030926126,-0.00049679563,1.1254706e-08,-3466.629,-1399.4441,17671300000.0,40237322000.0,91971010.0,169069.25,0.05169182,58656450000.0,262.53125,-3400.4512,2737338.0,10298.801,-0.00096257194,4083499500.0,10502156000.0,21944338.0,43154.18,0.00064122933,14797683000.0,76.993164,2656578800.0,2744528100.0,2626460.0,2646967000.0,2747286300.0,730.7876,0.017999966,0.25026107,-1.000001,0.13388723,0.5023972,0.046789307,0.0045585223,-3.3408156e-05,-0.0017003093,12.595263,-1.000001,-1.000001,0.00019836283,0.005622588,0.0050048567,36.67923,35.215515,20.016594,-1.000001,-1.000001,4239.6406,0.0006575824,1773730.0,166797.31,-558650.56,1168947.0,1950699.0,-212576.88,-288402.56,-256557.38,2249802.0,1346197.0,1103877.0,1220925.0,3330818.0,2092163.0,2816800.0,-669162.4,-902724.8,414698.8,0.00062461826,3.2820855e-05,654.0696,-0.63159204,3050.8352,-0.21484381,-88.55878,-3.520585,-1.2122421,-50.953674,-1.4151055333333334e-05,0.44276145,48190.868083333335,4914.100950066667,8.1653638e-08,1.14417221e-06,92.21680416666668,3.2692683956666664e-05,4.0252356833333335e-05,0.0044535806666666,4.517490916666667e-06,0.0002560208333333,268.64481666666666,14.826691896666668,5.00532066,-0.4394891383333333,5.984653833333333e-05,-9.470772714285716e-06,0.0024551361428571,131610.555,13420.541674285714,1.6207911942857142e-07,1.5756113242857144e-06,39.83150585714286,1.6351844285714285e-07,3.4706443714285715e-05,1.0223321428571429e-08,214.92771142857143,39.64583071428571,7.152217442857142,-0.0122354774285714,-5.1085714285714285e-05,1.56691975e-06,233085.11,23768.0665675,6.870198975e-06,3.983929425e-05,1.364082585,2.990430625e-06,214.835755,7.60509455,-1.476451525,-0.00174059725,-3.29e-05,-6.019361333333334e-06,326928.9766666666,33337.4778,1.2787576e-05,0.00052414,0.0507222816666666,3.3675342000000003e-06,231.2209833333333,4.5627896,-1.5747729,-8.393233333333333e-05,3.5338096666666662e-06,-5.110474e-06,440188.79,44886.764595,6.6062082e-06,0.003483384,0.0007082655,3.7542877e-06,255.63444,10.9678465,5.6136232,-0.0003906234125,-8.5802385e-07
-79.49506895993639,0.30244225,0.41608775,281.771,286.82935,102145.75,101073.56,271.45996,271.45996,271.45996,286.531,0.42311376,0.3676694,0.375228,0.5121943,3.0841198,-5.309614,-5.802642,0.18644756,0.16963035,0.0720672,0.06731689,1593.1511,0.9988697,0.28701037,0.9917992,1.0,0.23303801,0.28508258,2.7301343e-05,6.652833e-06,6.099819,3.978012,2.9632654,1.7719126,0.00013945086,0.30488795,2.3522356e-05,1.0,0.33461547,4977.8125,41.59247,-0.0043490604,-0.0006677173,-1.5701305e-09,-4831.4883,-1547.405,17757567000.0,40884300000.0,92346020.0,171311.56,0.05310837,59433013000.0,279.30908,-5111.5234,2775407.0,10297.0,-0.0014003955,4161567000.0,11166286000.0,22381350.0,45412.254,6.330908e-05,15568868000.0,88.08438,2656467500.0,2745578500.0,2626251.0,2646832000.0,2748343800.0,476.78833,0.018001169,0.0750975,-1.000001,0.1338864,0.5041351,0.03254176,0.0055053495,-2.4742883e-05,0.018135656,13.169015,-1.000001,-1.000001,0.00026014866,0.0056033432,0.059211377,37.842636,35.66896,20.318264,-1.000001,-1.000001,4221.633,0.0007073623,1775252.0,104168.125,-451704.62,863575.3,1953400.0,-175396.81,-302476.44,-170930.56,2252798.0,997395.1,1114612.0,1254340.0,3338013.0,1747356.0,2823509.0,-658096.5,-908087.0,81740.69,0.00066423044,4.2750646e-05,761.18945,-1.5077124,2071.0786,0.23046875,-71.98053,-1.3987808,-0.0021718233,-52.578568,-2.749114e-05,0.4278918683333333,48161.994483333336,4911.156662616667,8.084000916666667e-08,1.3266256766666665e-06,92.68117266666668,2.13459835e-05,4.258338066666666e-05,0.0045257186666666,1.0301650443333333e-05,0.0003781604999999,268.69055166666664,15.127975236666666,6.744975708333334,-0.7540026366666667,7.665908433333333e-05,-4.270843142857143e-06,0.0075875057142857,131623.63357142857,13421.875315714287,1.5745832357142858e-07,1.600803247142857e-06,34.123082714285715,1.0895454285714285e-07,3.063469395714286e-05,6.806122428571429e-09,214.92261428571427,39.720888714285714,6.182437785714286,0.035103816,-5.154285714285714e-05,-4.07592325e-06,233082.5475,23767.8052625,6.898588e-06,4.13718435e-05,1.358882935,2.99198045e-06,215.192555,7.33378035,-1.9667809,0.0057143879999999,-3.1075e-05,-3.414435e-06,326935.43333333335,33338.13619666667,1.2767664e-05,0.00052485,0.0527203956666666,3.367262533333333e-06,231.30003,4.952042266666667,-1.646427466666667,-0.00031936,4.624943666666667e-06,-1.0725e-05,440187.57,44886.640185,6.6237498e-06,0.003574868,0.0007295495,3.75091895e-06,256.015375,13.220294,6.1404745,-0.0002121249999999,5.0979765e-06
-79.37446508337062,0.009006672,1.1915188,282.54834,286.15894,102065.19,100991.56,271.45996,271.45996,271.45972,285.3562,0.08211112,1.521883,0.007775314,1.245388,2.9515524,-5.290929,-4.934046,0.18641704,0.16960889,0.07208574,0.06733024,2812.453,0.9642133,0.16506112,0.9847626,1.0,0.17865318,0.25275654,7.948029e-05,3.7104066e-05,5.0655003,4.113096,1.9501648,1.8514824,7.787456e-05,0.639488,0.00011235518,1.0,0.34698468,3852.8948,36.173416,-0.0011519161,-0.00024919352,-1.1479354e-08,-3227.422,25.964066,18241739000.0,42334917000.0,99808220.0,177029.31,0.055126373,61385273000.0,281.302,-3919.1504,2937344.0,10288.809,-0.0021862164,3864808200.0,10859362000.0,22825204.0,43807.863,-0.0013637454,14973073000.0,90.59607,2654840300.0,2743660500.0,2624658.0,2645219000.0,2746617000.0,231.18135,0.017999101,2.3248968,-1.000001,0.13389295,0.50516474,0.032540113,-0.0044110566,-2.6247479e-05,0.04885503,14.24203,-1.000001,-1.000001,0.00029688445,0.0056337453,0.17224151,37.330124,35.562668,20.679928,-1.000001,-1.000001,4085.6465,0.0007469554,1583100.0,104855.375,-373892.0,613409.0,1768556.0,-140815.94,-285570.62,-93211.625,2040677.0,708452.6,1118405.0,1271134.0,3092485.0,1437634.0,2597487.0,-680472.8,-904655.7,105001.31,0.00055767945,0.00018937126,1593.4954,-1.5703497,1323.5383,2.7854233,-26.137756,4.9823046,-0.82074994,-16.617523,-1.7800245416666666e-05,0.3455541516666667,48106.31258333334,4905.478688833334,8.2041254e-08,1.2126055066666667e-06,89.78393383333334,1.4112419416666668e-05,4.5181048000000005e-05,0.0044857553333333,1.1990286116666669e-05,0.0002687531666666,268.775635,16.287973675,7.959659816666666,-0.6843543873333333,6.0403e-05,-7.359454857142858e-06,0.0075846952857142,131593.35785714287,13418.788052857142,1.5316407314285714e-07,1.4534331985714286e-06,31.259301571428573,1.2251021428571428e-07,2.7143555042857145e-05,1.020918357142857e-08,214.86081,40.159884,5.7203542857142855,0.0262965932857142,-5.335435914285714e-05,2.0152867500000004e-06,233114.2025,23771.0331775,6.91401315e-06,4.19761125e-05,1.352044455,2.99204885e-06,215.2561775,7.6021638,-2.621760625,-0.0034943945,-2.9575e-05,-5.679811e-06,326907.29333333333,33335.26671333333,1.2745584333333336e-05,0.000532247,0.0543561833333333,3.3683527666666664e-06,231.67713,4.476157533333333,-1.5861558999999998,-0.0004086413333333,6.747142666666667e-06,-5.250197500000001e-06,440287.09,44896.7884,6.593766e-06,0.003636124,0.0007307275,3.74952285e-06,256.675955,14.9647765,5.759510000000001,-9.596e-05,9.465413e-06
-79.32587411274983,-0.040369943,1.1475916,283.2268,285.48535,101992.31,100918.875,271.45996,271.45972,271.4602,285.04102,0.016586818,1.4837437,-0.048283685,1.1943159,3.0949965,-5.2907963,-3.2665844,0.18637878,0.169581,0.0721041,0.06734967,1475.727,0.5575717,0.13866347,0.9834428,0.9897416,0.060794417,0.27665514,3.062487e-05,-1.754958e-05,1.6678247,6.3008356,0.62786984,3.032712,0.0,0.6640926,0.00015955597,1.0,0.18602788,1197.8015,36.726303,-0.0047179423,-0.00014844848,-1.1568215e-08,-2220.7717,-1357.4502,18645969000.0,43502547000.0,104456760.0,181597.44,0.057458032,62987215000.0,293.81348,-1328.6648,3051024.0,10281.359,-0.00070778304,3575249700.0,10425486000.0,22030812.0,41857.57,-0.0024372223,14277729000.0,102.04167,2653337000.0,2742810600.0,2623105.0,2643720000.0,2745875700.0,229.38466,0.018000502,0.09978187,-1.000001,0.13389212,0.5051656,0.09191471,-0.0013823402,-1.9975487e-05,0.03790034,14.704082,-1.000001,-1.000001,0.00029688445,0.0056840777,0.29034048,36.764267,35.820786,21.504557,-1.000001,-1.000001,3970.9463,0.0009843204,1228735.0,54048.992,-253416.12,260676.12,1421088.0,-79106.06,-240193.88,-20738.14,1641883.0,300649.5,1103163.0,1275045.0,2610874.0,910025.44,2156681.0,-675017.9,-896650.94,10177.875,0.00014354405,0.0008403943,2698.9092,-1.0025969,2419.2593,-20.421677,-25.572449,209.15532,106.87355,166.79248,1.2646693333333333e-06,0.4520791866666666,48068.57444999999,4901.630470116666,8.501077316666665e-08,1.0792355666666666e-06,94.246826,1.4579936883333331e-05,8.040713000000001e-05,0.0046239363333333,6.444139193333334e-06,0.000119891079,268.56193,17.78244459,8.288472950000001,-0.3548634731666666,4.637631083333333e-05,-6.291029142857143e-06,0.0042403064285714,131560.16999999998,13415.403832857144,1.5507709857142856e-07,1.4122419085714287e-06,30.740594142857145,4.083673428571428e-08,2.675788407142857e-05,3.403061142857142e-09,214.7547885714285,40.20356557142857,5.942939828571428,0.0751605905714285,-6.396571428571429e-05,1.0930337175e-05,233137.315,23773.3899925,6.879483875e-06,4.252396025e-05,1.32397469,2.9901216e-06,215.0318575,7.677486999999999,-3.138492325,-0.00081857325,-2.9275e-05,-5.551390000000009e-07,326951.3133333333,33339.75550666667,1.2757518833333331e-05,0.000531269,0.0528713763333333,3.3679752666666662e-06,231.73724666666664,5.285706533333333,-1.211543686666667,-0.0003861236666666,8.424628291333334e-06,4.3223849999999933e-07,440502.0,44918.703125,6.568972e-06,0.0036407905,0.000672234,3.75002765e-06,257.127955,15.906466,4.19824975,0.0001405185,1.034206635e-05
-79.32151779736358,0.20531553,1.0334835,283.1306,284.8086,102015.625,100941.69,271.4602,271.45972,271.45996,284.81836,0.38279128,1.347125,0.20258558,1.0537844,2.7708817,-5.2907715,1.5752535,0.18633604,0.16955346,0.07213485,0.067366004,1821.023,0.27944458,0.20082504,0.9950026,1.0,0.02840592,0.50449234,9.5245525e-07,-1.8498366e-05,0.6648005,10.404626,0.30529892,5.0266438,0.00017137568,0.60171324,0.000100223304,1.0,0.118557155,580.32446,26.700455,-0.0046995804,-0.00013097974,-2.9555904e-09,-1946.362,-1657.6514,18746993000.0,43794838000.0,105499350.0,182662.81,0.057811204,63364555000.0,285.6797,-659.6616,3092057.0,10283.609,-0.00024663075,3331608300.0,9805403000.0,21527636.0,39393.895,-0.004574064,13403195000.0,98.21803,2654177800.0,2743052800.0,2623989.0,2644548000.0,2746158300.0,195.82014,0.017999053,0.0,-1.000001,0.13389128,0.5051659,0.08554155,0.00044117775,-1.2886341e-05,0.031532448,13.405867,-1.000001,-1.000001,0.00029688445,0.005706627,0.18410754,36.43364,35.583374,20.133615,-1.000001,-1.000001,3975.974,0.0010421439,757388.94,30050.332,-210991.62,203812.19,947256.8,-81361.5,-237908.75,-7109.043,1098652.0,233428.81,1103236.0,1266185.0,1925870.0,690519.1,1538722.0,-746275.8,-898330.44,32851.434,0.00055538607,0.00048666238,2391.5896,-0.4809125,2971.1624,-3.3467941,3.9422483,311.8518,145.59805,181.20949,1.7464558083333335e-05,0.4671921166666666,48077.14313333333,4902.5042327,8.868947083333333e-08,9.86233305e-07,92.54956416666666,9.2250403e-06,0.0001405820274333,0.0046206008333333,3.6012307000000003e-06,5.424096045666667e-05,268.63061,18.86509780333333,8.123738833333334,-0.1823543291666667,3.507483333333333e-05,1.5935340000000006e-06,0.0015621174285714,131595.20428571428,13418.976337142858,1.594735297142857e-07,1.2827400821185714e-06,32.19041842857143,1.3612244285714286e-08,2.86386942e-05,0.0,214.81232285714285,39.71350328571429,6.187928328571429,0.0325391367142857,-7.912114285714285e-05,1.486413075e-05,233220.3575,23781.857975,6.85165045e-06,4.288883775e-05,1.245869375,2.987209875e-06,214.93484,7.195743,-3.4089230500000003,0.000933612,-3.0025e-05,6.3206485e-06,327063.62666666665,33351.20828,1.27672245e-05,0.0005242993333333,0.0506461776666666,3.3670121333333333e-06,231.68993333333333,6.127535033333333,-1.9933326,-0.00038819,6.307104466666666e-06,2.157848e-05,440866.75,44955.897275,6.5831567e-06,0.0036349399999999,0.0006717495,3.7482774e-06,256.84998,16.157796,1.800248175,-0.000447066267,7.357326000000001e-06
-79.42178727366166,0.24568921,0.9768323,283.40747,284.8938,101975.625,100901.75,271.45972,271.45996,271.45972,284.30493,0.59504914,1.5120935,0.21788704,0.90737665,2.2904806,-5.2907686,2.5290642,0.18629777,0.16952723,0.07214427,0.06740075,2009.0139,0.29033965,0.22295994,1.0,1.0,0.028844886,0.51820576,2.9667399e-06,-1.8877574e-05,0.69566953,9.706372,0.29010558,4.893667,0.0004887283,0.5438043,6.560721e-05,1.0,0.094335616,642.8755,22.2173,-0.003498111,-0.00024763797,1.6873436e-09,-1630.0127,-1581.553,18823076000.0,43821710000.0,108301200.0,182799.31,0.05730406,63460266000.0,282.54956,-713.6931,3159113.0,10279.547,-0.0006950139,3257585700.0,10034577000.0,21870910.0,40158.61,-0.0059442706,13589584000.0,110.548676,2653412600.0,2742873300.0,2623179.0,2643781600.0,2746016300.0,151.9007,0.01799966,2.1247234,-1.000001,0.13389051,0.5051663,0.069304585,0.0039851777,-6.502336e-06,0.023254856,13.606574,-1.000001,-1.000001,0.00029688445,0.0057111233,0.23747689,36.590942,35.81819,20.434656,-1.000001,-1.000001,3879.7004,0.0006698549,281754.8,11919.949,-133497.56,109868.19,427844.38,-81226.125,-231104.75,3050.1,504732.75,126942.44,1102780.0,1259184.0,1084321.0,398252.25,809556.0,-811449.3,-899782.2,20833.965,0.00037444057,0.00029522344,2012.1011,-1.02001,3733.2449,35.109726,23.183945,306.9077,133.52893,119.47565,2.314790616666667e-05,0.4614592221666667,48050.218583333335,4899.758692616667,8.858086266666667e-08,8.2352234e-07,91.890875,7.992812716666666e-06,0.0001348515004966,0.0046720048333333,2.8838904166666666e-06,3.450349241666667e-05,268.85266,19.864083283333333,7.840141366666667,-0.0970241763333333,1.1715163666666664e-05,4.310519714285715e-06,0.0042403064285714,131591.85857142857,13418.635167142857,1.6276091485714288e-07,1.4404144108e-06,35.214126428571426,9.534408571428573e-08,3.537352337142857e-05,3.403061142857142e-09,214.8301071428572,39.278314,6.903158957142857,0.0135148021428571,-7.893985714285714e-05,7.9193415e-06,233209.0,23780.69983,6.857165625e-06,4.284716875e-05,1.19411601,2.98608025e-06,215.05501,6.44101095,-2.67955004,0.00289266525,-3.0925e-05,2.103949999999991e-07,327030.48,33347.82826,1.2749340333333334e-05,0.0005294133333333,0.0508415166666666,3.367180066666667e-06,231.86379,6.450948999999999,-2.6779374333333337,0.0008602729999999,4.430604e-06,2.5433037e-05,440704.97,44939.400305,6.60852725e-06,0.003590397,0.000700143,3.74600135e-06,256.283135,15.5857865,-0.907951435,-2.5574999999999903e-06,-3.0269999999999966e-08
-79.41116121878747,0.6583678,0.33417177,283.40308,283.95752,101969.25,100892.875,271.45947,271.4602,271.4602,283.70825,1.2923965,0.34304577,0.6547836,0.32081133,2.050435,-5.290721,-0.35964364,0.18626422,0.16949493,0.07216591,0.067414045,737.31177,0.69170606,0.0394507,0.9600212,0.98001057,0.06391442,0.48690414,8.662641e-06,-6.2909705e-05,2.0481405,8.063886,0.4522763,4.565612,7.3078176e-05,0.7025943,8.770352e-05,1.0,0.100431025,4737.5273,128.84346,-0.012667511,-0.0009200361,9.585037e-09,-7261.211,-4724.25,18538787000.0,43574170000.0,104263870.0,181370.81,0.054445,62995407000.0,311.4646,-5005.039,3100729.0,10278.617,-0.00010081859,3375956000.0,10428344000.0,22012808.0,41635.81,-0.0051072463,14133764000.0,122.635086,2653623800.0,2746720800.0,2623057.0,2643998000.0,2749806600.0,132.9751,0.018000033,0.50002307,-1.000001,0.13375872,0.50516886,0.0609593,0.013487693,-6.540571e-06,0.004185889,14.257541,-1.000001,-1.000001,0.0002954835,0.005681932,0.34705514,38.094788,37.276382,21.189835,-1.000001,-1.000001,3940.0327,0.00062286155,19686.945,2100.7207,-61833.25,12197.586,51751.844,-73229.19,-223573.12,9616.418,64961.582,14079.078,1100301.0,1257031.0,203781.0,75367.25,136963.5,-799628.75,-895846.8,1023.823,0.00039788964,0.00022478135,2100.009,-1.3824568,4310.574,97.73073,37.98436,304.739,110.14084,66.64403,6.781007883333332e-06,0.4448154099999999,48044.7075,4899.19671855,8.351394483333335e-08,8.118461549999999e-07,94.47137583333334,5.694365216666667e-06,0.0001186477213333,0.0048800276666666,4.179405837e-06,3.9281727e-05,269.1516933333333,19.910633175,8.150298111666666,-0.6609202616666666,8.350483333333332e-06,2.092416114285714e-05,0.0102647084285714,131606.4657142857,13420.124682857144,1.6463446628571428e-07,1.6827968685714286e-06,41.87832157142857,9.873766857142858e-07,4.5549775428571424e-05,1.506573072857143e-07,214.35543,38.54597014285714,6.645646071428572,-0.0177288742857142,-6.537827721428572e-05,-2.17447625e-06,233218.14,23781.6318525,6.8836250000000005e-06,4.23368425e-05,1.13508747,2.985983675e-06,215.46153,5.649178775,-1.5339542675,0.00501468125,-3.295e-05,-4.802615666666667e-06,327116.35333333333,33356.58490333333,1.2721484333333334e-05,0.0005369706666666,0.0460071153333333,3.3687978333333336e-06,232.2470333333333,6.3629609,-1.9547659166666664,0.0008173173333333,7.009810666666666e-06,-2.63676465e-06,440571.56,44925.796270000006,6.6382665e-06,0.0035671525,0.0006097495,3.751626e-06,257.38123,15.815185,-0.58208522,0.000591523,-2.5822995e-06
-79.54264544413873,-0.0125178285,0.47622043,283.45386,284.02246,101970.125,100894.69,271.45972,271.45972,271.45996,283.8462,0.38384914,0.47591633,-0.0061401613,0.49190778,1.5040789,-5.290571,-0.4638222,0.18622285,0.16947043,0.07219064,0.06742436,2017.0437,0.9364625,0.030068439,0.98500794,1.0,0.08979756,0.5230933,2.9746821e-05,-2.7124479e-05,2.824008,10.7118,0.6443012,4.4392843,7.6327444e-05,0.81411105,0.00019271443,1.0,0.16790837,4137.5664,101.06506,-0.002050302,-0.00074905576,8.269424e-09,-3957.8997,-1590.6299,18543610000.0,44241770000.0,102217656.0,183521.38,0.05381545,63742255000.0,342.12158,-4268.129,3101009.0,10278.875,0.00041636103,3093589800.0,10073975000.0,20461430.0,40003.125,-0.0072776675,13504737000.0,126.72623,2654485500.0,2748684300.0,2623838.0,2644867300.0,2751780900.0,103.72121,0.017999895,0.0,-1.000001,0.13375872,0.5051713,0.04434036,-0.0055814013,-4.8468755e-06,0.008657847,14.899843,-1.000001,-1.000001,0.0002954835,0.00563401,0.21981865,38.863724,37.704605,20.723644,-1.000001,-1.000001,3858.2124,0.0007064997,0.0,0.0,-47147.87,3.5999988e-12,0.0,-60962.23,-216796.94,6693.371,0.0,0.0,1099177.0,1267016.0,0.0,0.0,0.0,-775776.2,-889467.7,0.0,0.00022104659,0.00048545306,2713.042,-1.0437994,4236.2773,121.209625,41.356705,308.18018,90.45746,36.87268,-1.555275516666667e-05,0.4950289716666667,48079.32405,4902.726624166667,7.5157014e-08,6.121251883333333e-07,98.31960833333332,1.3993532366666666e-05,0.0001198426426666,0.0049879328333333,6.279363683333333e-06,0.0001051045501666,269.11153333333334,21.216870564,7.998391908333333,-0.6949142516666668,-1.1950666666666667e-05,7.938762885714286e-06,0.0337030997142857,131632.7207142857,13422.801947142858,1.6404768714285713e-07,1.81187335e-06,43.15830542857143,7.898312452857144e-07,5.363448362857143e-05,6.977756614285714e-08,214.3857071428572,37.70094014285714,5.892876471428571,-0.0397183114285714,-6.243029558571428e-05,-3.02846475e-06,233207.33,23780.52954,6.865362225e-06,4.092753475e-05,1.18766885,2.98446005e-06,215.212715,6.15798125,-1.546051875,-0.0040832135,-3.3425e-05,-3.3011999999999994e-06,326961.21,33340.76468666667,1.2741434166666668e-05,0.0005289343333333,0.0450818946666666,3.367224133333333e-06,231.8207,6.2265684666666665,-3.188748666666667,0.001738716,8.044288e-06,-2.05675095e-05,440377.25,44905.982165,6.543973e-06,0.003608283,0.000538033,3.75923085e-06,258.00842,14.9114155,-1.15437175,0.0009156715,2.4627011e-06
-79.48595239618852,0.21859628,0.44771177,283.4331,284.21997,101998.375,100922.56,271.45972,271.45972,271.4602,283.771,0.5102453,0.627335,0.20751172,0.4240716,1.198597,-5.2906055,-0.3517841,0.1861937,0.16943812,0.07220614,0.06744069,2321.8267,0.7833774,0.11298013,1.0,1.0,0.072781265,0.4344799,3.5077886e-05,6.240206e-06,2.2731762,6.835909,0.5286142,2.783265,0.00016733477,0.8356951,0.00011092314,1.0,0.09880918,5598.785,71.706665,-0.0071827136,-0.0005569123,-8.746998e-09,-6161.543,-1912.2014,18316714000.0,44387885000.0,99417720.0,183564.0,0.05203048,63680070000.0,349.90845,-5746.09,3073939.0,10281.641,0.00085174385,3328297700.0,11140047000.0,21765140.0,44151.46,-0.007804014,14832062000.0,138.02495,2655115300.0,2748716500.0,2624467.0,2645495000.0,2751796500.0,110.02687,0.017999005,0.0,26.104721,0.13375872,0.50517106,0.03351418,0.0035685177,-4.6579016e-06,0.008106329,15.167394,-0.4215169,-0.4215169,0.0002954835,0.005640235,0.086872995,38.276764,37.48059,20.233286,26.254684,38.66362,4085.0818,0.001217575,0.0,0.0,-39282.18,3.5999988e-12,0.0,-53900.766,-216905.0,2469.8755,0.0,0.0,1099581.0,1276828.0,0.0,0.0,0.0,-709239.25,-888859.6,0.0,0.00061763753,0.0005998423,2966.0803,-1.2089586,4176.7656,33.07257,9.873737,76.29872,38.450882,26.884842,-2.525523e-05,0.4117126738333334,48105.119783333335,4905.3570571,7.496842483333333e-08,5.042484983333333e-07,93.222649,6.1820302000000006e-06,7.263003016666666e-05,0.0049064616666666,4.45146399895e-06,5.3620571500000005e-05,269.2944733333333,22.19592785833333,7.665849473333334,-0.7280832991666667,-2.1697679166666668e-05,2.460474285714285e-05,0.0508943971428571,131651.40142857144,13424.706851428571,1.680808735714286e-07,1.817139398285714e-06,48.00314314285714,1.941032551e-06,6.197222594285714e-05,1.821623795714286e-07,214.4374471428572,36.96228042857143,6.289286971428572,-0.1053853357142857,-6.425714285714285e-05,-7.1625000000000005e-06,233210.0625,23780.808177500003,6.8721055e-06,4.0696403e-05,1.2569363475,2.9839609e-06,215.09025,5.8596959250000005,-1.58079545,-0.000611584,-3.1e-05,1.598464000000001e-06,327087.50666666665,33353.64336333333,1.2743436666666669e-05,0.0005270996666666,0.042302821,3.3679377e-06,231.97485333333336,5.775369333333334,-5.102781566666667,-0.0014528246666666,1.0902881666666666e-05,-2.21262945e-05,440724.12,44941.35306,6.481469849999999e-06,0.0036216654999999,0.000523149,3.76383465e-06,258.246095,13.784139,-2.3424077,-0.000306387,8.833563e-06
-80.1193371542823,0.45026022,0.3193301,283.51758,284.1848,102029.875,100954.56,271.45923,271.45996,271.45996,283.79688,1.0123348,0.3783027,0.43674445,0.29840255,1.7736073,-5.2904987,-0.116450846,0.18615103,0.16941363,0.072230816,0.06746316,1925.4995,0.73116857,0.39243197,1.0,1.0,0.059797,0.6266862,1.4756432e-05,1.6203092e-05,1.8219347,10.825827,0.56782204,5.1768036,0.00012945215,0.82201,7.468989e-05,1.0,0.12801814,3453.0322,46.801544,-0.0054347925,-0.0004109072,-6.698273e-10,-4281.633,-1803.1221,18311805000.0,45027780000.0,101572856.0,185854.94,0.051923692,64345570000.0,362.115,-3569.0757,3144088.0,10284.895,-0.0004735277,3972463000.0,13684272000.0,26073600.0,53946.72,-0.0058749355,18130130000.0,178.52266,2655064800.0,2748936000.0,2624412.0,2645444400.0,2752064000.0,108.39134,0.017999679,0.32507437,38.19609,0.13375872,0.5051709,0.05194757,0.008365724,-4.3664195e-06,0.005283378,14.773217,0.08708614,0.08708614,0.0002954835,0.005664829,0.13401389,38.598297,37.574707,19.63346,48.71953,71.447784,4276.6367,0.0007444166,0.0,0.0,-34375.49,3.5999988e-12,0.0,-58826.156,-217140.62,3346.5005,0.0,0.0,1101612.0,1271776.0,0.0,0.0,0.0,-737863.25,-889125.7,0.0,0.00046043703,0.00028388412,2955.2131,-0.6598413,5027.824,18.87201,11.496161,71.63403,34.683167,28.078964,-4.801051333333334e-06,0.5013078933333334,48113.47691666667,4906.2092474833335,7.67295015e-08,4.707572316666666e-07,94.137035,1.0215448766666666e-05,0.0001205053430466,0.0049169961666666,5.8715702645000005e-06,6.351303366666666e-05,269.2187916666667,22.222803375,8.877892808333334,-0.4387260166666666,-2.8490747333333337e-05,1.6857384799999998e-05,0.0276760648571428,131623.09857142856,13421.820761428571,1.751709442857143e-07,1.9269344195714285e-06,43.42756885714285,1.4027739814285712e-06,5.30855971e-05,1.7447741285714286e-07,214.6211357142857,37.12167371428571,7.148301142857143,-0.0852196232857142,-6.435714285714286e-05,-5.84287675e-06,233216.9975,23781.5153525,6.87887375e-06,4.006930925e-05,1.328484075,2.9826872e-06,214.910205,6.0784813,-1.860400205,-0.00541325897465,-2.8525e-05,3.537376666666672e-07,327043.35000000003,33349.140633333336,1.2729645833333332e-05,0.0005230316666666,0.0441158173333333,3.3679553000000003e-06,231.87519333333333,5.117257166666667,-4.903997133333333,0.001030313,9.784924666666669e-06,-5.5045e-06,440626.81,44931.430205,6.527123650000001e-06,0.003630137,0.0006309235,3.75882615e-06,256.836595,13.8777145,-3.3885422,-0.001260047,1.3663135545e-05
-81.90766937450125,0.26560318,-0.4247533,283.6223,284.2024,101962.94,100888.625,271.45972,271.45996,271.45972,283.9651,0.7218856,-0.754202,0.29292,-0.43551582,1.7137041,-5.290285,-0.43301153,0.18611884,0.16938436,0.07225245,0.06747651,693.07324,0.7344049,0.5801679,1.0,1.0,0.069601774,0.7603346,7.632458e-06,-5.363408e-05,2.154749,9.76192,0.675735,6.046714,0.00016111226,0.8556409,8.387586e-05,1.0,0.11160362,2223.616,64.33775,-0.004307367,-0.0003011783,-3.4030851e-09,-3049.8904,-1599.3494,18249558000.0,45721436000.0,101485730.0,188202.81,0.050789185,65030170000.0,382.50244,-2331.1296,3165147.0,10278.242,-0.0010358451,4466884000.0,15019721000.0,28381664.0,59372.957,-0.0043501183,20002075000.0,195.16037,2653315000.0,2747454000.0,2622658.0,2643708000.0,2750630000.0,91.84256,0.017999258,0.2999984,34.429947,0.13375872,0.5051808,0.05376725,0.0019868752,-3.7898926e-06,-0.009847727,13.849277,0.114654064,0.114654064,0.0002954835,0.005656332,0.080645084,38.77336,37.684372,18.084654,49.08313,72.06215,4238.496,0.0009015326,0.0,0.0,-40753.984,3.5999988e-12,0.0,-49923.32,-215866.56,4578.703,0.0,0.0,1101142.0,1279994.0,0.0,0.0,0.0,-765386.9,-892452.44,0.0,0.0006192913,0.00028205058,3006.8882,-0.37881732,4673.375,70.487946,48.030457,162.01904,58.123505,35.96492,1.8000474999999996e-06,0.3890560446666666,48067.42883333333,4901.51364975,7.5439696e-08,7.142000866666667e-07,92.718125,6.206507699999999e-06,9.503829156333334e-05,0.0048851928333333,5.517937475999999e-06,3.9883698666666666e-05,269.19339833333333,22.153003443333333,8.630539033333333,-0.2863634933333333,-7.241410000000014e-07,8.125730999999999e-06,0.0348202147142857,131580.15142857144,13417.441372857142,1.8043762000000002e-07,1.9970021142857143e-06,41.81448828571428,1.4575139357142856e-06,5.253329545714286e-05,1.557898052857143e-07,214.7468171428572,37.15765171428571,8.091021428571429,-0.0150210132857142,-6.471428571428572e-05,-1.2592604e-05,233116.8425,23771.30238,6.878176475e-06,4.0308306000000005e-05,1.3918776899999998,2.98247005e-06,214.8331425,5.8647022,-2.031512525,0.0051831405,-2.5925e-05,1.0990993533333332e-05,326920.7966666667,33336.64367,1.2725976e-05,0.0005120383333333,0.0479224426666666,3.366406166666667e-06,231.28153333333333,4.811764566666667,-4.724448533333333,-0.0023210133333333,9.067595333333332e-06,6.062261e-06,440149.3,44882.737735,6.559953999999999e-06,0.0036476154999999,0.0007449924999999,3.7547552e-06,255.698165,13.1550975,-3.39537,0.0002672645,9.97927075e-06
-81.73464231964851,0.28286278,-0.24178141,283.55566,284.0183,101954.625,100881.625,271.45996,271.45947,271.45996,284.15015,0.5171135,-0.9300779,0.3183455,-0.24911839,1.1423073,-5.2896957,-0.42488635,0.18607748,0.16935074,0.07227409,0.06750107,1571.177,0.73740286,0.6300251,1.0,1.0,0.052435502,1.1053448,1.7157916e-05,-0.000100980746,1.580163,12.622105,0.47536546,7.8100157,7.852899e-05,0.7781169,3.6471843e-05,1.0,0.12385166,1580.4612,51.280777,-0.0017428428,-0.00039865333,4.8319e-09,-1473.5977,-767.2024,18293307000.0,46749030000.0,100014800.0,191839.81,0.05097249,66153500000.0,404.34473,-1735.124,3135827.0,10277.445,-0.0011058454,4520671700.0,14440645000.0,27740396.0,57576.254,-0.004319012,19426953000.0,174.9067,2653202000.0,2746784000.0,2622609.0,2643607800.0,2749935400.0,80.51947,0.018000592,0.149957,27.679626,0.13375872,0.50518984,0.034430336,0.0028576,-2.7620326e-06,-0.0028099166,14.737996,0.11350453,0.11346793,0.0002954835,0.005666226,0.07234651,38.883423,37.46591,19.650682,49.08313,72.06215,4275.461,0.0008617677,0.0,0.0,-32263.273,3.5999988e-12,0.0,-50193.945,-217285.44,2432.868,0.0,0.0,1099606.0,1281424.0,0.0,0.0,0.0,-797262.56,-895440.94,0.0,0.00062544504,0.00023656119,2881.1582,-1.4116011,3102.9429,68.654785,30.726715,106.82626,20.488327,16.421982,7.9747176e-06,0.3893212883333333,48063.29991666667,4901.092617583333,7.627964216666668e-08,6.658325233333333e-07,91.019405,5.940407916666667e-06,0.0001166616537133,0.0048246466666666,6.051931624333333e-06,3.87033775e-05,269.23901666666666,22.08688369333333,7.45859225,-0.2464590066666666,-7.150793e-06,-6.331586999999999e-06,0.0296850082857142,131569.08000000002,13416.3124,1.784362022857143e-07,2.176942772428571e-06,42.513181714285714,2.3152837142857146e-07,5.459416962857143e-05,1.020963e-08,214.76626857142853,37.161394,8.896809271428571,0.0832112758571428,-6.61857142857143e-05,-1.61582815e-05,233133.3,23772.98058,6.8821115e-06,4.046041375e-05,1.35823917,2.98016335e-06,214.78737,6.115693025000001,-2.5799663,-0.006420807,-2.215e-05,6.215617333333334e-06,326840.3466666667,33328.440056666666,1.2695936e-05,0.0005100463333333,0.0518441206666666,3.3670773e-06,231.27866,4.2676869,-4.875214333333333,-1.4124666666666655e-05,5.425828833333333e-06,1.0827649e-05,440189.12,44886.798245,6.5314146e-06,0.003653282,0.0007499485,3.7583518e-06,255.640445,12.5133445,-3.6861482,-2.79e-05,6.56691e-06
-80.63968980274282,-0.099129796,0.098374605,283.35425,284.0376,101883.44,100810.75,271.45972,271.4602,271.45996,284.17285,-0.0017603957,-0.41315502,-0.10897696,0.1074357,1.4657488,-5.290284,-0.51442987,0.18603307,0.16932756,0.072295725,0.06751442,1328.7593,0.770888,0.70010424,1.0,1.0,0.04964454,1.0550632,5.997814e-06,4.193872e-05,1.4988394,13.06117,0.46145272,6.778057,0.00018879854,0.7689404,3.2330077e-05,1.0,0.06522453,1859.0068,37.039062,-0.0032654696,-0.0003814567,5.955134e-10,-2318.66,-1373.8193,18558327000.0,48334963000.0,102407070.0,197798.62,0.051073298,68105520000.0,444.5078,-2067.87,3196815.0,10270.309,-0.0017076877,4566544000.0,14220562000.0,27993116.0,56928.273,-0.003754172,19230517000.0,166.22519,2651017500.0,2745335600.0,2620344.0,2641413600.0,2748526000.0,62.02977,0.01800054,0.29990244,26.383575,0.13375872,0.5051771,0.03913782,-0.0016833893,-2.8947843e-06,0.0012948848,15.098514,0.10615772,0.10615772,0.0002954835,0.0056485534,0.07618588,39.01097,37.757507,20.56629,49.08313,72.06215,4496.3555,0.0009520415,0.0,0.0,-32794.41,3.5999988e-12,0.0,-48073.805,-217696.81,2076.522,0.0,0.0,1100227.0,1285209.0,0.0,0.0,0.0,-793528.25,-892872.94,0.0,0.00085057714,0.0001017504,2783.1985,-1.4613857,1828.9199,32.494095,23.725037,37.288177,5.14307,15.204387,-3.157330533333334e-06,0.3755139508333333,48012.43053333333,4895.905384,7.454914033333333e-08,7.254034041666667e-07,93.65947466666668,5.25687685e-06,9.260284125e-05,0.0049141375,4.163427276833333e-06,2.2219038e-05,269.13932500000004,21.927396731666665,6.893480145000001,-0.2475137508333333,-1.911207333333332e-06,-3.456530142857143e-06,0.0055792831428571,131509.25785714286,13410.212237142858,1.7667999928571429e-07,2.153928722e-06,40.791541571428574,4.083673428571428e-08,5.065200111428572e-05,3.403061142857142e-09,214.74460714285715,37.70143985714286,8.843791314285713,0.0386299477142857,-5.4621428571428574e-05,-1.613e-05,233011.17,23760.5267825,6.825260774999999e-06,4.188236225e-05,1.3627065675,2.9787865750000003e-06,214.49231,5.615513117500001,-2.399474825,-0.00229286125,-1.7315e-05,1.1747932333333334e-05,326628.2966666667,33306.81697,1.2672064166666668e-05,0.000508464,0.0574112496666666,3.3667475e-06,230.92511666666667,3.9291445666666656,-4.8795236,-0.0002021546666666,3.2088417e-06,-1.1481154999999991e-06,439728.12,44839.789325000005,6.540106e-06,0.003657765,0.000791817,3.75994755e-06,255.27852,11.15428175,-5.13972525,7.820000000000071e-07,6.2995304500000005e-06
-80.95223824929612,0.13538027,0.28612864,283.49365,284.02612,101832.94,100760.75,271.4602,271.45996,271.45947,284.21045,0.21893209,-0.090931356,0.14488816,0.30285305,1.4929085,-5.290303,-0.43930215,0.18600255,0.16929698,0.07231432,0.06753385,725.83936,0.598893,0.6886749,1.0,1.0,0.037462737,0.9063639,7.720242e-06,0.00010192231,1.1333275,11.022394,0.3570761,4.3261623,4.063602e-05,0.73575854,3.9282415e-05,1.0,0.045395195,1519.8872,23.333725,-0.0055363104,0.0001182515,-6.838583e-09,-2378.1843,-539.7041,18944676000.0,49936980000.0,107747290.0,204074.0,0.052445397,70127410000.0,454.54443,-1675.6716,3297085.0,10265.168,-0.00078777643,4557847600.0,13057843000.0,28934672.0,53031.727,-0.0035119543,17955092000.0,124.43115,2649009000.0,2742284000.0,2618447.0,2639394000.0,2745594600.0,60.75876,0.018001784,0.32496697,23.157318,0.13375872,0.5051748,0.03390467,0.0047182515,-2.7993383e-06,0.0041328333,15.803238,0.09624475,0.10377431,0.0002954835,0.005658552,0.0499891,38.394943,37.35193,21.347338,37.723892,72.12465,4275.086,0.000905643,0.0,0.0,-30171.492,3.5999988e-12,0.0,-49281.863,-216667.69,2028.0957,0.0,0.0,1100628.0,1283289.0,0.0,0.0,0.0,-774968.4,-888945.3,0.0,0.0007827196,0.00012311399,2652.045,-0.6174539,1093.1824,32.93402,24.950653,31.166946,1.4018259,11.53789,-2.9522152e-06,0.370581267,47967.54223333333,4891.328051,7.768816600000002e-08,8.22224375e-07,93.4219665,6.532518055e-06,5.096214045e-05,0.004875829,3.1887588822833334e-06,1.36887402e-05,269.0767,21.54724084833333,6.053243666666667,-0.1453329559999999,8.822107166666667e-06,5.624642571428572e-06,0.039510392,131439.17785714284,13403.066068571428,1.741780365714286e-07,2.0217545065714285e-06,41.14504171428572,4.495506014285714e-07,4.823430544285714e-05,2.0432504285714284e-08,214.59354857142856,38.30386585714286,9.015941414285717,0.0377145937142857,-5.493571428571429e-05,-1.5409525000000002e-06,232941.685,23753.441285,6.764642675e-06,4.267059525e-05,1.39497805,2.9772309e-06,214.1330825,5.901309624,-2.462569225,-0.0084024865,-1.544e-05,-1.2520133333333318e-06,326502.32666666666,33293.971606666666,1.2652312666666668e-05,0.0005135793333333,0.0546046956666666,3.3698076333333333e-06,231.40985333333333,3.4048681,-4.494128833333334,0.0013674976666666,2.767012333333334e-06,3.233537e-06,439470.54,44813.523475,6.5573243e-06,0.0037354325,0.000857255,3.76231035e-06,254.694165,9.4944135,-6.35672185,-0.0003544045,9.88884875e-06
-83.20131530773067,0.3642733,0.35712826,283.3379,283.82373,101826.81,100755.25,271.45996,271.45972,271.45972,284.25122,0.7658785,0.021056384,0.35606283,0.35936344,1.7609234,-5.290434,-0.14722848,0.18596119,0.16927075,0.072339,0.06755018,699.71216,0.26041263,0.742028,0.99869233,0.99869233,0.011881307,0.9169896,7.890698e-06,3.1499483e-05,0.35784322,10.598499,0.102097034,2.162077,4.5005163e-06,0.38731086,8.476719e-06,1.0,0.01966504,244.11012,17.234802,-0.0057000965,0.0003871927,-1.28633495e-08,-1949.1436,-702.46704,19347480000.0,51195730000.0,114490430.0,209267.19,0.053856783,71709380000.0,420.15356,-351.65503,3396966.0,10264.723,-0.0010651643,4408000500.0,11076580000.0,29707392.0,46082.375,-0.0033304528,15673708000.0,63.859344,2648232700.0,2737463000.0,2618039.0,2638610400.0,2740859400.0,74.40143,0.01800093,0.3748694,22.055603,0.13375872,0.5051724,0.055415742,0.008210577,-2.9636203e-06,0.0043608025,15.776395,0.10695082,0.10695082,0.0002954835,0.005695313,0.030082583,36.687347,35.722305,21.13516,49.08313,72.12465,4234.5586,0.00027447892,0.0,0.0,-30346.379,3.5999988e-12,0.0,-47714.598,-216720.69,2304.6733,0.0,0.0,1100963.0,1285870.0,0.0,0.0,0.0,-773191.8,-887781.75,0.0,0.00018754536,8.6933884e-05,2193.919,0.71105886,703.7627,27.164307,29.671066,32.805984,2.5786514,17.620163,-3.8488249e-06,0.2364462431666666,47950.46765,4889.586928233333,8.746973416666669e-08,7.271882316666667e-07,84.187895,2.17746468e-06,3.067958351666667e-05,0.0045078776666666,1.0811923e-06,4.1996305000000005e-06,269.04789166666666,21.42290525,5.183310951166667,-0.0114894593333333,-6.861384999999999e-07,1.3078287571428571e-05,0.0104908644285714,131398.39071428572,13398.906937142858,1.7399366142857146e-07,1.8057825402857145e-06,40.17561842857143,2.9970823e-07,3.682652175714286e-05,3.746330428571429e-08,214.4652557142857,39.00226757142857,9.458853028571427,-0.0081599012857142,-6.354285714285715e-05,5.286607e-06,232898.47,23749.034585,6.715512e-06,4.26659905e-05,1.459431225,2.97693395e-06,213.806585,5.69848637,-2.28212665,-0.00288744625,-1.7820000000000002e-05,-1.3262192666666668e-05,326475.98,33291.284993333335,1.265921e-05,0.0005165893333333,0.0476549216666666,3.3724366666666665e-06,231.6973166666667,3.3372313000000005,-3.704704566666667,0.0015000363333333,5.661360333333333e-06,1.485088785e-05,439180.72,44783.970065,6.597667e-06,0.0037403525,0.0009325665,3.76578375e-06,253.87905,7.2640455,-7.025179,0.000552478,6.876260500000001e-06
-82.98214555806558,0.1642372,0.61677,283.32178,283.86353,101756.44,100685.44,271.45996,271.45972,271.45996,284.31006,0.5845192,0.4793946,0.16553581,0.6262927,1.6669531,-5.2937355,-0.14418167,0.18593073,0.16923982,0.072369754,0.06756961,804.6992,0.041904345,0.45960414,0.9916975,0.9916975,0.00186681,0.7636289,1.0456388e-06,5.5036508e-05,0.05253359,8.277755,0.0125996545,0.34483445,3.8063772e-06,0.6402557,2.5944164e-06,1.0,0.0016101536,185.21637,16.141129,-0.0034830598,0.00027517322,-4.7595563e-09,-1087.3184,-193.49475,19738348000.0,51964410000.0,121600450.0,212702.25,0.055235226,72773970000.0,379.75342,-335.12988,3511448.0,10257.613,-0.0015713831,4227744800.0,9462374000.0,30084892.0,40341.55,-0.0030361044,13782252000.0,24.467789,2645797600.0,2731218000.0,2615955.0,2636193000.0,2734730800.0,77.283295,0.017998777,0.17490244,12.994701,0.13375872,0.5049634,0.058990587,0.0059293285,-2.8635332e-06,0.009342056,16.227297,-0.6514326,-0.6514326,0.00028936006,0.005728472,0.03312383,34.971558,34.20215,21.286455,14.996302,22.287842,4232.7773,5.218826e-05,0.0,0.0,-19719.84,3.5999988e-12,0.0,-43440.164,-213801.94,1409.4082,0.0,0.0,1100678.0,1286689.0,0.0,0.0,0.0,-811406.8,-901946.94,0.0,1.980635e-05,3.2286494e-05,2420.9626,1.7037649,645.7471,9.847076,24.637405,16.153961,5.674843,21.38388,-5.589111333333334e-06,0.1505135601666666,47893.57535,4883.785528266667,9.80802016666667e-08,6.674280899999999e-07,74.63038216666666,4.807110516666667e-07,1.9924165283333333e-05,0.004119293,6.1522125e-08,4.3685251166666665e-07,269.06437166666666,21.65669701833333,4.746180591666667,0.0476449255,-7.537431666666668e-06,8.543871000000002e-06,0.0017851112857142,131317.88357142857,13390.697492857144,1.744956357142857e-07,1.585013382e-06,41.47468814285714,0.0,3.7168059957142855e-05,0.0,214.55367142857145,39.65187728571429,10.017809657142855,-0.0517212621428571,-6.731428571428571e-05,6.07710675e-06,232799.7975,23738.97279,6.703332125e-06,4.27732445e-05,1.50375005,2.97796825e-06,213.713075,4.886986885,-2.0957265,0.0024740335,-2.335e-05,-5.7900000000000005e-06,326385.06666666665,33282.014416666665,1.2674781333333334e-05,0.000517738,0.0485050126666666,3.3714695666666663e-06,231.05976,3.9519335666666655,-2.2425601333333334,-0.0023464256666666,9.083559666666666e-06,1.5696675e-05,438900.22,44755.367020000005,6.5585815e-06,0.003657217,0.000878468,3.77456445e-06,253.837665,6.9836598,-4.80658675,0.000388098,1.021598e-06
-86.57022697083347,0.007044904,0.46115053,283.29004,283.82202,101714.31,100644.19,271.45972,271.45972,271.45972,284.38232,0.397026,0.35536897,0.008109361,0.47846782,1.5339832,-5.298726,-0.08631599,0.1858924,0.16921228,0.07238859,0.067586005,874.25903,0.032904536,0.4323491,0.9773666,0.9882759,0.0006224513,0.43148297,2.7376996e-07,2.9754257e-05,0.018798705,3.5038652,0.004696138,-0.7838811,0.0,0.620762,0.0,1.0,9.769821e-05,-1060.9294,-11.407861,-0.0060901605,0.00013410373,-7.225669e-09,-1014.82056,-1725.5891,20083853000.0,52490293000.0,128270740.0,215160.88,0.05639128,73612000000.0,363.52393,979.0359,3636190.0,10253.387,-0.0009934197,4062609200.0,7993947600.0,30809136.0,35071.414,-0.0036052072,12069835000.0,-7.9786806,2644569300.0,2728345300.0,2614892.0,2634990000.0,2731984400.0,70.37213,0.018001009,0.0,12.594203,0.13375872,0.50462806,0.05283699,0.0014605515,-2.3239372e-06,0.0037612943,16.485975,-0.64973223,-0.64974445,0.00027975137,0.005750574,0.003308655,33.968582,33.536606,21.500322,14.996302,22.287842,4236.3945,5.521415e-06,0.0,0.0,-20890.879,3.5999988e-12,0.0,-42986.14,-217466.31,-305.81372,0.0,0.0,1096714.0,1287812.0,0.0,0.0,0.0,-851172.25,-906125.7,0.0,2.7596234e-06,2.5709305e-06,2121.687,0.96535647,598.52686,3.0865526,19.115524,13.401495,9.274027,22.343597,-6.141189093333333e-06,0.0765570148333333,47873.961116666665,4881.785432883334,1.04082259e-07,6.441456700000001e-07,70.91308066666666,1.09280955e-07,3.0439997e-06,0.0038845898333333,9.91243833333333e-10,4.166520850000001e-08,269.05002666666667,22.251708931666663,4.596700763333334,0.1112939651666666,-6.131003166666668e-06,2.2845934300000006e-06,0.004686411,131268.70428571428,13385.682602857143,1.7027237428571428e-07,1.59612269e-06,42.54578071428572,1.3612244285714286e-08,4.480575078571429e-05,0.0,214.6428271428572,40.61182014285714,10.282349642857143,0.0083215604285714,-6.392857142857143e-05,-1.78938205e-06,232788.2825,23737.7985875,6.7498211e-06,4.366175575e-05,1.46059015,2.978642175e-06,213.9830675,4.567640665000001,-1.498967375,0.0053853882499999,-2.4575e-05,-3.144270000000001e-06,326309.58,33274.31691666667,1.2663694e-05,0.0005196813333333,0.0536392603333333,3.3700507666666667e-06,230.6814566666667,4.348558433333333,-2.294524833333333,-3.839166666666678e-05,9.093939666666666e-06,-9.398832e-06,438791.935,44744.325025,6.5063012e-06,0.0036788235,0.0008166884999999,3.7816826e-06,254.33474,7.7905595,-2.1070504,0.000345893,4.006875e-07
-84.87494339871553,0.13439983,0.7126026,283.31787,283.80713,101685.31,100615.44,271.45996,271.45996,271.45996,284.37842,0.46295208,0.7627208,0.13597113,0.7156313,1.8927298,-5.303396,1.6738834,0.18585277,0.16918302,0.072410226,0.067605436,842.8667,0.32594252,0.322367,0.9576634,0.97328687,0.0018306985,0.2722324,-2.415739e-06,-1.0066207e-05,0.060418416,1.809104,0.0141293295,-0.84440655,0.0,0.10044998,0.0,0.0,0.0,-1306.3438,-19.994308,-0.004897218,0.0003269266,-7.4228126e-09,-273.84497,-778.5073,20173603000.0,52208690000.0,132598104.0,214516.75,0.056237742,73351315000.0,334.1228,1235.9521,3698892.0,10250.547,0.00013640757,3999929600.0,6920722400.0,31636816.0,31328.277,-0.0029811917,10862993000.0,-36.039276,2643371800.0,2724809200.0,2613923.0,2633793000.0,2728514300.0,84.488144,0.01799985,0.05002149,13.11995,0.13375872,0.5043099,0.06875461,0.0063867234,-1.4887064e-06,0.00941385,16.814013,-0.65653765,-0.6540943,0.0002707031,0.0057784207,0.0041874014,32.881058,32.60466,21.714537,14.996302,30.31723,4232.66,0.0,0.0,0.0,-18775.09,3.5999988e-12,0.0,-48827.406,-221373.38,-311.31274,0.0,0.0,1094228.0,1282589.0,0.0,0.0,0.0,-867424.4,-904255.6,0.0,0.0,0.0,856.05493,1.0310917,843.56006,-4.53491,14.113078,11.906349,11.210882,21.679352,-5.715390333333336e-07,0.0197875,47847.495350000005,4879.0866759166665,1.0858603083333333e-07,7.154405949999999e-07,66.85370683333333,2.2047297933333335e-07,1.3194285216666666e-06,0.0035585071666666,0.0,5.602572166666667e-07,268.96190666666666,22.349708401666664,3.885645306666667,0.173920748,2.883591366666666e-06,5.800365714285709e-07,0.010493469,131220.56214285715,13380.773468571428,1.703894242857143e-07,1.521367900857143e-06,43.433483,0.0,5.186952181428571e-05,0.0,214.70818285714287,41.63146557142857,10.361404185714289,0.0152011151428571,-7.645216011428571e-05,-2.01480355e-06,232774.61,23736.4043775,6.787137775e-06,4.36682205e-05,1.405922125,2.9776036e-06,214.1639325,4.485138975,-0.443473685,0.00322216375,-2.32e-05,8.176929999999998e-07,326265.95,33269.867893333336,1.2661353499999998e-05,0.0005134753333333,0.0559112423333333,3.367958333333333e-06,230.4478333333333,4.536822666666667,-2.831234456666667,-0.0008068206666666,8.810804e-06,-2.065e-05,438595.54,44724.29831,6.5035924e-06,0.003776764,0.0008371155,3.7850923e-06,254.32743,6.9102035,-0.93142332,-7.94085e-05,5.7332528e-06
-83.30373705641854,1.1219759,-0.3496775,284.08154,284.41528,101725.44,100653.81,271.45996,271.45996,271.45972,283.95752,1.7360182,-0.8744694,1.1293135,-0.3526984,1.9336977,-5.302479,-0.5503085,0.18581146,0.16915548,0.07242268,0.06762183,752.70483,0.25961798,0.45086312,1.0,1.0,0.0011229224,0.88959986,-5.4436405e-06,-1.3120535e-05,0.03529163,6.172868,0.004336346,-0.8342824,0.0,0.009838287,0.0,0.0,0.0028799763,-1713.542,-26.573181,-0.0043572634,9.022532e-05,-1.6742534e-10,446.3899,-1080.6194,19965307000.0,49780888000.0,133740600.0,205949.88,0.05610022,70619240000.0,296.55518,1622.8313,3671165.0,10254.172,0.00059282756,4451320000.0,7569090000.0,35171268.0,34351.46,-0.0019547164,11965633000.0,-35.057022,2643873800.0,2729519400.0,2614035.0,2634257400.0,2733177000.0,116.37807,0.01799979,0.0,14.383108,0.13363242,0.5043519,0.063652754,0.027642999,-3.141231e-06,-0.01777085,16.812336,-0.6394388,-0.6394388,0.00027117482,0.0058026575,0.007915504,35.189026,34.28662,21.722952,22.2753,30.31723,4059.5183,0.0,0.0,0.0,-10009.559,3.5999988e-12,0.0,-77230.5,-225468.0,5535.668,0.0,0.0,1089883.0,1248665.0,0.0,0.0,0.0,-848448.7,-900291.75,0.0,0.0,0.0,1054.5579,1.5772772,1054.9514,17.729202,47.549545,41.455627,28.28479,24.762924,1.9355578e-05,0.1481813193333333,47853.55535,4879.704623933333,1.1168699083333334e-07,6.722951883333334e-07,70.7009625,3.47638411e-07,3.846840763666667e-05,0.003750444,9.831855666666666e-08,2.4674924466666666e-06,268.75270333333333,21.795945033333336,3.413669773333333,0.1876146025,3.731666666666653e-07,-7.874613428571429e-06,0.0,131243.75857142857,13383.138847142856,1.6994908928571429e-07,1.5798549542857144e-06,46.06811685714285,0.0,5.880063358571429e-05,0.0,214.7119057142857,42.22926542857142,11.541068785714286,0.0273404447142857,-7.215180357142858e-05,3.082955e-06,232775.9525,23736.541275,6.773383e-06,4.307706025e-05,1.3905141875,2.97673345e-06,214.0171475,5.168637225,0.43056097,0.0028649747499999,-2.35e-05,7.067469999999998e-06,326258.0366666667,33269.06096,1.2622394333333336e-05,0.0004889106666666,0.0575496693333333,3.3673207333333334e-06,230.2348233333333,3.579373733333333,-3.9291197333333336,0.0027941119999999,4.288064466666666e-06,-1.2420745000000002e-06,438483.65,44712.888705000005,6.6370650000000005e-06,0.0037746105,0.0009075365,3.7861746e-06,253.908675,6.6781163,-0.9308152,-0.0001466569999999,7.174189599999999e-06
-81.90188432833858,0.44766527,-0.63086337,284.12183,284.6599,101727.25,100657.375,271.45972,271.4602,271.45972,284.45288,0.9757756,-1.2591515,0.4987849,-0.7097566,1.9741526,-5.3010645,-1.4841356,0.1857779,0.16912621,0.07244128,0.06764126,1349.2148,0.7083144,0.2889958,1.0,1.0,0.011010941,0.7035629,-4.0701325e-06,7.014355e-05,0.34865552,5.6688166,0.11406875,-0.96522474,0.0,0.08010918,0.0,1.0,0.00039058295,-2249.9182,-47.343964,-0.0054574907,0.00050868094,6.6190364e-10,122.99838,-919.43994,20138280000.0,49717410000.0,140305820.0,206160.94,0.054496627,70634226000.0,256.10522,2211.1836,3772357.0,10254.836,-0.00015135214,4045129500.0,4803048400.0,33905400.0,24226.977,-0.002719753,8680795000.0,-79.62645,2645147100.0,2727241200.0,2615611.0,2635550500.0,2731034000.0,91.80199,0.017998762,0.0,21.148895,0.13363242,0.50437737,0.07050544,0.0069052465,-3.4291033e-06,-0.020765927,16.787075,-0.55593365,-0.55593365,0.0002732824,0.0058254637,0.009872753,33.60005,32.87198,22.349028,28.24974,38.337143,3970.4548,0.0,13900.207,2776.1567,-16511.066,19291.352,40741.473,-76199.94,-225291.0,2684.604,50840.195,22376.355,1084035.0,1249309.0,161660.38,74266.94,107543.19,-807256.94,-897008.25,2599.4404,0.0,0.0,140.45543,1.8527212,1337.1426,29.826553,52.70479,62.38527,33.57083,13.629307,-4.789966666666675e-07,0.193748354,47885.031533333335,4882.9143012,1.102602125e-07,6.204587191666666e-07,65.20985366666666,1.8639224316666664e-06,4.640805787666666e-05,0.0034272686666666,3.0794021666666666e-08,3.314165583333333e-06,268.74924166666665,21.12759094,2.193783643333333,0.2316883816666667,-1.0073154333333333e-05,-4.3900818571428575e-06,0.0,131259.11571428573,13384.70484,1.7061439285714288e-07,1.636541504142857e-06,43.24542928571429,0.0,5.435088645714286e-05,0.0,214.67614857142857,42.617421,11.191699642857143,0.0243897974285714,-6.544181271428571e-05,4.57053015e-06,232889.325,23748.1020525,6.8520089e-06,4.3160002250000005e-05,1.334820765,2.9779371e-06,214.45496,6.001878725,0.5651782035,0.0024135055,-2.4275e-05,4.901449666666666e-06,326547.8933333333,33298.61811333334,1.26183435e-05,0.0004871673333333,0.0531362646666666,3.368526433333334e-06,230.6893533333333,2.060107233333333,-4.0022798,-0.0002570969999999,3.734259266666667e-06,3.8727650000000005e-06,438583.47,44723.067515,6.665048e-06,0.003766907,0.0010237095,3.786723e-06,253.36455,6.445378849999999,-0.87881755,-0.000364985512,5.13744805e-06
-81.84889683892771,0.49498641,-0.11128014,283.9126,284.81836,101711.56,100643.0,271.45996,271.45972,271.45972,285.1565,0.85588205,-0.83098257,0.62148297,-0.13620418,2.6623383,-5.3086004,-11.095075,0.18574876,0.1691078,0.072465956,0.06765765,2023.7605,0.8894002,0.021961022,0.9766387,0.99965775,0.015327308,0.3204239,1.6933218e-06,3.4700177e-05,0.5091143,2.0777626,0.16830802,-0.8632639,0.0,0.0011387055,0.0,0.0,0.00029288465,-1548.5977,-39.32399,-0.008067574,0.00030867057,-1.4312649e-09,-931.86304,-1672.9026,20433779000.0,49872390000.0,148406290.0,207274.69,0.054136116,70992210000.0,215.07391,1487.9792,3900149.0,10253.367,-0.000540501,3804626400.0,3200237800.0,32998124.0,18367.547,-0.0017202874,6793578000.0,-97.092026,2645120800.0,2723174700.0,2615946.0,2635519700.0,2727070500.0,101.928085,0.017999638,0.0,35.08539,0.13363242,0.5038928,0.04836974,0.013436846,-1.0703064e-05,-0.015369937,16.301678,-0.5759123,-0.5759123,0.0002588404,0.0058180094,0.0003721849,31.599365,31.252151,23.736225,39.123123,49.97339,4326.918,0.0,264036.25,38230.766,-109014.81,287824.94,401381.12,-130725.625,-236642.88,-42947.527,475260.8,334121.88,1080913.0,1217171.0,1017466.6,582120.56,753174.5,-784694.56,-901118.75,93859.94,0.0,0.0,160.21881,1.7179422,2306.599,17.106033,55.405426,22.281235,0.8687524,1.9622593,-3.414839333333332e-06,0.1158821219999999,47895.76155,4884.008458616667,1.1176982316666668e-07,4.414763533333333e-07,58.49769683333333,1.4706410016666663e-06,1.5430220188333335e-05,0.0030700681666666,0.0,3.1873675866666667e-06,268.87827666666664,21.29577975,1.0947984,0.154838935,-2.7337638983333337e-05,-1.1167575571428572e-05,0.0,131244.26857142858,13383.190851428571,1.7202285914285718e-07,1.7660175248571429e-06,41.96105757142857,0.0,5.205083301428571e-05,0.0,214.77249428571423,43.20727514285714,10.813370457142856,0.0605082455714285,-6.797095038857143e-05,1.08226872e-05,232898.5925,23749.0470775,6.834140325e-06,4.29394245e-05,1.347512625,2.9780131e-06,214.4425175,6.261233225,0.6472615425000001,0.001896744,-2.595e-05,-2.671684999999999e-06,326521.56666666665,33295.93354333333,1.2638855e-05,0.000477265,0.051183371,3.3670657999999995e-06,230.23946,3.189749733333334,-3.0550231666666665,-0.0005243846666666,3.314692433333333e-06,-1.725e-05,438432.09,44707.631045,6.6261857e-06,0.003787001,0.0009334125,3.7901341e-06,254.21956,7.01515525,0.5893096600000001,0.001137793,6.7432105000000005e-06
-80.91031287268518,0.37333113,0.4041927,283.60645,284.8567,101686.31,100618.875,271.4602,271.45972,271.45996,286.6128,0.67895377,0.25836438,0.46345216,0.5169707,3.4144735,-5.3296423,-44.2668,0.18570602,0.16907859,0.07248759,0.06768012,2142.1775,0.9442384,0.032690063,0.59069175,0.9636274,0.039682984,0.03977222,-3.557163e-06,7.6131764e-06,1.2653809,0.2693072,0.47674048,-0.1250481,0.0,0.0,0.0,0.0,0.0,-1288.6143,31.410889,-0.0055131465,0.0003093914,-8.374268e-09,-499.15356,-1024.7363,20274751000.0,48946700000.0,148160100.0,203980.31,0.053592768,69827576000.0,183.03914,1214.2554,3891605.0,10250.879,-0.000504317,3893011500.0,3100904400.0,33178492.0,18193.828,0.00022870512,6789102000.0,-95.067276,2644633900.0,2719614000.0,2615752.0,2635043000.0,2723514000.0,161.77495,0.017998964,0.0,-1.000001,0.13363242,0.5025666,0.06357831,0.0152584165,-3.3642573e-05,0.004291348,15.3545,-1.000001,-1.000001,0.00021824753,0.005837463,2.4392677e-05,30.129913,30.018967,25.083149,-1.000001,-1.000001,4529.793,0.0,754199.6,97458.875,-288265.0,715366.2,932365.94,-200363.75,-269085.56,-133115.5,1082276.0,828334.2,1086581.0,1188637.0,1864828.0,1228576.0,1484543.0,-736250.4,-912180.06,267827.88,0.0,0.0,47.48909,1.5590954,3446.1365,34.619095,88.968506,50.332794,-8.649244,30.669693,-1.3809800166666666e-05,0.0854154778333333,47897.28863333334,4884.164177733333,1.1430264233333333e-07,3.176418091666667e-07,55.51191275,4.10130112e-06,2.9550479e-06,0.0028613361666666,0.0,8.498650453333333e-06,268.76806833333336,21.18537622833333,0.2900199999999998,0.1145621721666666,-3.0046000533333333e-05,-9.147071857142858e-06,0.0,131205.7507142857,13379.263122857144,1.6627805342857144e-07,1.912820362268572e-06,35.209566571428574,0.0,3.890576808571428e-05,0.0,214.81415571428573,43.790231,10.414522871428572,0.0538159771428571,-5.691014285714286e-05,7.90716755e-06,232911.7775,23750.39157,6.838396125e-06,4.304183675e-05,1.2892749,2.976987825e-06,214.561295,6.515620075,1.075292765,0.004036612,-2.6825e-05,4.330433666666666e-06,326451.25333333336,33288.76357666667,1.26498575e-05,0.0004716953333333,0.0537457533333333,3.362833e-06,229.64839,3.696021433333333,-2.8023796,-2.8637666666666763e-05,2.826212666666667e-06,-1.7495e-06,438758.44,44740.909485,6.606761e-06,0.0038219295,0.0008262295,3.791316e-06,254.78768,7.188609,2.2935053,-4.929049999999997e-05,1.05109305e-05
-80.44044005591631,0.8849008,0.3200584,284.90015,288.64697,101667.875,100607.875,271.45996,271.45972,271.45996,291.02808,1.2058544,0.24331582,1.1382151,0.4128077,4.2357836,-5.390711,-72.74333,0.18567216,0.1690371,0.07250923,0.06769651,7362.3516,0.99833673,0.1800428,0.19573504,0.9985688,0.09534162,0.0077069066,-9.846135e-06,-5.21698e-06,2.9986715,0.063958585,1.2995558,-0.0012493555,0.0,0.0,0.0,0.0,0.0,182.08017,36.009827,-0.004523631,0.0001277441,2.7215163e-09,-816.8635,-332.74048,19912233000.0,47641616000.0,142815300.0,199049.69,0.053696934,68120175000.0,169.90645,-219.73506,3790553.0,10249.672,0.00030640722,4292501000.0,4168032300.0,35788650.0,22545.691,0.0020484256,8282668500.0,-85.044785,2644114700.0,2717120500.0,2615409.0,2634527000.0,2720914400.0,381.60938,0.018000204,0.0,-1.000001,0.13363242,0.49888498,0.08425504,0.04463006,-5.07863e-05,0.004743278,14.914354,-1.000001,-1.000001,0.00010270442,0.0058519132,4.8849106e-05,29.421356,29.233826,26.804056,-1.000001,-1.000001,4534.1953,0.0,1248422.0,159892.62,-476185.88,1271288.0,1422865.0,-291261.12,-305158.7,-300690.94,1644760.0,1466176.0,1098437.0,1152080.0,2558564.0,1956778.0,2108572.0,-835393.0,-928601.9,835153.0,0.0,0.0,0.0,1.1322021,4189.801,33.988968,104.407684,49.48227,17.696747,122.6333,-1.4654969166666666e-05,0.0872461359999999,47891.26421666666,4883.549858333333,1.1545610899999998e-07,3.0865605e-07,52.43498466666667,1.1242904725e-05,1.0815603133333334e-06,0.002708837,0.0,2.1884760475e-05,268.7401366666667,20.303230816666662,0.3029466666666667,-0.0413921666666666,-1.533354766666667e-05,-1.0897683285714284e-05,0.0,131135.7942857143,13372.129554285711,1.6881284657142858e-07,1.766179402428571e-06,40.91313828571429,0.0,4.477420087142857e-05,0.0,214.7139171428572,43.454430714285714,10.824728228571429,0.0849085315714285,-7.4656e-05,9.315261575e-06,232903.25,23749.52201,6.816411475e-06,4.24157945e-05,1.294291835,2.975506275e-06,214.369675,7.09049875,1.274884,-0.00408525025,-2.7725e-05,-7.9034854e-06,326421.7733333334,33285.75745333333,1.2626382e-05,0.000482791,0.0513340296666666,3.363815566666667e-06,230.54439,2.6457913000000004,-3.375781033333333,0.001691784,3.4677394e-06,2.96401415e-05,438930.685,44758.47359,6.6783241e-06,0.003727538,0.0008820135,3.7873123e-06,253.882385,8.0792415,2.710748415,-0.000380957,4.83937325e-06
-79.97756143541632,1.0465183,0.3283267,285.28052,288.8506,101695.69,100640.44,271.45996,271.4602,271.45947,292.79956,1.4661007,0.17498535,1.3158474,0.417396,4.506157,-5.424676,-74.229416,0.18563384,0.1690126,0.072527766,0.06771594,7576.914,0.99965894,0.018571794,0.026583865,0.99965894,0.14039516,0.004798848,-2.400484e-05,-3.7650743e-06,4.311658,0.063934684,2.085064,0.012103841,0.0,0.0,0.0,0.0,0.0,-1363.3618,-6.9360743,-0.0046777427,0.00029602856,-7.628216e-09,-72.46695,-656.114,19877290000.0,47104140000.0,147225390.0,197388.62,0.054600023,67543495000.0,166.22769,1336.3967,3821969.0,10253.109,-0.0005688905,4788982000.0,4670651000.0,41725464.0,25164.164,0.003207505,9269246000.0,-92.73659,2644782800.0,2715861800.0,2616239.0,2635198000.0,2719692300.0,502.6306,0.01800057,0.0,-1.000001,0.13363242,0.4969082,0.09116024,0.050357915,-5.1660594e-05,0.0036076973,14.660366,-1.000001,-1.000001,3.93487e-05,0.0058614127,2.4360808e-05,28.762665,28.45755,28.406303,-1.000001,-1.000001,4538.0195,0.0,1624295.0,200679.69,-593629.0,1627331.0,1787091.0,-325000.8,-346753.5,-435787.88,2062567.0,1875836.0,1117163.0,1174901.0,3051443.0,2409413.0,2558367.0,-839744.5,-947184.06,1172665.0,0.0,0.0,0.0,1.0133572,5693.3125,31.264236,157.39691,53.914993,22.09172,161.33313,-1.881808448333333e-05,0.08777391,47903.79895,4884.828045166666,1.1608806433333333e-07,3.6828112e-07,49.20901383333334,1.7343453429999998e-05,1.8122791666666664e-06,0.0025899896666666,0.0,3.9803569200000005e-05,268.38505833333335,18.462295716666667,0.1393945999999999,0.0966098206666666,-7.865886199999999e-06,-1.2941821e-05,0.0002230522857142,131100.57285714286,13368.537965714288,1.7255604285714286e-07,1.9228503565714285e-06,43.499121142857135,0.0,4.886030409999999e-05,0.0,214.71873142857143,44.68179142857143,12.097579857142858,0.1225978228571428,-6.969971428571429e-05,-1.75501675e-06,232902.9875,23749.4952425,6.87246895e-06,4.249393075e-05,1.244251325,2.97693555e-06,214.8119325,7.51930625,0.552894125,0.00864436175,-2.935e-05,-2.6310250000000004e-06,326589.64666666667,33302.87577,1.2628303e-05,0.0004840359999999,0.050769657,3.3635433e-06,230.7320633333333,2.8119215333333334,-2.465750666666666,-0.0020202083333333,5.395925426666666e-06,-7.074149e-06,439197.71,44785.702560000005,6.579167500000001e-06,0.0037153125,0.000711578,3.7934693e-06,255.998375,8.189185349999999,1.2027673,0.0012847294999999,-4.266587000000002e-07
-79.67343523084895,0.92074853,0.4509886,285.8025,289.31592,101616.69,100567.25,271.45996,271.45996,271.45996,294.03784,1.3360605,0.2917052,1.1585884,0.5741711,4.2852755,-5.438884,-69.336105,0.18559116,0.16898334,0.072552204,0.067723155,7296.5117,1.0,0.015690412,0.014498502,1.0,0.13497823,0.00043955375,-2.4731868e-05,-3.7187683e-06,4.0766706,0.0022837853,2.0831385,-0.0023200277,0.0,0.0,0.0,0.0,0.0,-1379.237,38.146027,-0.0013307934,0.00033108075,-1.1620942e-09,751.6714,383.3496,19928900000.0,46672486000.0,150578860.0,196080.12,0.05565139,67135894000.0,154.26349,1310.9106,3847603.0,10245.633,-0.0023865886,4783843300.0,4389539300.0,42587964.0,24155.512,0.0037022862,8977801000.0,-94.85089,2643745000.0,2712001800.0,2615444.0,2634156800.0,2715833000.0,582.90454,0.01800099,0.0,-1.000001,0.13363242,0.49613237,0.08783883,0.04484097,-5.3608965e-05,0.011702362,13.952245,-1.000001,-1.000001,1.34282145e-05,0.0058731213,0.0,27.63887,27.322433,29.273045,-1.000001,-1.000001,4537.4844,0.0,1833115.0,220201.38,-608197.25,1590939.0,1985032.0,-315882.0,-374903.7,-403069.3,2289537.0,1836024.0,1137669.0,1217349.0,3309774.0,2437356.0,2796142.0,-771899.3,-962615.5,871844.56,0.0,0.0,0.0,0.9253247,7572.09,0.06996739,169.2737,-1.6193533,0.08559239,134.61269,-2.29929764295e-05,0.1015746883333333,47870.49416666666,4881.431902633333,1.16846155e-07,2.6211995e-07,46.42415233333333,1.4688183943333334e-05,2.3789851666666667e-08,0.0024611576666666,0.0,4.5630634362166666e-05,268.37763333333334,17.363964416666665,0.2348239724999999,0.2096793533333333,-2.242627425e-05,-9.030511875714289e-06,0.0127243571428571,131060.04571428572,13364.40535,1.726322128571429e-07,2.0577294047857143e-06,44.212219000000005,1.3612244285714286e-08,5.310689557142857e-05,0.0,214.6360271428572,45.599858,11.809682014285714,0.0587164065714285,-5.545958864285715e-05,-5.0201320000000005e-06,232891.58,23748.332,6.9164557e-06,4.2591120750000005e-05,1.201202445,2.978006e-06,215.17596,7.8219104,-0.3940813750000001,1.846524999999993e-05,-2.93e-05,-2.276255666666667e-06,326567.56,33300.623556666666,1.2624492e-05,0.0004858426666666,0.0534788803333333,3.3616937000000004e-06,230.6673933333333,2.940214166666667,-1.7645876333333332,-0.0011205216666666,4.171864566666667e-06,-1.66919742e-05,439470.065,44813.475040000005,6.54729035e-06,0.003719384,0.0006428095,3.79541785e-06,256.71011,8.745728,1.49079425,-0.000484060168,5.035698675e-06
-79.57071288844976,0.65753764,0.25290638,286.29492,291.73633,101518.125,100471.94,271.4602,271.45972,271.4602,295.19458,0.97183245,0.033469163,0.86937326,0.34945476,3.942235,-5.443569,-47.973175,0.18555284,0.16895884,0.07257688,0.067745626,7570.172,1.0,0.0,0.0,1.0,0.12979472,0.00014655296,-1.6936188e-05,1.1705097e-06,4.2561083,0.0029328945,1.904026,0.0013849819,0.0,0.0,0.0,0.0,0.0,-1930.4578,36.03009,-0.000667691,0.0004053046,-1.2112086e-08,1158.2957,332.72168,20113270000.0,46433464000.0,152879600.0,195567.69,0.05857808,67057787000.0,143.45131,1874.4661,3858071.0,10236.023,-0.0021734126,4575536600.0,3776207400.0,40524944.0,21677.953,0.0031476838,8152795600.0,-95.38393,2642867000.0,2708256000.0,2614847.0,2633276400.0,2712110800.0,648.87524,0.018001072,0.0,-1.000001,0.13363242,0.4958622,0.084212184,0.020776916,-4.838727e-05,-0.0010029124,12.353926,-1.000001,-1.000001,4.034966e-06,0.0059025846,0.0,26.496292,26.181442,29.244616,-1.000001,-1.000001,4542.2344,0.0,1849795.0,195461.12,-576549.5,1406944.0,1996682.0,-290907.12,-377117.12,-307181.62,2302787.0,1623484.0,1150344.0,1255851.0,3315869.0,2270816.0,2802493.0,-680608.44,-967400.56,558983.2,0.0,0.0,0.0,1.0619869,8116.7266,-8.866258,128.45015,32.938065,21.192673,111.50714,-2.1315668683333333e-05,0.1239649891666666,47848.82863333333,4879.222633016667,1.1684727333333336e-07,2.225166666666667e-07,45.703683000000005,1.1770155406666667e-05,7.153556666666666e-08,0.0024228531666666,0.0,4.5153062683833336e-05,268.65193666666664,16.870572816666666,1.0464737483333333,0.2803637533333333,-2.3208929733333333e-05,6.777652857142857e-06,0.1109349108571428,131034.7242857143,13361.823282857144,1.7021698371428574e-07,1.820894214285714e-06,48.82228757142857,1.8662659185714288e-06,5.897594478571429e-05,1.3450713057142857e-07,214.46228,46.16722542857143,11.615176857142858,0.0262416952857142,-5.813714285714286e-05,-1.254095525e-05,232885.7325,23747.73572,6.9720577e-06,4.1967399e-05,1.1657201874999998,2.979578075e-06,215.559385,7.7426895,-1.34056095,0.00546809075,-2.8175e-05,4.1440673333333335e-06,326510.21,33294.77548333333,1.2634408666666664e-05,0.0004815696666666,0.0560367933333333,3.3586535666666662e-06,230.3494633333333,3.831295933333333,-2.2877552333333333,-0.0010557213333333,2.8705403333333337e-06,-1.3065e-05,439548.44,44821.467065,6.5747308e-06,0.0037654215,0.0006698445,3.7936079e-06,256.64363,9.13828895,3.675733670000001,-0.000529333,1.07809825e-05
-79.38289547911846,0.3606338,0.55298686,286.479,291.8235,101457.625,100413.625,271.45996,271.45996,271.45996,294.6494,0.69372296,0.3795501,0.4640854,0.71390015,3.7531176,-5.445203,-35.086517,0.18551934,0.16893572,0.07259858,0.06775898,7697.6367,1.0,0.0,0.00034105126,1.0,0.13344139,0.00014642549,-2.579658e-06,2.0825328e-06,4.514763,0.003788915,1.7301798,0.002622472,0.0,0.0,0.0,0.0,0.0,-372.16797,59.764862,-0.002738854,0.00036054198,-5.2948756e-09,-261.1836,268.58545,20103340000.0,45796290000.0,151541860.0,193383.19,0.060590412,66387747000.0,134.39713,316.87207,3812085.0,10230.1875,-0.0012724916,4372094500.0,3304515600.0,38622290.0,19714.242,0.0021915499,7487460400.0,-90.917206,2642331000.0,2704603100.0,2614589.0,2632753700.0,2708429300.0,612.3025,0.018001396,0.0,-1.000001,0.13363457,0.49579078,0.09521216,0.014028762,-4.5111112e-05,0.015735753,11.570579,-1.000001,-1.000001,1.5853211e-06,0.005938668,0.0,25.228851,24.933548,30.250744,-1.000001,-1.000001,4542.992,0.0,1664452.0,155434.62,-480089.12,1099216.0,1817111.0,-266568.0,-369565.12,-181346.06,2096900.0,1273394.0,1157090.0,1274559.0,3069240.0,1883297.0,2575575.0,-633868.75,-968884.7,299996.25,0.0,0.0,0.0,1.0102177,7291.1484,-26.136353,75.403366,83.14401,45.387695,142.23526,-1.54785155e-05,0.1057341153333333,47834.9974,4877.81223965,1.1724809666666669e-07,3.426462816666666e-07,44.9775845,1.1586846113333332e-05,3.973275333333333e-08,0.0023941343333333,0.0,3.758797115491667e-05,268.726545,16.072498526666667,1.595498428333333,0.110069845,-1.2720740616666668e-05,9.997373728571429e-06,0.0265601444285714,131002.14357142858,13358.500972857144,1.7505341928571428e-07,1.971099224e-06,54.33085442857142,4.222767142857144e-07,6.56251577142857e-05,2.3836021428571443e-08,214.38134,46.40161314285714,11.302029071428572,0.004230699,-5.77e-05,-6.858222500000001e-06,232926.0925,23751.851295,6.97343015e-06,4.0253115e-05,1.1425999375,2.9791547e-06,215.5603325,7.4843316,-2.17293,-0.00235718625,-2.7625e-05,4.876132666666667e-06,326478.02,33291.49302,1.2632042333333332e-05,0.0004805203333333,0.0570451039999999,3.3566909333333333e-06,230.46564333333333,4.085736566666666,-2.6403678200000003,5.554799999999996e-05,5.594979333333335e-07,1.595845e-05,439646.62,44831.478635,6.6457282e-06,0.0036453345,0.000741409,3.7875121e-06,255.598675,9.9797945,4.37230205,-0.00092763,6.45265845e-06
-79.31724344517576,-0.011609733,1.2468271,286.8286,291.7041,101425.19,100382.5,271.45972,271.45972,271.45972,294.01855,0.22627819,1.419795,-0.0054563284,1.3984165,3.5492086,-5.4459248,-20.05243,0.18547797,0.16890955,0.07261711,0.06777531,7087.91,0.98596,0.0,0.0,0.98596,0.0907259,0.00013423944,2.01597e-05,1.1349775e-06,3.0631514,0.0033829627,1.1218939,0.0020124996,0.0,0.0,0.0,0.0,0.0,-163.52834,39.955276,-0.002922088,0.0003327469,-5.5285376e-09,-689.11743,41.551712,20070803000.0,44853133000.0,152386300.0,190194.12,0.061288856,65375527000.0,119.48802,92.88669,3803152.0,10227.039,8.52962e-05,4387322000.0,3474572300.0,40514092.0,20381.562,0.0015006792,7702360600.0,-80.406876,2641645000.0,2701160200.0,2614175.0,2632081700.0,2704960000.0,466.9558,0.018000353,0.0,-1.000001,0.13364446,0.49575937,0.09920597,-0.004823476,-3.963294e-05,0.056288388,13.8673725,-1.000001,-1.000001,6.8539026e-07,0.0059563294,0.00020139667,24.027023,23.826248,30.809826,-1.000001,-1.000001,4401.121,0.0,1290297.0,111761.19,-394389.38,881120.56,1456100.0,-245456.94,-342054.12,-104253.625,1682105.0,1018002.56,1162462.0,1285218.0,2586631.0,1560868.0,2136945.0,-652812.75,-952879.75,226156.44,0.0,0.0,0.0,1.3017454,5481.582,-9.936831,30.356354,44.718506,28.706665,125.105515,-1.4005952166666666e-05,0.0812552486666666,47813.56386666666,4875.62662755,1.1697910333333333e-07,3.9787618e-07,43.62224833333334,7.211732045e-06,0.0,0.002352315,0.0,2.671292680983333e-05,268.58802833333334,15.017553266666669,1.6205361583333335,0.0490600265,-9.479193833333334e-06,1.009980142857143e-05,0.0111601007142857,130958.28571428572,13354.02871714286,1.819583037142857e-07,2.008235914428572e-06,57.92409514285714,3.269345e-07,6.79495107e-05,3.746330428571429e-08,214.41242285714287,46.68924185714286,11.600602857142858,-0.0285893004285714,-6.227e-05,-1.086235125e-06,232929.015,23752.149305,6.91880725e-06,4.002901175e-05,1.148849775,2.9787136e-06,215.274245,6.675045975,-2.1986618,-0.003098651,-2.56e-05,8.127997666666667e-06,326511.3333333333,33294.89003333333,1.2639398333333332e-05,0.000477796,0.0551049466666666,3.3546318e-06,230.76486,4.474708233333334,-2.6927496200000003,0.0005488569999999,-2.2495205e-06,1.6365204999999997e-05,439661.75,44833.02147,6.6701235e-06,0.0035824524999999,0.0007762184999999,3.7854215e-06,255.75481,11.6846795,3.7064343,-5.555400000000003e-05,1.68444705e-06
-79.2839083823335,-0.47065353,1.8623743,287.2688,290.8064,101464.0,100420.06,271.45996,271.45972,271.45996,292.50464,-0.48181885,2.6011982,-0.47594178,1.9100933,4.1230803,-5.446185,1.3181257,0.18543524,0.16888028,0.07263875,0.06779474,7084.457,0.98690987,0.0,0.00022533756,0.98690987,0.06792253,4.8849106e-05,-1.0579364e-05,2.2277745e-06,2.1967611,0.001543358,0.8285192,0.00076155853,0.0,0.0,0.0,0.0,0.0,257.2102,20.421799,-0.0044139475,0.00017162238,-1.2295785e-10,-1305.0747,-618.7854,20258173000.0,44119052000.0,159723000.0,188117.88,0.061390657,64774636000.0,94.86481,-307.91626,3879397.0,10230.82,0.0008524505,4140980000.0,3071180000.0,41047904.0,18661.223,-0.0008367661,7070087000.0,-72.946915,2642637600.0,2700003600.0,2615344.0,2633065700.0,2703878700.0,283.96558,0.018000055,0.0,-1.000001,0.13363391,0.49574935,0.13976496,-0.021989375,-2.2601424e-05,0.07649732,14.182796,-1.000001,-1.000001,3.575821e-07,0.005962264,5.4971184e-05,23.10115,22.96405,32.0841,-1.000001,-1.000001,4261.1914,0.0,807928.7,75938.69,-268850.25,579650.9,976930.44,-234582.44,-333016.38,-22590.734,1132678.0,670290.5,1161988.0,1267586.0,1901012.0,1069395.0,1519626.0,-708710.0,-954028.44,169330.88,0.0,0.0,0.0,1.0366659,4628.0117,-40.621735,-56.869644,393.1399,160.51076,257.08936,-1.9176420616666667e-05,0.080736032,47840.98816666667,4878.423127833334,1.158792491666667e-07,4.725329966666666e-07,43.37448225,9.310946411666667e-06,0.0,0.0023476256666666,0.0,1.860362253833333e-05,268.34549666666663,14.208354933333334,1.6009610933333331,-0.0097590418333333,-3.458145999999999e-06,8.905247357142858e-06,0.0002230229999999,130965.90142857144,13354.805302857145,1.8670463e-07,1.914906215142857e-06,49.73872814285715,2.722449e-08,5.091696042857143e-05,6.806122428571429e-09,214.59026142857144,47.326666,12.024204999999998,-0.0852152015714285,-7.088985714285713e-05,5.868586e-06,232986.66,23758.0274625,6.87885515e-06,4.077503675e-05,1.152738375,2.979554675e-06,215.1488325,6.22294745,-2.02064755,-0.003026521,-2.435e-05,3.3479936666666667e-06,326604.65,33304.40568333334,1.2650826e-05,0.0004737473333333,0.0533243156666666,3.3519715e-06,230.94453666666664,3.7486429,-2.407713676666667,5.085233333333333e-05,-5.360413966666667e-06,4.320439999999998e-07,439805.75,44847.705385,6.6192565000000005e-06,0.0036531945,0.0007276045,3.78789945e-06,256.91426,13.579341,2.01224515,0.000581673,4.7976137e-06
-79.35395853955855,-0.37711817,1.6515436,287.23828,290.60913,101487.94,100442.56,271.4602,271.45972,271.45996,290.271,-0.35845143,3.3117542,-0.3111868,1.42908,3.4336386,-5.4461203,14.106369,0.18540609,0.16885102,0.07266039,0.06781113,6958.258,0.98216015,0.0,0.0,0.98216015,0.06559169,1.2180408e-05,1.8967039e-06,-9.391748e-07,2.0711565,0.00014985027,0.698011,3.0517578e-05,0.0,0.0,0.0,0.0,0.0,15.769528,17.571426,-0.0050456524,6.280633e-05,-3.6644865e-10,-1367.9727,-1182.562,20391223000.0,43353272000.0,168210640.0,185880.44,0.060786925,64112546000.0,79.02089,-80.156296,3966290.0,10233.129,0.00078918063,3931089200.0,2626336000.0,41657510.0,16866.457,-0.002515173,6430177000.0,-69.11569,2642236200.0,2698763300.0,2615034.0,2632653600.0,2702724600.0,192.08096,0.01799864,0.0,-1.000001,0.1336329,0.4957468,0.11011934,-0.010857791,-5.191162e-06,0.043223005,14.736484,-1.000001,-1.000001,2.8009845e-07,0.005963579,1.833435e-05,22.764969,22.62474,33.257072,-1.000001,-1.000001,4259.793,0.0,307217.0,44846.258,-136661.75,323545.06,442860.8,-220621.75,-310808.38,20777.574,522014.94,375308.94,1154690.0,1248469.0,1059105.0,616132.44,790075.25,-755463.9,-952413.5,66696.44,0.0,0.0,0.0,0.40400755,4526.258,-60.274475,-67.31445,819.81055,273.35205,247.68793,-1.28677875e-05,0.1026110833333333,47830.38656666666,4877.3420655166665,1.1458732233333333e-07,7.0618003e-07,45.406164,1.0892110513333333e-05,0.0,0.0023838626666666,0.0,2.017363668333333e-05,268.0240933333334,13.725255511666669,1.5216053383333332,-0.0130804351666666,2.080561100000002e-06,1.1153434285714289e-06,0.0020091491428571,130924.15214285711,13350.548062857142,1.892350548571429e-07,1.7103691594285716e-06,45.298754,1.1582170571428572e-07,4.63366659e-05,1.3626829142857144e-08,214.73351285714287,48.06849685714285,12.490993571428572,-0.054760088,-6.857142857142857e-05,7.692946e-06,232974.73,23756.8109375,6.8571315e-06,4.12167535e-05,1.1796745249999998,2.980365475e-06,215.0202275,6.2243580750000005,-1.95954665,-0.0046918905,-2.5025e-05,-3.4919321666666666e-06,326589.54,33302.86489333334,1.266277e-05,0.0004741696666666,0.0523702133333333,3.3493728e-06,230.96672,3.174471533333333,-2.087154425,-0.0001558436666666,-5.0202106333333335e-06,-6.425e-06,439844.56,44851.662905000005,6.5580916e-06,0.003745468,0.000670904,3.788638e-06,257.47003,13.8743895,1.35791635,0.0002338939999999,6.83928215e-06
-79.3264898441913,0.17862248,1.41399,286.41357,287.3684,101523.125,100475.25,271.45996,271.45972,271.45996,286.989,1.0233088,2.1922016,0.13590348,0.59840393,3.144781,-5.4460316,6.2752724,0.18536949,0.1688143,0.07267898,0.06783974,6951.832,0.9629443,0.0,0.0,0.9629443,0.016343776,4.266329e-05,-1.15042285e-05,2.9303652e-07,0.47444123,0.000968497,0.083131194,-0.00034162914,0.0,0.0,0.0,0.0,0.0,-87.0116,5.730954,-0.0027858985,8.5752516e-05,-6.246893e-09,-560.5083,-394.83325,20511259000.0,42939437000.0,174613070.0,184724.0,0.05992727,63766524000.0,57.542587,15.619856,4056029.0,10236.488,0.0011585371,3836460300.0,2678812700.0,42309770.0,16917.504,-0.0022284645,6390968300.0,-66.818375,2642190300.0,2694859000.0,2615321.0,2632608500.0,2698912800.0,66.31552,0.017999224,0.0,-1.000001,0.13352734,0.49575078,0.076732874,0.0041867606,-2.2866823e-07,0.0035545118,14.5775585,-1.000001,-1.000001,3.039533e-07,0.005972799,1.2180408e-05,21.13121,21.088242,34.05292,-1.000001,-1.000001,4089.6428,0.0,21402.512,6624.2812,-21767.242,46222.63,51291.277,-196251.31,-287267.5,47359.848,64475.54,53915.566,1143013.0,1219796.0,187831.94,105270.5,124931.5,-780419.25,-945746.94,5901.2383,0.0,0.0,0.0,0.26827186,3583.2202,-26.971954,-24.303802,778.53906,252.96066,137.78761,2.4683045000000004e-06,0.1153682305,47845.62840000001,4878.896299999999,1.1343021833333333e-07,7.905432566666667e-07,44.19211533333333,4.54561252e-06,7.929953e-09,0.0022594261666666,0.0,8.264437456666666e-06,267.72503666666665,14.015894183333332,0.8617869520000001,-0.064788513,1.7653460000000007e-06,-2.0972268571428567e-06,0.0046882352857142,130898.98285714284,13347.981507142857,1.8791018142857145e-07,1.5018684635714288e-06,44.443385,1.294357452857143e-07,4.4115065000000005e-05,1.8732099571428573e-08,214.7831242857143,47.863048285714285,13.506063357142857,-0.0450999595714285,-7.23912857142857e-05,-3.679012e-07,232937.6125,23753.0260075,6.90780545e-06,4.418207425e-05,1.2086584625,2.9826367e-06,215.125085,5.78406124,-2.0883236,0.00065740625,-2.415e-05,-5.772656666666671e-07,326567.3733333333,33300.604523333335,1.2657121166666663e-05,0.0004862906666666,0.0531799053333333,3.347295833333333e-06,230.85032,3.620803633333333,-1.468743413333333,-0.0004121016666666,-1.7603479999999995e-06,-5.406405999999999e-06,439695.57,44836.47015,6.6487355e-06,0.0037908815,0.000670598,3.78678545e-06,257.18131,13.4448215,0.1523132999999998,0.000202162,3.5412620000000005e-06
-79.31755375608785,1.0189476,0.75803566,286.35864,287.39722,101571.75,100524.75,271.45972,271.4602,271.4602,285.6211,1.8715782,1.1919193,0.35958368,0.3155207,2.6023207,-5.4455633,4.6993237,0.18533427,0.16878504,0.07269448,0.06785607,6797.5703,0.9736029,0.0,0.0,0.9736029,0.018609263,2.4360808e-05,-1.1791152e-05,-1.6550757e-06,0.5290658,0.0012713049,0.10917729,0.00026893616,0.0,0.0,0.0,0.0,0.0,-1170.4775,32.416702,-0.003577725,0.0001684493,1.7492892e-09,10.103048,-814.562,20304603000.0,41501454000.0,179116820.0,179607.0,0.057501882,62096118000.0,43.80934,1167.5872,4106509.0,10241.4375,0.0013597808,4188692700.0,3808422400.0,46524160.0,21512.824,-0.0023137752,7893072400.0,-59.90915,2642726400.0,2694027300.0,2615988.0,2633129000.0,2698133800.0,37.972168,0.01799881,0.0,-1.000001,0.13352734,0.49577254,0.06380969,0.0047748387,8.219132e-08,-0.004108578,14.105159,-1.000001,-1.000001,1.0431559e-06,0.0059822313,0.0,20.577301,20.540985,34.40657,-1.000001,-1.000001,3988.837,0.0,0.0,0.0,-3247.003,3.5999988e-12,0.0,-180047.38,-252015.56,32060.523,0.0,0.0,1125320.0,1195097.0,0.0,0.0,0.0,-804725.8,-931301.9,0.0,0.0,0.0,0.0,0.3193671,3187.259,41.21573,25.22432,427.84766,154.37517,86.46242,1.0405983333333335e-06,0.11198316,47862.028366666666,4880.568631316667,1.1239637066666665e-07,9.275743523333334e-07,45.284304,5.257370168333334e-06,1.5859901666666667e-08,0.0022553636666666,0.0,5.4515489e-06,267.508365,13.316417733333331,1.0505637343333334,0.0275688301666666,-2.8163709999999984e-06,-7.954216714285713e-06,0.0428594771428571,130883.18642857144,13346.37072,1.862488498571429e-07,1.5988952774285711e-06,54.27025742857143,2.656757442857143e-07,5.293315421428572e-05,2.213560671428573e-08,214.5445528571429,48.075485571428565,14.022906142857142,0.0175486757142857,-7.035214285714286e-05,-2.9264835e-06,232934.015,23752.659165,6.92663735e-06,4.50156625e-05,1.23213798,2.9850473000000003e-06,215.170605,5.086550750000001,-2.485007075,-0.0009272437499999,-2.3e-05,-2.1350753333333328e-06,326541.5,33297.966173333334,1.2665835333333334e-05,0.0004865313333333,0.0542631483333333,3.3459058e-06,230.78365,3.9847907666666655,-2.210002933333333,-0.0003997066666666,-6.132983933333333e-07,-4.968352000000001e-06,439690.18,44835.920525,6.6105530000000005e-06,0.0038320475,0.0006814995,3.78730685e-06,257.11757,11.9407895,-0.9345031,8.769149999999999e-05,7.4453694e-06
-79.30922347449221,1.2649403,0.28216213,286.55347,287.60132,101618.375,100571.81,271.45996,271.45996,271.45972,285.08472,1.9177055,0.37893814,0.4431821,0.14623553,2.4626637,-5.4451246,4.1023464,0.18529767,0.16876668,0.07271612,0.067875504,6736.6367,0.96247387,0.0,0.0,0.96247387,0.027336571,0.00011604384,-8.323409e-06,1.7227112e-06,0.9173277,0.0030478616,0.25201327,0.00021116514,0.0,0.0,0.0,0.0,0.0,-165.61214,45.248,-0.0054349825,2.6193622e-05,-8.096993e-09,-1158.561,-1240.676,20299282000.0,40904647000.0,182940690.0,177697.25,0.057324354,61491278000.0,41.53752,173.11401,4147334.0,10246.332,0.0011114995,4511166500.0,4867747300.0,50238216.0,25783.547,-0.0016426924,9304060000.0,-50.59607,2643042600.0,2693443600.0,2616402.0,2633454800.0,2697593000.0,30.91829,0.01799957,0.0,-1.000001,0.13352734,0.49580115,0.059562277,0.005497627,3.5738685e-07,-0.007891759,13.522255,-1.000001,-1.000001,2.2057056e-06,0.0059937537,1.8302482e-05,20.218765,20.174637,34.497967,-1.000001,-1.000001,3729.4468,0.0,0.0,0.0,-582.62964,3.5999988e-12,0.0,-171427.06,-243456.69,26441.32,0.0,0.0,1115290.0,1188351.0,0.0,0.0,0.0,-775230.44,-924317.75,0.0,0.0,0.0,0.0,0.4488122,3420.463,104.72337,47.53734,273.79614,79.11983,41.739883,-7.796706666666659e-07,0.0979162488333333,47874.39771666667,4881.8299539,1.1119129833333337e-07,1.1551220416666666e-06,47.4477889,6.6082115e-06,0.0,0.0022742003333333,0.0,4.76398225e-06,267.357575,12.877061883333331,1.0941289166666668,-0.028538803,3.5276725000000003e-06,3.956085714285716e-07,0.1314624642857143,130846.15285714286,13342.594347142858,1.9250747914285722e-07,1.7086287615714286e-06,65.32963385714285,2.097849e-06,6.873188357142856e-05,2.924526711428572e-07,214.37409857142856,48.56935142857143,14.220904857142855,0.0385685395714285,-6.190799999999999e-05,-2.99361575e-06,232951.3725,23754.4291375,6.938650875e-06,4.52529055e-05,1.231134725,2.985593275e-06,215.1728625,4.668384025,-2.274069225,0.00231174325,-2.1825e-05,-3.978666666666666e-06,326550.75333333336,33298.90975333333,1.2677833333333334e-05,0.0004882993333333,0.0526304366666666,3.3455717000000005e-06,230.91728666666663,4.0125486666666665,-2.9241514333333334,0.0004374893333333,2.380403166666666e-06,3.293595999999999e-06,439869.5,44854.206075,6.544961e-06,0.0038940495,0.000649314,3.790652e-06,257.396935,13.2322555,-1.62845515,0.0005042734999999,1.1165501e-05
-79.31509453443708,1.0398464,0.38559806,286.646,287.32715,101649.75,100602.875,271.45996,271.4602,271.45972,284.25952,1.2328558,0.31980217,0.31938875,0.117195785,2.0198793,-5.444025,2.893856,0.18526071,0.16873741,0.07274693,0.067885816,6647.422,0.926344,0.0,0.0,0.926344,0.045948427,0.0010562383,-3.2570933e-06,-1.4370535e-06,1.7061663,0.03180234,0.53533286,0.0072748326,0.0,0.0,0.0,0.0,0.0,-324.14307,80.735596,-0.00507243,6.565517e-05,-8.712032e-09,-1287.8569,-1336.7322,20161415000.0,39889650000.0,184914910.0,174195.62,0.056549493,60318180000.0,33.06755,272.4016,4160646.0,10249.449,0.0003239815,4816182300.0,6134179000.0,53473330.0,30679.191,0.00027793972,10908393000.0,-38.58969,2642699000.0,2692563000.0,2616108.0,2633135000.0,2696726000.0,21.397598,0.018000323,0.0,-1.000001,0.13352734,0.4958666,0.04526474,0.0024372523,4.4159606e-07,-0.008387912,13.050462,-1.000001,-1.000001,4.292134e-06,0.006029494,2.4427369e-05,20.037079,19.95935,34.489838,-1.000001,-1.000001,3582.0159,0.0,0.0,0.0,379.24683,3.5999988e-12,0.0,-156012.75,-239822.5,23716.824,0.0,0.0,1108803.0,1198174.0,0.0,0.0,0.0,-713935.94,-920603.75,0.0,0.0,0.0,0.0,0.66235226,3851.823,112.71307,48.36566,221.03934,62.493652,30.992462,-6.2922025666666665e-06,0.0908775806666666,47864.8327,4880.8545936166665,1.1059998516666669e-07,1.4128287816666668e-06,49.688749666666666,1.0619637016666666e-05,7.791797166666667e-07,0.0022955094999999,0.0,6.575261416666668e-06,267.18713166666663,12.398825700000002,1.2682948333333333,-0.0189935526666666,1.0785003999999998e-05,2.6133685714285736e-07,0.2379386242857142,130786.42857142857,13336.504164285714,2.0762072142857146e-07,2.039130944571429e-06,70.06579,5.782881857142858e-06,7.569490495714286e-05,9.438241357142858e-07,214.39409142857144,49.03356271428572,14.562541571428572,0.0591646471428571,-5.059435028571429e-05,-5.34154875e-06,232957.31,23755.034595,6.96682065e-06,4.543788975e-05,1.2020002575,2.986272e-06,215.3211325,3.850958225,-1.3844841,0.0061415149999999,-1.98025e-05,-2.7071386666666668e-06,326565.3733333333,33300.40057666667,1.2686109e-05,0.0004904016666666,0.0524464663333333,3.345554733333333e-06,231.06013,3.804713533333333,-3.402617766666667,0.0010615586666666,2.489199233333333e-06,1.0435674e-05,439865.38,44853.785955,6.524200500000001e-06,0.0038750985,0.0006255495,3.79118185e-06,256.91894,11.4234195,-2.5507448100000003,0.000653345,1.02212732e-05
-79.30021205641349,0.8943772,0.25542533,286.62305,286.97827,101640.94,100594.375,271.45996,271.45996,271.45996,284.38306,0.75524825,0.2349596,0.28459984,0.053049542,1.7644005,-5.443102,3.0249739,0.18522108,0.16870981,0.07276547,0.06790221,7184.129,0.9677004,0.0,0.0,0.9677004,0.03881868,1.2212277e-05,-6.7658357e-06,9.03608e-08,1.6634607,0.0009918213,0.5704507,0.00022602081,0.0,0.0,0.0,0.0,0.0,-271.8452,54.455093,-0.0035957457,4.685385e-05,-5.9607217e-09,-862.16626,-924.9138,20262760000.0,39621060000.0,186179780.0,173565.62,0.057704516,60130824000.0,24.773438,251.8911,4174457.0,10248.539,0.00045089843,4926177300.0,7296498000.0,52617148.0,34800.984,0.0026822663,12213712000.0,-24.10991,2641856500.0,2690656800.0,2615340.0,2632273200.0,2694860800.0,16.884262,0.017999444,0.0,-1.000001,0.13352734,0.49591,0.029395964,0.0031427455,2.6986896e-07,-0.008631669,12.713512,-1.000001,-1.000001,5.764684e-06,0.006049473,6.715441e-05,19.612808,19.54483,34.68349,-1.000001,-1.000001,3476.4473,0.0,0.0,0.0,3496.3152,3.5999988e-12,0.0,-168553.56,-237887.75,15546.328,0.0,0.0,1104799.0,1171988.0,0.0,0.0,0.0,-695217.5,-920854.1,0.0,0.0,0.0,0.0,0.61678785,4021.5034,78.61427,20.460556,115.46912,29.157715,-2.7113829,-3.9192765e-06,0.0520758955,47851.02873333333,4879.446980883334,1.1173920333333337e-07,1.5616413833333332e-06,50.75265408333333,2.2923024e-06,0.0,0.0022954663333333,0.0,3.929595133333333e-06,267.0491,12.698976516666669,1.4307488663333334,0.004001425,1.2406012166666666e-05,9.766518857142856e-06,0.2278975605714286,130733.0,13331.055967142858,2.131767157142857e-07,1.9666578254285715e-06,61.31808285714286,5.108629242857144e-06,6.86826381857143e-05,5.006217114285714e-07,214.46509857142857,49.32725542857143,14.344661285714285,0.0115001128571428,-4.9178733e-05,-7.57625e-06,232945.5475,23753.8351525,6.980578875e-06,4.458231e-05,1.147679175,2.984884075e-06,215.3977675,3.72265015,-0.5435161500000001,0.0010664324999999,-1.8295e-05,5.521039666666667e-06,326467.3733333333,33290.40735666667,1.2699563333333331e-05,0.000489669,0.0546303236666666,3.3442945e-06,230.7735133333333,3.025445,-2.652606366666667,0.0004049503333333,9.81825e-07,-4.878748499999999e-06,439739.31,44840.93039,6.466974e-06,0.003932868,0.0005927395,3.794379e-06,257.22619,12.1503475,-3.0170469,0.0003034335,1.1404997e-05
-79.39406657200612,0.6864052,-0.24139541,285.8672,286.13623,101681.5,100634.625,271.45996,271.45972,271.45996,284.16675,0.45759445,-0.31937283,0.2610798,-0.1206159,1.4273462,-5.442527,3.7931547,0.18517971,0.16867143,0.072790146,0.06792164,8994.73,0.98500794,0.0,0.000115713876,0.98500794,0.033600256,3.663964e-05,4.936548e-06,1.2457303e-06,1.5350809,0.0007213808,0.4946211,6.165185e-05,0.0,0.0,0.0,0.0,0.0,739.417,33.2565,-0.0033456278,-0.00017437145,1.5160135e-09,-1279.5098,-969.4773,20489996000.0,39900377000.0,192196000.0,175026.88,0.0575647,60650017000.0,27.608246,-757.5149,4244919.0,10252.73,0.00089925225,4877489000.0,8053790000.0,52503444.0,37255.01,0.0042470396,12954028000.0,-12.472362,2641870000.0,2691253800.0,2615315.0,2632277000.0,2695479600.0,13.469574,0.018000558,0.0,-0.8748704,0.13352734,0.49595165,0.02279304,0.00682934,2.6296175e-07,-0.011365753,12.99964,-0.8500534,-0.8411935,7.05189e-06,0.006050285,1.8302482e-05,19.83435,19.765198,35.28334,-0.8748704,3.2171974,3354.5474,0.0,0.0,0.0,5124.7656,3.5999988e-12,0.0,-178213.12,-227781.38,11680.902,0.0,0.0,1099682.0,1147196.0,0.0,0.0,0.0,-697095.44,-920284.56,0.0,0.0,0.0,0.0,-0.058416817,3943.377,56.422974,9.285683,75.88078,-13.378943,-20.81839,-1.9482499999999995e-06,0.021092295,47850.69565,4879.413015466666,1.1210524633333333e-07,1.4621387816666667e-06,51.10790116666666,6.356857633333333e-07,0.0,0.0022744215,0.0,5.039024583333334e-06,266.82429833333333,12.761139683333331,1.1544910083333335,-0.1253029165,1.0739838333333336e-05,4.285042571428571e-06,0.2837003742857143,130692.9007142857,13326.966977142858,2.1922682842857145e-07,1.8362288885714288e-06,56.50632828571428,5.074700471428572e-06,6.107136014285714e-05,4.278392742857143e-07,214.5511871428572,49.90828671428572,14.073988,0.036731326,-5.008571428571429e-05,-9.885625000000057e-08,232907.5475,23749.9602325,6.962106875e-06,4.36668525e-05,1.17629015,2.984093325e-06,215.181455,3.0971573500000003,0.5136694350000001,0.00019265725,-1.975e-05,4.660326666666667e-06,326511.39666666667,33294.89649333333,1.2699091666666663e-05,0.0004865939999999,0.0510272413333333,3.3451269666666668e-06,230.90790666666663,3.238000266666667,-2.864765225,-0.0004676866666666,-4.32710000000002e-08,-3.5265392e-06,439761.18,44843.16051,6.48024165e-06,0.0039830379999999,0.000643675,3.7955965e-06,256.6794,11.3692105,-3.0703859500000004,-0.0004943644999999,1.4878672e-05
-79.27723423212902,0.29936516,-0.60526127,285.19775,285.198,101705.125,100658.06,271.45972,271.45972,271.4602,283.82373,-0.36401957,-0.75325537,0.13484305,-0.19352257,1.8160477,-5.4416704,2.6981945,0.18514007,0.16865438,0.07281178,0.06794107,8585.617,0.9939346,0.0,0.000792332,0.9939346,0.050715905,1.2180408e-05,-5.8799033e-06,1.1648799e-06,2.1596565,0.00013766607,0.63108885,-0.00013160706,0.0,0.0,0.0,0.0,0.0,-279.58228,-33.536453,-0.0035554462,-0.00011207636,-8.206914e-09,-792.6299,-1314.2524,20889820000.0,40675086000.0,203215540.0,178517.31,0.060955867,61839290000.0,28.972122,305.2837,4353070.0,10255.039,0.00057357387,4768870400.0,8540492000.0,52182720.0,38632.375,0.005489111,13352167000.0,-3.0531254,2640618500.0,2691085300.0,2613974.0,2631042000.0,2695434800.0,12.904346,0.017998613,0.0,-0.8748704,0.13352734,0.49599397,0.026452523,0.0016090034,8.287981e-08,-0.010413431,14.140838,-0.847536,-0.83751506,8.4164685e-06,0.006070055,1.2212277e-05,20.308975,20.200378,36.256336,-0.8748704,3.2171974,3352.6973,0.0,0.0,0.0,4436.254,3.5999988e-12,0.0,-171264.0,-218536.12,11227.906,0.0,0.0,1095936.0,1146719.0,0.0,0.0,0.0,-689459.3,-915640.1,0.0,0.0,0.0,0.0,-0.56791663,3286.6343,11.25133,1.1997452,81.98607,-46.53859,-31.89418,-1.1374238733333332e-05,0.0651004393333333,47824.85023333333,4876.777516583334,1.12275084e-07,1.2924189166666667e-06,52.24314966666666,2.1415213416666666e-06,0.0,0.0022598128333333,0.0,1.0725310055e-05,266.49856,12.368162496666663,1.10326145,0.0732077025,5.5235295e-06,-4.4931071428571474e-07,0.2457594914285714,130611.3492857143,13318.651047142856,2.262326457142857e-07,1.639303577857143e-06,57.64614771428571,4.863574471428572e-06,6.195698880000001e-05,5.542636995714285e-07,214.68360142857145,51.28225514285714,13.360462285714286,0.0398901212857142,-5.69e-05,-2.862518e-06,232830.6575,23742.1196325,6.985974199999999e-06,4.368062925e-05,1.167028235,2.984371625e-06,215.240335,3.5529126925,1.4679138575,0.0018274724999999,-1.9075e-05,3.560414333333332e-06,326369.19,33280.39544666667,1.2696775e-05,0.0004806713333333,0.0533983419999999,3.343166066666667e-06,230.50234,3.3925813,-2.4583651333333334,0.0001140656666666,-2.4240648333333333e-06,-8.248417e-06,439399.125,44806.24117,6.4980852e-06,0.0040298765,0.0007311374999999,3.79756105e-06,256.239535,11.414421,-0.83750615,-3.1181000000000026e-05,1.4937534500000002e-05
-79.38696781484721,-0.024314247,-0.9026423,284.8628,284.87402,101724.25,100675.5,271.45996,271.45972,271.4602,284.13013,-1.2968693,-1.0078468,0.025068566,-0.31841284,2.3716125,-5.44131,3.5398207,0.18510485,0.1686238,0.07283038,0.06795746,8282.77,0.99924415,0.0,0.0034676844,0.99924415,0.03922384,0.0,-5.98555e-06,6.8335754e-07,1.9527845,-0.00021955867,0.53315675,0.00050354004,0.0,0.0,0.0,0.0,0.0,854.9795,-35.7437,-0.002942372,-0.00022669174,-5.945431e-09,-1387.8425,-1102.7737,21358821000.0,41332154000.0,219772460.0,181743.38,0.06383157,62968308000.0,22.785065,-848.4702,4545325.0,10256.824,0.0009170035,4643625500.0,9029764000.0,51652204.0,40031.45,0.0061868727,13738167000.0,5.3570986,2639859000.0,2691775500.0,2613088.0,2630250000.0,2696329000.0,20.061829,0.018000364,0.0,-0.8748704,0.13352734,0.4960153,0.043744076,-0.0022267904,2.020596e-07,-0.01146239,15.190916,-0.85145885,-0.84328324,9.095776e-06,0.006097112,6.090204e-06,20.870773,20.785599,36.92092,-0.8748704,3.2046595,3349.672,0.0,0.0,0.0,7384.0977,3.5999988e-12,0.0,-169885.06,-215858.88,16452.031,0.0,0.0,1094773.0,1145457.0,0.0,0.0,0.0,-721228.1,-912008.06,0.0,0.0,0.0,0.0,-0.6494208,2857.583,-86.65381,-23.411972,227.47823,-80.43234,-43.801178,-1.3773421783333334e-05,0.0229117246666666,47809.300266666665,4875.1918611833335,1.1341542833333334e-07,1.0323417683333332e-06,51.481276,2.1058073333333333e-07,0.0,0.0022745188333333,0.0,6.580399149999999e-06,266.4415383333333,12.30634675,1.7171353666666669,0.0318526355,7.765913833333336e-06,8.67747742857143e-06,0.3334907537142857,130544.68857142856,13311.853544285714,2.375203028571429e-07,1.87100228e-06,60.289276,1.106305757142857e-05,6.389643964285715e-05,2.254837768571428e-06,214.56733142857144,52.58586114285714,12.84253957142857,0.0053901749999999,-7.669242857142858e-05,1.2120316000000005e-06,232842.2475,23743.3014875,6.96729085e-06,4.3173611e-05,1.172523275,2.983479375e-06,215.018015,4.8207205,1.4026748625,-0.00374966275,-1.8515e-05,-5.079109000000001e-06,326298.42,33273.17891333334,1.26850475e-05,0.000488547,0.0534442473333333,3.344303566666667e-06,231.03869333333333,2.4499517333333336,-0.7544341553333332,0.0013482806666666,-2.9672254366666663e-06,-2.059616e-06,439319.13,44798.08395,6.50881225e-06,0.004026027,0.0008025875,3.7976843e-06,255.572225,12.41259725,0.47664215,-0.0003090945,1.570934575e-05
-79.27608409690548,0.22975558,-0.9320012,285.13354,285.21558,101772.875,100722.5,271.45996,271.45972,271.45972,283.61572,-1.0341444,-1.2165985,0.1213699,-0.31370765,2.4479284,-5.4407625,4.0226717,0.1850757,0.16859758,0.072852015,0.06797689,7998.6523,1.0,0.0,0.034706313,1.0,0.088602364,0.00016482921,1.3833362e-05,-5.833301e-07,4.240569,0.0027875658,1.1073036,0.00077226246,0.0,0.0,0.0,0.0,0.0,2014.9956,112.31941,-0.0059716925,-0.00022793993,-1.4237077e-08,-3454.919,-1895.0525,21287880000.0,41107653000.0,214617040.0,180895.81,0.06597668,62664270000.0,21.600815,-2086.7615,4467705.0,10261.547,0.0013594665,4618182700.0,9685043000.0,50398188.0,42215.1,0.00698011,14391768000.0,15.004555,2639275500.0,2692701400.0,2612348.0,2629656300.0,2697179100.0,20.16037,0.017998498,0.0,-1.000001,0.13352734,0.49605262,0.048132956,0.00015186958,-1.1921674e-07,-0.011171371,16.28221,-1.000001,-1.000001,1.0174428e-05,0.0061250925,3.6610596e-05,21.581406,21.396255,37.443954,-1.000001,-1.000001,3126.7112,0.0,0.0,0.0,6050.5273,3.5999988e-12,0.0,-145524.06,-217183.0,19281.273,0.0,0.0,1093945.0,1176315.0,0.0,0.0,0.0,-662610.9,-909542.4,0.0,0.0,0.0,0.0,-0.7885476,3382.4517,-111.43904,-34.51091,310.30103,-112.559875,-60.258423,-1.03731081e-05,0.0039062496666666,47799.81543333334,4874.224677383333,1.13389585e-07,9.089158083333334e-07,52.05009783333333,3.4169653e-07,3.180647e-08,0.0022857405,0.0,1.2314873491666663e-05,266.30971833333336,12.486194525,1.956012203166667,-0.0392329385,5.617643833333332e-06,2.381950242857143e-05,0.4386168371428572,130487.86571428573,13306.059227142858,2.558772980000001e-07,2.0649128734285715e-06,62.72489742857143,1.79767491e-05,6.38726262e-05,3.5958424714285715e-06,214.6124357142857,52.33299028571429,13.597418857142856,-0.1139565957142857,-7.764371428571429e-05,3.573434999999998e-07,232783.795,23737.3409875,6.95674155e-06,4.31988555e-05,1.2061548599999998,2.9845587e-06,214.8558125,5.6953745,1.001313425,0.0002500254999999,-1.66e-05,-5.513480166666667e-06,326295.74666666664,33272.90631333333,1.2701192166666666e-05,0.0004902176666666,0.0515312476666666,3.3439142666666668e-06,231.15136666666663,3.0552586,0.2414637,-0.000470421,9.224509999999985e-08,-2.8857289999999995e-06,439079.34,44773.63218,6.51503985e-06,0.0039682104999999,0.0008258705,3.79832085e-06,255.24124,12.8030775,0.3350634499999999,0.0004340339999999,1.413914585e-05
-79.30647528810903,0.17462218,-0.9495705,285.41797,285.48877,101822.625,100771.375,271.45972,271.4602,271.45972,283.7439,-1.1986532,-1.4035835,0.10422695,-0.33616555,1.9617767,-5.440572,4.1123877,0.18503296,0.16856527,0.07287365,0.06799322,8542.371,0.99988425,0.0,0.010351993,0.99988425,0.05596173,7.933199e-05,6.0944885e-06,-1.3664703e-06,2.6503563,0.0013666484,0.93083185,-5.171199e-05,0.0,0.0,0.0,0.0,0.0,2299.0625,142.382,-0.0036627252,-0.00019019542,-7.181594e-09,-2910.4844,-875.2505,20890780000.0,40193024000.0,198469700.0,176874.81,0.068348765,61317130000.0,14.033446,-2368.168,4269042.0,10266.492,0.0013276874,4402189000.0,9660550000.0,47113550.0,41687.13,0.007292159,14162526000.0,20.845734,2638816800.0,2693458000.0,2611777.0,2629209600.0,2697728500.0,21.526184,0.018000275,0.0,-0.38751012,0.13352734,0.4960696,0.033344872,-0.0043544024,-2.2400798e-08,-0.010057792,15.39269,-0.2632901,-0.21305764,1.0627368e-05,0.0061713494,7.314618e-05,22.00418,21.879974,36.40175,-0.38751012,19.187607,3077.8381,0.0,0.0,0.0,-2490.272,3.5999988e-12,0.0,-135314.75,-228427.0,16933.281,0.0,0.0,1082077.0,1187265.0,0.0,0.0,0.0,-543565.0,-904168.56,0.0,0.0,0.0,0.0,-0.4700603,3138.898,-31.97293,5.835881,211.88824,-91.287766,-48.014587,-7.053718049999999e-06,0.0018230199999999,47779.02126666667,4872.104262433333,1.132217736666667e-07,7.585296400000001e-07,53.222620000000006,2.462581866666667e-07,0.0,0.002290921,0.0,9.456801433333331e-06,266.15001166666667,12.223877416666667,1.6197048633333333,-0.1056805329999999,1.716176333333333e-06,1.888215114285714e-05,0.4401762071428571,130471.22357142856,13304.36220142857,2.7461298657142857e-07,2.329397144142857e-06,61.314648857142856,1.4768233328571426e-05,6.220057477142857e-05,2.4948465828571427e-06,214.59123285714284,50.78595442857143,13.017138057142857,-0.0898744392857142,-5.947838428571428e-05,4.355149e-06,232771.3925,23736.0762875,6.954949675e-06,4.3019626750000006e-05,1.2300469625,2.984820875e-06,214.6993575,6.7106995750000005,0.7693531550000001,-0.00372733675,-1.64e-05,2.5185245666666667e-06,326247.99333333335,33268.03682666667,1.2706828e-05,0.000492674,0.0535157196666666,3.3422788e-06,230.95361,3.3812722,0.4239598979999998,0.0006281876666666,1.3101789e-06,1.2366762500000002e-05,439079.875,44773.68673,6.50694585e-06,0.0038792165,0.0008073055,3.7971945e-06,254.60256,13.63681,-0.9589146,-0.000253798,1.297609285e-05
-79.30314036178567,0.24185783,-1.2424507,285.23047,285.3916,101868.875,100816.19,271.45996,271.45996,271.4602,283.52563,-1.5906134,-1.4921532,0.06475705,-0.41343123,2.2896547,-5.4401703,3.3484497,0.18500078,0.1685391,0.07289225,0.068012655,8168.242,1.0,0.0,0.06299323,1.0,0.06756085,0.00017710804,-4.560482e-06,2.9958125e-07,2.9363012,0.0034392052,1.3058558,0.00090026855,0.0,0.0,0.0,0.0,0.0,2095.333,121.499985,-0.0044059753,-4.58407e-05,-4.0114685e-09,-2801.9573,-751.9231,20358003000.0,38886945000.0,186483740.0,171300.88,0.06845808,59453080000.0,8.862591,-2157.3723,4110279.0,10271.078,0.0010959532,4317926000.0,9914763000.0,45224170.0,42379.016,0.0064698383,14341030000.0,26.279175,2637776600.0,2692862000.0,2610685.0,2628153000.0,2696983800.0,25.223389,0.017999977,0.0,-0.51264066,0.13352734,0.49608982,0.03640943,-0.0120725,2.0274651e-08,-0.008359142,15.690822,-0.41924703,-0.3807693,1.1086175e-05,0.0061908737,0.00015271254,22.208923,22.061264,36.940895,-0.51264066,14.970421,3000.8308,0.0,0.0,0.0,-1779.4114,3.5999988e-12,0.0,-141877.75,-232424.75,16002.5,0.0,0.0,1084423.0,1178298.0,0.0,0.0,0.0,-569047.44,-904926.4,0.0,0.0,0.0,0.0,-0.19432944,3788.0564,-74.51671,-19.156616,303.41968,-91.65938,-42.130295,1.2763646666666657e-06,0.0083349168333333,47740.247266666665,4868.150414833333,1.1277101433333333e-07,6.068826083333333e-07,53.64413516666667,2.1856559833333335e-07,6.365077166666667e-08,0.0022693221666666,0.0,1.0482849166666668e-05,265.8671133333333,11.480976750000002,1.644722776,-0.1511773998333333,-1.6331470000000003e-06,2.093600957142857e-05,0.3968710574285715,130433.5257142857,13300.518088571427,2.87045262e-07,2.3269986952857143e-06,61.79199528571428,1.3289835472857142e-05,6.125019847142857e-05,2.102280991e-06,214.66923285714284,49.37313157142857,12.0037057,-0.0609540448571428,-5.23136645e-05,8.270828482500001e-06,232721.17,23730.9550125,6.9334772e-06,4.275307675e-05,1.304540625,2.98474515e-06,214.333435,6.950724875,0.22373692,-0.004167128,-1.865e-05,2.632029733333333e-06,326229.93333333335,33266.19521666667,1.2704067666666669e-05,0.0004968193333333,0.0524659203333333,3.3418355e-06,231.11835333333337,4.991156873333333,-0.1773698166666666,0.0008366506666666,1.4016443333333331e-06,9.382294e-06,438960.31,44761.494495,6.5281262e-06,0.0038766915,0.000844865,3.7968283e-06,254.12784,12.9723405,-2.04732525,-2.107471e-05,9.011652e-06
-79.32570770919784,-0.06333792,-1.1639004,285.0818,285.37915,101902.375,100848.94,271.45996,271.45996,271.4602,283.73706,-2.3532877,-1.155158,-0.16654289,-0.46176183,2.4768257,-5.439767,5.109351,0.18495202,0.16851151,0.072916925,0.068038225,8408.18,1.0,0.0,0.005615346,1.0,0.08122361,6.1220735e-06,-1.3041947e-05,3.1263453e-06,3.3589878,0.0004901886,1.7176161,0.000541687,0.0,0.0,0.0,0.0,0.0,843.74585,42.44615,-0.0042721108,0.00030259066,3.9193964e-09,-2014.4744,-431.7854,20045847000.0,37738578000.0,182569970.0,166737.06,0.066805005,57986800000.0,7.694031,-839.9575,4073248.0,10274.277,0.0013322318,4302772000.0,10649840000.0,43842904.0,44811.26,0.006722223,15089510000.0,37.475266,2637173800.0,2690409500.0,2610291.0,2627553300.0,2694488300.0,35.373077,0.017998945,0.0,-0.51264066,0.13352734,0.4961164,0.043386724,-0.027210392,1.01841735e-08,-0.0075248443,14.300275,-0.43828452,-0.4088496,1.1664261e-05,0.006191831,2.4427369e-05,21.498627,21.31697,36.12094,-0.51264066,15.007911,3095.0066,0.0,0.0,0.0,-335.5315,3.5999988e-12,0.0,-147072.5,-232228.5,17073.227,0.0,0.0,1080613.0,1167887.0,0.0,0.0,0.0,-585632.56,-902317.25,0.0,0.0,0.0,0.0,0.8024095,6785.7305,-115.78055,-63.70685,377.39014,-41.439102,-32.56096,4.709229499999999e-06,0.0033863121666666,47715.60196666667,4865.6372938,1.1151557083333337e-07,5.27216685e-07,54.070234,5.16728466666667e-08,0.0,0.0022808666666666,0.0,1.3558845666666666e-05,265.698305,11.100261616666666,1.91693686,-0.0035596774999999,-2.332622666666668e-06,1.991470257142857e-05,0.4022332542857142,130421.44714285714,13299.286417142855,2.788680671428571e-07,2.166173593428571e-06,61.333803571428575,1.5081717122428572e-05,6.098434912857142e-05,2.571930786714285e-06,214.76307,48.973342571428574,10.857162282857145,-0.0173658798571428,-5.7758571428571424e-05,9.692003425e-06,232691.825,23727.9626575,6.9104443e-06,4.247585025e-05,1.35998185,2.985181025e-06,214.083135,6.367472299999999,0.30265107,-0.00151356275,-2.1725e-05,2.4445100000000003e-06,326278.9466666667,33271.193186666664,1.2707465e-05,0.0004965066666666,0.051971227,3.3411376e-06,231.18617333333336,6.443554800000001,-0.7117353,0.0006282306666666,5.332050000000001e-07,6.657945999999999e-06,438786.0,44743.719825,6.557198e-06,0.00387311,0.0008916415,3.7969593e-06,253.74964,13.047364,-2.23884483,-8.016700000000002e-05,6.864340849999999e-06
-79.33713719108123,0.15371472,-1.017787,284.9143,285.7058,101966.0,100910.25,271.45996,271.45996,271.45972,283.7246,-1.8048134,-0.76016116,-0.046178687,-0.40653473,2.4976387,-5.4394255,5.6665964,0.18491977,0.1684792,0.07293856,0.06804848,8081.797,1.0,0.0,0.035163842,1.0,0.07339263,6.1098894e-05,-1.21831745e-05,2.306868e-07,2.9588327,0.00064188894,1.5252562,-0.0001373291,0.0,0.0,0.0,0.0,0.0,2382.8042,95.64003,-0.0037749368,0.00030047493,1.1916541e-08,-2747.191,532.18774,19594293000.0,35517120000.0,178197150.0,158157.88,0.06379104,55318032000.0,11.468033,-2373.7556,3992543.0,10280.605,0.0019209799,4601033700.0,12746629000.0,43145490.0,52435.66,0.008067407,17533900000.0,56.605377,2638277400.0,2691235800.0,2611466.0,2628669000.0,2695230000.0,38.185577,0.017998785,0.0,-1.000001,0.13339931,0.49616426,0.048243802,-0.018812146,1.4420482e-07,-0.0026568994,12.77399,-1.000001,-1.000001,1.2671853e-05,0.006134644,3.667151e-05,21.37381,21.196075,34.324184,-1.000001,-1.000001,3088.9377,0.0,0.0,0.0,-2069.6538,3.5999988e-12,0.0,-143431.62,-242092.31,26428.016,0.0,0.0,1070515.0,1172871.0,0.0,0.0,0.0,-559607.7,-900515.1,0.0,0.0,0.0,0.0,1.3518839,9103.844,-96.43439,-112.24649,373.98364,-1.296792,-35.52054,1.0783301583333334e-05,0.0018244998333333,47713.7051,4865.443867183333,1.1054813416666666e-07,5.4698051e-07,57.19993349999999,2.3893594333333334e-08,7.97145e-09,0.0024008659999999,0.0,1.6281013833333336e-05,265.948785,10.549412916666666,2.6064454833333333,-0.0975456089999999,-6.922378666666667e-06,2.065480251428572e-05,0.3321441632857143,130512.69571428571,13308.59118142857,2.6020988457142857e-07,1.7806150760857142e-06,61.764096714285714,1.5231707193857143e-05,6.611734314285714e-05,2.884475404285714e-06,214.8542271428572,49.45414528571428,10.509011928571429,-0.081659051,-6.803257142857143e-05,8.6201615e-06,232730.9525,23731.95255,6.848702225e-06,4.1465122e-05,1.3891085375,2.986959575e-06,214.0813975,6.23426245,0.4036904999999999,-0.0011440495,-2.4625e-05,-2.6841426e-06,326447.7866666667,33288.41007333333,1.2698373833333334e-05,0.000492536,0.0502532846666666,3.3420359e-06,231.32272666666665,6.464372766666667,-2.3272708000000004,0.0001790246666666,-9.650963333333331e-07,9.44405000000001e-07,438741.0,44739.1311,6.6214518e-06,0.0038804745,0.0009219265,3.80130085e-06,254.502795,11.811393,-4.61844405,0.000485281,4.61773285e-06
-79.29089357353628,-0.2771846,-0.7401261,284.86694,285.61572,102042.06,100984.125,271.45996,271.4602,271.45996,284.59106,-2.0178566,-0.110250056,-0.2179439,-0.29539305,2.0641975,-5.438904,2.8903742,0.18488318,0.16845304,0.07295406,0.06806487,5987.203,1.0,0.0,0.081665576,1.0,0.08431578,6.109325e-05,-1.8283434e-05,5.8013734e-07,3.1933794,0.0010749805,1.746788,0.00017471194,0.0,0.0,0.0,0.0,0.0,-8.939718,-13.727938,-0.0036659045,0.0003127593,1.7210745e-08,-1451.3088,-694.6101,18885159000.0,34340490000.0,160926380.0,152745.44,0.05922473,53448454000.0,24.470627,54.413345,3769542.0,10288.211,0.0016156326,5112936400.0,14827526000.0,45073896.0,60466.71,0.009021081,20157622000.0,69.34204,2639412700.0,2689612300.0,2612841.0,2629786400.0,2693374700.0,38.961456,0.01799956,0.0,-1.000001,0.1333974,0.4961902,0.04024953,-0.022933494,-1.3203335e-06,0.0032408796,11.25136,-1.000001,-1.000001,1.32385485e-05,0.006098196,0.00037297676,20.319046,20.099854,32.52278,-1.000001,-1.000001,3071.7693,0.0,15615.211,3886.2522,-6083.2812,25585.984,40869.38,-155318.81,-259260.94,25430.79,51224.03,29784.09,1057453.0,1158734.0,152137.25,66890.56,100631.31,-571802.75,-899879.94,0.0,0.0,0.0,0.0,1.0446415,10048.957,-61.368835,-101.26178,293.76587,27.722122,-11.681744,-6.074358333333294e-08,0.0138131335,47739.1221,4868.035679933334,1.0937999066666669e-07,5.047685716666666e-07,60.93119583333333,5.049751516666667e-07,3.180280333333333e-08,0.0024538853333333,0.0,2.3237722076666663e-05,265.73724666666664,10.098996116666669,3.2277922866666664,0.1474580753333333,-1.3077560166666664e-05,-1.7856773714285696e-07,0.4238846257142857,130549.17928571429,13312.311471428571,2.4679125085714285e-07,1.5573461599999998e-06,62.41460742857142,1.3705760414285714e-05,6.628410972857142e-05,2.484701677042857e-06,214.8893728571429,47.560309857142855,11.0536893,-0.0212199404285714,-6.228606961428571e-05,1.12357925e-05,232790.5775,23738.03261,6.876391025e-06,4.14706045e-05,1.3869067,2.9883238e-06,214.18361,5.82228495,0.3283043400000001,-0.0014474919999999,-2.625e-05,-7.666646333333333e-06,326515.20666666667,33295.285,1.2704170666666669e-05,0.000495646,0.0513933986666666,3.3416645e-06,231.16564666666667,4.109152766666667,-1.8762829666666667,0.0007472673333333,1.5046433333333264e-07,-9.445e-06,438922.53,44757.64201,6.544857499999999e-06,0.003974365,0.000805129,3.80492515e-06,255.326365,10.54407235,-2.7373881,7.401100000000002e-05,1.0521045785e-05
-79.36382201788663,-0.47432244,-0.5309679,285.08008,286.54224,102084.31,101024.75,271.45972,271.45972,271.45947,287.4983,-1.6458569,0.17038918,-0.48209125,-0.5687506,2.2932205,-5.4393854,-2.9469986,0.18485099,0.1684255,0.072984874,0.0680843,5549.41,1.0,0.0,0.09887177,1.0,0.136433,3.0549447e-05,-3.4626777e-05,8.508801e-07,5.227171,0.0005222764,2.760767,0.00024835835,0.0,0.0,0.0,0.0,0.0,2197.8235,34.128586,-0.0018731588,0.00012909132,1.0216272e-08,-2270.1343,214.37926,18897295000.0,34963984000.0,163494540.0,154882.44,0.056999315,54128180000.0,40.882187,-2196.934,3802871.0,10292.199,0.0013262148,5559817700.0,16343777000.0,49214630.0,66469.625,0.0116530545,22151463000.0,79.05252,2639837000.0,2688666400.0,2613387.0,2630200300.0,2692467200.0,86.97304,0.018000476,0.0,-0.21250594,0.13339877,0.4961511,0.07914311,-0.02043378,-1.0343084e-05,-0.002426602,8.546666,-0.082726836,-0.01985246,1.2040751e-05,0.006065704,6.109325e-05,19.923508,19.553558,28.83857,-0.21250594,30.514893,2951.649,0.0,288136.7,30873.094,-50504.332,218488.88,417149.3,-172596.06,-277916.8,11559.152,493729.44,253251.44,1045724.25,1178769.0,1000314.6,455004.88,740195.44,-569009.1,-898634.7,11224.426,0.0,0.0,0.0,0.45244968,10748.059,-1.3450537,-44.344223,177.10828,37.486465,-1.6089945,-2.342799633333334e-06,0.0174562976666666,47756.02026666667,4869.7588135,1.0937977266666669e-07,5.490412966666667e-07,65.48012133333333,4.610600916666666e-07,7.97145e-09,0.0026198008333333,0.0,4.186425016666667e-05,265.73011,10.65817585,4.351443783333333,0.0074281685,1.665581666666672e-07,1.1509771142857143e-05,0.5417423142857143,130572.67928571429,13314.707802857143,2.184574122857143e-07,1.496870276e-06,63.432346,2.0477072285714284e-05,7.01499109e-05,4.395521115428572e-06,215.04302428571427,48.262715,11.283476457142855,-0.0808906955714285,-6.869714285714286e-05,9.1243305e-06,232822.2075,23741.257975,6.913702999999999e-06,4.1151800750000005e-05,1.296543275,2.987989525e-06,214.51854,5.759598425,1.0773277,0.004152446,-2.95e-05,8.860028566666668e-07,326526.95666666667,33296.48317,1.2732972333333331e-05,0.0004881236666666,0.0543714786666666,3.3388933e-06,230.48422,3.527615533333333,-0.7682848,-0.001669388,2.426397666666666e-06,-1.29239685e-05,438943.88,44759.819105,6.53530925e-06,0.0039601605,0.0007272005,3.8035964e-06,255.56998,8.9552397,-2.5450416,0.0003192514999999,1.26688125e-05
-79.32792544108517,-0.43164784,0.11519843,283.80054,286.8816,102139.0,101078.25,271.45996,271.45996,271.4602,289.48096,-0.8474988,0.33387196,-0.4588303,0.15951478,2.8504028,-5.441245,-9.214792,0.18480968,0.16839623,0.07300037,0.06810069,5765.129,1.0,0.0,0.14319927,1.0,0.16521156,0.00059868186,-3.218827e-05,1.4334682e-06,6.67663,0.0092285685,3.412239,0.00456034,0.0,0.0,0.0,0.0,0.0,2676.0347,111.030594,-0.005146954,1.2184318e-05,3.9141526e-09,-3741.2302,-976.57715,18815418000.0,35488477000.0,159186610.0,156457.12,0.056151714,54607536000.0,56.62175,-2719.4412,3733711.0,10297.523,0.0010273859,5762243600.0,16538911000.0,49899588.0,67489.81,0.014163937,22554847000.0,81.753235,2640387800.0,2688966100.0,2613982.0,2630749700.0,2692705800.0,278.67236,0.017998777,0.0,-1.000001,0.13340032,0.49603462,0.076078594,-0.018099457,-2.0231571e-05,0.013677005,5.6158357,-1.000001,-1.000001,8.762358e-06,0.0060397126,8.234805e-05,19.941757,19.446411,24.90042,-1.000001,-1.000001,2885.845,0.0,799240.44,70255.75,-152350.38,474115.2,961663.5,-205701.12,-320080.5,-29530.758,1116603.0,548493.2,1044194.0,1194569.0,1846831.0,912858.2,1469414.0,-549057.56,-906563.4,43006.285,0.0,0.0,0.0,0.23997688,12056.395,29.008759,-33.89772,204.9234,79.466446,38.452637,1.2037045000000002e-05,0.015631193,47760.1109,4870.17594175,1.09905746e-07,6.514642807333333e-07,69.863795,7.830910533333332e-07,1.7500196666666665e-07,0.0028060788333333,0.0,5.743877833333334e-05,265.60799000000003,11.197623416666667,4.194520586666667,-0.1410914856666666,4.890120166666666e-06,2.025663128571429e-05,0.5424117542857143,130586.65357142856,13316.132784285714,2.1000517557142855e-07,1.7402575155714286e-06,63.60763242857143,3.723489428571429e-05,7.197082194285714e-05,1.0358755074285714e-05,215.19490714285715,47.70054014285714,12.27617055714286,-0.1203365898571428,-7.589728571428571e-05,1.1347399e-05,232821.3275,23741.16824,6.8911165e-06,4.0753654e-05,1.2752575,2.987325125e-06,214.4750775,5.795563100000001,1.90612075,0.0079980795,-3.2e-05,1.6867381666666677e-06,326610.30666666664,33304.98250333333,1.2743979166666668e-05,0.000491852,0.0531779286666666,3.338603133333333e-06,230.56599333333327,3.8007576066666666,-0.3527123666666666,-0.0012262746666666,4.75566e-06,-1.6445e-05,439361.85,44802.44018,6.49805905e-06,0.0039954364999999,0.0006692975,3.8028561e-06,256.163305,8.516655499999999,-0.00453805,-0.0001335972635,1.60371375e-05
-79.29792342146023,-0.32476443,0.011427261,282.4673,289.46216,102157.5,101097.19,271.45972,271.45996,271.45996,290.19458,-0.5035095,0.033631727,-0.34392983,0.041418172,3.0647774,-5.443283,-13.834752,0.1847744,0.16836864,0.07301593,0.06812012,5504.4453,1.0,0.0,0.48698086,1.0,0.19518018,0.01150047,-5.1982724e-06,-3.5239073e-06,7.623805,0.16279763,3.6822453,0.09812719,0.0,0.0,0.0,0.0,0.0,1596.5525,34.65471,-0.0019335265,-7.627945e-05,-5.5987677e-09,-2282.5698,-966.1494,18847183000.0,36466414000.0,155754200.0,159730.31,0.057623032,55662820000.0,76.9469,-1660.5989,3690069.0,10299.613,0.00022365253,6101327000.0,17068280000.0,50777450.0,69816.25,0.016350247,23434109000.0,84.88617,2640999200.0,2690165800.0,2614536.0,2631370200.0,2693841700.0,422.8828,0.01799982,0.0,141.90903,0.133398,0.49590796,0.07715726,-0.017411571,-3.0590178e-05,0.0034330587,4.1116114,-0.40980148,-0.40980148,5.0487197e-06,0.006046701,0.0010061725,20.31282,19.683899,23.148834,167.25177,192.74446,2948.7239,0.0,1304792.0,93610.44,-270459.75,654085.7,1458806.0,-238221.19,-353645.94,-50090.94,1686961.0,758055.1,1046841.56,1186458.0,2539646.0,1255635.0,2091344.0,-516855.44,-914698.8,33609.0,0.0,0.0,0.0,0.049720533,9821.551,46.75064,-25.024902,216.63266,97.954254,95.853714,4.199981000000001e-06,0.0846466018333333,47765.93743333333,4870.770082783333,1.1006866883333333e-07,6.493018166666667e-07,75.78515666666667,4.186641733833333e-06,3.728188283333333e-06,0.0028812536666666,0.0,8.352752333333334e-05,265.43184833333333,11.246805273333337,4.757120061,-0.0529241026666666,7.1175495000000005e-06,2.0210895571428568e-05,0.4895105814285714,130626.48285714284,13320.194241428571,2.099058242857143e-07,1.8559253585714283e-06,62.03212157142857,3.206327382857143e-05,7.178143092857143e-05,7.477282951571429e-06,215.43587857142856,47.38087042857143,11.877221703571427,-0.0743394892857143,-5.541e-05,-1.458791e-05,232852.2975,23744.3262975,6.99301765e-06,4.065212125e-05,1.13755719,2.987971125e-06,215.302565,5.846796175,2.407185125,0.01289086175,-3.17e-05,1.290448666666667e-06,326655.7133333333,33309.61269666667,1.2748793000000002e-05,0.000491853,0.052537215,3.337181e-06,230.62518666666665,3.5455642,1.1413781866666668,0.0010794336566666,1.6758252e-07,-9.7283481e-06,439583.225,44825.01415,6.536607149999999e-06,0.004073395,0.000686023,3.79959425e-06,255.92108,9.3080568,1.87714205,-0.0004027795,2.04262035e-05
-79.29257096471251,-0.1711945,0.71701,281.10596,289.5083,102152.94,101093.69,271.45972,271.45996,271.4602,290.57104,-0.22570002,0.84646165,-0.20298809,0.85077965,3.3869867,-5.4448156,-28.825668,0.1847378,0.16833943,0.073040605,0.06813955,5056.25,1.0,0.0,0.5254462,1.0,0.18962163,0.008024406,1.4996755e-05,8.8543254e-07,7.106166,0.115219235,3.2245283,0.06189975,0.0,0.0,0.0,0.0,0.0,1902.4956,36.202637,-0.00041766185,-3.2945463e-05,3.7856296e-09,-2114.7178,-267.57568,19465140000.0,38665650000.0,169674980.0,168324.94,0.060173575,58537920000.0,94.23898,-1975.1316,3889197.0,10299.203,-0.0007149915,6335250000.0,17429983000.0,56103944.0,71449.875,0.018382017,24040298000.0,87.42001,2640746200.0,2691073500.0,2614192.0,2631098600.0,2694971600.0,482.21948,0.018000204,0.0,205.8282,0.13339567,0.49582213,0.084407926,-0.007515285,-4.3933847e-05,0.04165937,3.5674605,-0.40445638,-0.40445638,2.5213485e-06,0.006042067,0.004393123,20.763763,20.153214,22.576267,220.67395,250.89029,2856.264,0.0,1686874.0,112413.56,-376253.7,797589.8,1825850.0,-236313.25,-367788.88,-77558.81,2108057.0,919317.0,1047323.7,1204151.0,3031398.0,1517347.0,2539577.0,-526779.0,-917437.2,107571.0,0.0,0.0,0.0,-0.07022697,9214.047,90.24843,36.061478,292.26074,119.72629,139.0857,4.343571333333333e-06,0.1041687284999999,47750.840116666666,4869.230585116667,1.1044195916666669e-07,7.007654276666667e-07,78.08756033333333,5.710166066666666e-06,2.264271821666667e-06,0.002941745,0.0,8.7301045e-05,265.545925,12.093566261666666,4.510974825,0.0449299491666666,1.0480967666666666e-05,1.3251228714285714e-05,0.3647329357142857,130642.66928571428,13321.844798571428,2.0352724942857146e-07,1.6859402337142857e-06,60.32847085714286,1.576263897142857e-05,7.213478577142857e-05,2.7920191057142862e-06,215.63007142857143,47.85623842857143,13.5455211,-0.0737396507142857,-6.35017254e-05,-1.877709825e-05,232873.17,23746.4547,7.01615095e-06,4.0651197e-05,1.067889305,2.98795255e-06,215.6942275,6.085161975,2.730772865,0.00545448375,-2.67375e-05,-3.0165846666666667e-06,326723.12666666665,33316.486939999995,1.2769356e-05,0.0004964713333333,0.0483851376666666,3.3363045333333333e-06,230.88745333333333,4.809660566666667,2.2234418,-0.0012458189999999,6.858603666666667e-07,-1.2785e-05,439686.84,44835.57994,6.54940315e-06,0.004158287,0.0006958905,3.79962475e-06,256.31993,8.85102175,3.8146925,-0.000259236,1.98570195e-05
-79.35012582326887,-0.06573486,1.5246897,280.14038,289.56128,102104.81,101046.31,271.45996,271.45972,271.45972,290.93994,-0.08328879,1.917119,-0.080480754,1.7019167,4.1208134,-5.4458895,-45.998215,0.1846934,0.1683119,0.07306224,0.068155885,4785.574,1.0,0.0,0.39429718,1.0,0.13469625,0.0035816117,9.254053e-06,-4.7198427e-07,5.034732,0.04941609,2.2573156,0.026767403,0.0,0.0,0.0,0.0,2.4360808e-05,1707.0383,97.73361,-0.0014613799,3.5848716e-05,4.6161013e-09,-2106.7527,-80.092545,19755983000.0,39707193000.0,177757150.0,172316.0,0.061214227,59889828000.0,99.80313,-1851.8606,4014654.0,10294.492,-0.0011659893,6571173000.0,17692283000.0,62100760.0,72790.94,0.019358702,24545184000.0,87.07387,2639097000.0,2690206700.0,2612477.0,2629457400.0,2694219000.0,560.6389,0.017999604,0.0,-1.000001,0.13339227,0.4957692,0.106850564,-0.0024153076,-5.828058e-05,0.0961262,3.7738674,-1.000001,-1.000001,9.358173e-07,0.0060247704,0.0035394228,20.877365,20.46605,22.455324,-1.000001,-1.000001,2855.564,0.0,1890204.0,135965.81,-526520.06,1075603.0,2019926.0,-254413.38,-381242.0,-147358.25,2330588.0,1239528.0,1050735.0,1209636.0,3288578.0,1889504.0,2775611.0,-569538.25,-920666.44,239205.5,0.0,0.0,0.0,0.0023970383,8478.898,12.303245,93.73761,47.694656,17.798386,233.19884,-1.065278666666666e-06,0.0820337923333333,47690.395833333336,4863.066983516666,1.10877645e-07,6.973530316666666e-07,75.59148900000001,3.3517972333333336e-06,1.3746048083333335e-06,0.0029279846666666,0.0,5.583957633333334e-05,265.8700833333333,12.55652183,4.274068016666667,0.0263079145,8.714142583333334e-06,9.597361142857144e-06,0.2482141057142857,130633.32071428571,13320.891507142858,1.826072285714286e-07,1.56383641e-06,55.05082857142857,8.787206177142857e-06,7.125641937142857e-05,1.395531322857143e-06,215.66725285714284,48.309828,14.972258285714286,-0.0860982087142857,-4.4435714285714286e-05,-1.75625e-05,232877.91,23746.9380475,7.049438125000001e-06,4.1274311e-05,1.042201525,2.9901514e-06,216.02939,6.352778949999999,2.97356395,-2.9001750000000217e-05,-2.298156625e-05,6.389352333333335e-06,326678.06,33311.89142,1.2779935666666666e-05,0.0004956093333333,0.0517942163333333,3.3327808666666665e-06,230.42264,5.580277733333333,1.9584620666666663,-2.0112333333333385e-05,-6.261510000000002e-07,1.32002375e-05,439885.12,44855.79887,6.58990915e-06,0.0041098705,0.0007271215,3.7969235e-06,256.027595,11.6366025,5.1616225,-0.0010446265,2.2253938e-05
-79.25713864850944,0.23575103,1.5354509,278.5432,290.61426,102068.25,101011.31,271.4602,271.4602,271.4602,291.6521,0.31111944,1.9446411,0.2532168,1.7350435,4.1899805,-5.446212,-22.557938,0.18466294,0.16828263,0.07308078,0.068175316,4682.4453,1.0,0.0,0.53228897,1.0,0.1536814,0.022288173,-5.7724583e-06,-7.550939e-06,5.64775,0.29717082,2.4440842,0.15485078,0.0,0.0,0.0,0.0,2.4360808e-05,1368.2141,74.22139,-0.0007808879,-2.5510584e-05,3.1898857e-09,-1522.1951,-203.99464,19915454000.0,40756597000.0,176656580.0,176079.06,0.063173115,61122253000.0,110.537964,-1510.8293,4006751.0,10290.922,-0.0012873295,6631920000.0,17336451000.0,63188212.0,71716.25,0.018350668,24237167000.0,81.58412,2638070800.0,2689653500.0,2611423.0,2628445700.0,2693671700.0,614.167,0.018000048,0.0,-1.000001,0.13339978,0.4957477,0.11570829,0.014128003,-5.030408e-05,0.086940825,4.8059144,-1.000001,-1.000001,2.5035013e-07,0.0060048103,0.004730869,21.09169,20.651443,22.812813,-1.000001,-1.000001,2852.2944,0.0,1894353.0,143373.44,-531142.2,1011275.9,2023268.0,-255242.69,-399302.8,-117540.375,2334161.0,1161767.0,1057540.0,1212447.0,3293520.0,1831852.0,2781066.0,-571059.8,-926647.7,228878.94,0.0,0.0,0.0,-0.038580842,7674.8086,1.1840305,87.01849,7.5942364,1.8090305,296.74805,7.394342500000001e-06,0.1349112256666666,47654.876500000006,4859.44501945,1.1012772933333333e-07,6.09701355e-07,75.8740535,4.5577163166666665e-06,6.589662050000001e-06,0.0029235808333333,0.0,5.23989465e-05,265.96769166666667,13.046018046666669,4.609449083333334,-0.0567490856666666,4.1653849999999937e-07,1.572537071428571e-05,0.2049116234285714,130612.34,13318.752068571428,1.774196478571429e-07,1.5906511132857145e-06,45.02464271428572,7.983661728571428e-06,6.11482126142857e-05,1.06948715e-06,215.74150285714288,48.190388142857145,15.887853385714283,-0.0740320091428571,-4.7421428571428575e-05,-1.694783615e-05,232859.97,23745.108675,7.0824906e-06,4.2670835500000005e-05,1.07691043,2.9927707e-06,216.216665,6.3070599000000005,2.42030489425,-0.00075904475,-2.043947815e-05,-1.5863405999999996e-06,326695.7133333333,33313.69156,1.2767228666666668e-05,0.000502093,0.0512725289999999,3.3329618666666667e-06,230.84234666666669,7.100771633333333,2.031745633333333,-0.0001920443333333,-7.056584333333334e-07,3.00876565e-05,439856.975,44852.92888000001,6.6557070000000005e-06,0.0039653985,0.000800659,3.7938976e-06,255.48169,14.863214500000002,3.23158077,-0.000310232,1.5823600999999998e-05
-79.23200497511931,0.38188118,1.6592989,278.4619,290.42627,102011.625,100956.0,271.4602,271.45996,271.4602,290.44067,0.56209075,2.1382246,0.40934044,1.7901087,4.3231945,-5.4464006,-7.9095535,0.18462157,0.16825336,0.073102415,0.06819475,4657.543,1.0,0.0,0.9323187,1.0,0.16727465,0.052806478,-8.319636e-06,1.5145588e-06,6.1142797,0.7421812,2.5719461,0.31337595,0.0,0.0,0.0,0.0,9.769821e-05,455.45776,73.50548,-0.00084601506,1.5468222e-06,-5.02439e-09,-937.7832,-410.87183,20211192000.0,42224320000.0,182111520.0,181618.88,0.06447488,62929175000.0,124.6949,-591.45654,4116254.0,10285.125,-0.0016682113,6807992300.0,17165906000.0,68172056.0,71513.44,0.01743814,24225161000.0,73.73038,2636806400.0,2688681500.0,2610137.0,2627164200.0,2692814600.0,545.99414,0.018000614,0.0,-1.000001,0.13339812,0.49574244,0.13075966,0.014521543,-4.2646323e-05,0.090416074,6.1216187,-1.000001,-1.000001,1.0133573e-07,0.0060065053,0.0067569353,21.340378,20.773178,23.48865,-1.000001,-1.000001,2851.7944,0.0,1696120.0,136481.56,-481037.2,841065.0,1834545.0,-230399.12,-392423.5,-67401.625,2117406.0,972376.4,1058629.0,1227784.0,3045868.0,1589302.0,2554635.0,-596346.75,-924667.6,124506.625,0.0,0.0,0.0,-0.16982841,6044.6367,-0.18637252,89.544495,9.021169,4.3004446,338.53125,6.143067883333333e-06,0.2570434945,47613.14705,4855.189799700001,1.0890560433333333e-07,6.022466533333334e-07,77.04680166666667,7.960965500000001e-06,1.722879988e-05,0.0029299465,0.0,7.028026416666666e-05,265.9457933333333,13.559807733333336,4.517338433333333,0.0405138803333333,8.523317666666675e-07,1.7790802728571427e-05,0.1366055141428571,130580.98285714284,13315.554531428572,1.7886448428571429e-07,1.6699070657142855e-06,46.157846,6.021736767142857e-06,6.278201685714286e-05,9.451642998571428e-07,215.7986957142857,48.156648857142855,16.92161814285714,-0.087069896,-4.994410842857143e-05,-1.57795295e-05,232856.08,23744.7120075,7.13018205e-06,4.40882865e-05,1.122501555,2.99420095e-06,216.4347825,5.805558574999999,1.44772052,0.0012644307499999,-1.71575e-05,6.83673333333333e-07,326753.96,33319.63106666666,1.2767256e-05,0.0005075353333333,0.0518756806666666,3.3329527666666667e-06,230.8461633333333,7.861887,1.9371741333333328,-0.0010002373333333,2.3726779333333334e-06,1.84274723e-05,439890.03,44856.29955,6.6288895e-06,0.003864465,0.00076678,3.79476205e-06,256.269535,14.873352,1.7207165000000002,0.000640215,6.503418750000001e-06
-79.18330108362555,0.20817506,1.8707056,278.61035,290.2871,101950.0,100893.625,271.45996,271.45947,271.45996,289.31885,0.38589323,2.5405388,0.21171898,1.9230576,4.145302,-5.446439,-12.696109,0.18459105,0.16822714,0.07312709,0.06820202,4060.6685,0.85664433,0.0,0.8165282,0.9390009,0.06783134,0.0044004023,3.269373e-05,-1.4083362e-06,2.4976158,0.053864237,0.93911654,0.020416465,0.0,0.0,0.0,0.0,0.00017090814,213.88795,53.915512,-0.0030406348,4.8553615e-05,-1.7136024e-08,-1323.2056,-999.4363,20772168000.0,44048904000.0,193272450.0,188794.19,0.067973435,65348240000.0,133.75677,-265.91138,4336666.0,10278.824,-0.0005619377,6837716500.0,17002499000.0,72575480.0,71064.5,0.016997572,24085821000.0,68.739685,2635846400.0,2687891000.0,2609187.0,2626225200.0,2692231000.0,458.7627,0.0179988,0.0,-1.000001,0.13339645,0.49574035,0.13532698,0.009464998,-4.4224784e-05,0.10358554,7.17796,-1.000001,-1.000001,4.767859e-08,0.006055005,0.0077957213,21.072266,20.835571,22.745155,-1.000001,-1.000001,2730.4695,0.0,1311378.0,87903.81,-358168.56,581400.56,1467082.0,-203124.94,-367890.12,-15685.004,1695148.0,672188.0,1064333.0,1234633.0,2562567.0,1211520.0,2115313.0,-619093.44,-917871.4,66686.31,0.0,0.0,0.0,0.27353466,3199.9482,8.919471,46.242203,100.06566,36.746964,333.85962,3.213316083333333e-06,0.2403651266666666,47584.04861666667,4852.2225852,1.0747861833333341e-07,5.754106583333333e-07,75.66965916666666,3.449012783333333e-06,1.1201775363333332e-06,0.0029435461666666,0.0,3.386029616666667e-05,266.11587833333334,14.316380283333332,4.297015233333333,0.0530932191666666,5.7043682166666665e-06,9.693510285714285e-06,0.0325888401428571,130572.42857142857,13314.68223857143,1.82294732e-07,1.78630617e-06,47.63279542857144,1.7710080714285716e-06,6.558322924285714e-05,3.278173414285715e-07,215.89731285714288,47.94904,17.116531771428573,-0.0793066005714285,-4.2000972142857145e-05,-1.25470875e-05,232941.485,23753.4208925,7.15580645e-06,4.459169475e-05,1.123628115,2.9937537e-06,216.562345,5.71854805,0.659783845,0.0022341209999999,-1.53e-05,6.278237333333334e-06,326800.51666666666,33324.37852666667,1.2769781666666669e-05,0.000508424,0.0541438043333333,3.3319323e-06,230.71689,8.4285891,0.2179066333333333,-0.000279028,1.0281691333333332e-06,-1.4414445e-06,440137.28,44881.512035,6.5305585e-06,0.0039002539999999,0.0006435405,3.79632365e-06,257.627765,15.116201,2.23750515,0.0003327775,5.6482765000000005e-06
-79.23935260795716,0.27277493,1.7543259,280.12427,289.24414,101973.31,100916.06,271.4602,271.45972,271.4602,288.94092,0.51374257,2.534607,0.2716819,1.7567196,3.7721653,-5.44637,6.63167,0.18454665,0.16819793,0.07314265,0.06822145,4212.586,0.8030056,0.0,0.7983539,0.95376945,0.037373427,0.036506567,-4.64359e-06,-9.94524e-06,1.1455965,0.58698434,0.38642162,0.1541931,0.0,0.0,0.0,0.0,0.0,1046.5732,99.60373,-0.0039399564,5.3993053e-06,-3.9633328e-09,-1901.8406,-701.3967,20829810000.0,44636270000.0,193924930.0,190968.06,0.068935275,66010456000.0,139.72919,-1216.0864,4340758.0,10281.184,1.9151994e-05,6640452000.0,16453550000.0,72294190.0,68906.5,0.015617669,23324494000.0,63.41838,2636072000.0,2688342000.0,2609395.0,2626454300.0,2692678100.0,435.58813,0.01800038,0.0,-1.000001,0.13339782,0.49574047,0.12555158,0.010001969,-2.6601789e-05,0.06973863,7.7351913,-1.000001,-1.000001,2.9802322e-08,0.006089732,0.024857908,21.044815,20.925293,23.863548,-1.000001,-1.000001,2852.059,0.0,815710.5,85422.19,-343069.75,568755.1,978376.5,-216342.44,-353680.44,-8706.125,1134469.0,656137.44,1060046.0,1213171.0,1876359.0,1065362.0,1499120.0,-709580.8,-913900.7,168452.06,0.0,0.0,0.0,0.122446835,3685.731,21.177048,52.73474,265.38354,91.62663,365.1355,1.135802066666667e-06,0.1937342266666666,47592.69688333333,4853.10446315,1.0735100516666669e-07,5.879257316666667e-07,77.3538975,5.491061495e-06,1.1775918596666669e-05,0.0029509463333333,0.0,1.0313776833333332e-05,265.83549666666664,14.599075445,3.79990365,-0.1411115138333333,1.1635091516666666e-05,1.2561830357142858e-05,0.0100440377142857,130555.16857142856,13312.922208571428,1.8322525142857145e-07,1.79154132e-06,36.06627542857143,5.994764042857142e-07,4.604073475714285e-05,1.541227442857143e-07,216.06265428571427,48.410886,17.077155242857142,-0.0919109737142857,-4.031321637142857e-05,-2.948740750000001e-06,233063.64,23765.8772375,7.1310087e-06,4.390622375e-05,1.0756761175,2.99195475e-06,216.4326675,5.463800425,0.62321596,-0.0037345324999999,-1.5725000000000003e-05,4.115451700000001e-06,326832.4666666667,33327.63652,1.2762448e-05,0.0005111903333333,0.0538373816666666,3.330612933333333e-06,230.81600666666668,8.102627833333333,-2.0829071000000003,0.000133709,-7.586333333333332e-07,-3.59797415e-06,440317.375,44899.876615,6.522258e-06,0.0039528175,0.000610264,3.79461505e-06,257.768915,16.734751499999998,0.5389642,-0.0003671385,8.602526e-06
-79.26132975482302,-0.16872185,1.2565231,280.87207,288.9624,101953.06,100894.94,271.45972,271.45996,271.45996,287.1814,0.096606255,2.8748798,-0.10334939,0.8823529,2.6842613,-5.446314,9.404715,0.18451005,0.1681673,0.073167324,0.06823987,4214.1953,0.8858318,0.0,0.8366575,0.9718799,0.045930818,0.06755233,1.0295819e-05,2.0387117e-05,1.4345312,1.1248064,0.4732051,0.18541884,0.0,0.0,0.0,0.0,0.0,-119.78537,74.13411,-0.0034066604,0.000113364,1.3448638e-09,-1164.3625,-963.83887,20987621000.0,45299814000.0,197016140.0,193557.25,0.0704118,66825716000.0,135.57617,-21.70877,4388960.0,10278.969,-0.0010444254,6559272400.0,15841533000.0,73481370.0,66703.0,0.0153348,22601888000.0,50.808746,2635230200.0,2686622200.0,2608626.0,2625618400.0,2691035100.0,223.4693,0.018000625,0.0,-0.3749721,0.13339919,0.49574012,0.064846456,-0.0039420836,-7.964288e-06,0.036892515,8.254984,-0.27439982,-0.23472601,1.7876268e-08,0.0060953908,0.07884759,20.758224,20.578186,25.354322,-0.3749721,19.613663,2853.0842,0.0,305411.7,35265.48,-159314.69,257340.19,436537.25,-203230.62,-346021.75,28781.55,514820.88,297648.06,1058295.0,1201589.0,1034068.6,526809.1,771182.44,-749552.1,-914195.3,48754.117,0.0,0.0,0.0,0.20661342,2968.7122,29.09018,21.207672,537.2073,190.55008,182.41,1.0980694499999996e-06,0.2104041041666667,47578.258883333336,4851.632196733333,1.077953485e-07,6.609907883333333e-07,76.742897,6.738581116666666e-06,2.1906689416666665e-05,0.0029100768333333,0.0,1.6733029166666668e-05,265.56986,14.882223416333332,3.288159366666666,0.003966006,1.40829795e-05,1.215897757142857e-05,0.0004461047142857,130508.04357142856,13308.116794285714,1.9139795571428573e-07,1.752788157142857e-06,21.729180857142858,1.0215645957142857e-07,1.5417912442857143e-05,3.543855790571428e-08,216.20351285714287,48.18892528571429,17.421777857142857,-0.0818063601428571,-4.0675692357142856e-05,5.361562135e-06,233084.47,23768.0013025,7.06440935e-06,4.2813019e-05,1.0892658625,2.9901648250000004e-06,215.984025,5.4441376,1.585570025,-0.005620362,-1.7825e-05,-7.208872000000001e-06,326775.9,33321.868323333336,1.2744520166666668e-05,0.0005190129999999,0.0526930566666666,3.329462733333333e-06,231.0819633333333,7.024795066666667,-2.2452632666666665,0.001017142,9.066883333333332e-07,-4.83e-06,440130.2,44880.790075,6.55500665e-06,0.003983359,0.000656362,3.79246465e-06,257.282565,18.2337265,-1.2941800799999998,2.0510500000000013e-05,9.2384571e-06
-79.27928630608353,0.53843695,1.7189045,281.1443,286.53857,101900.69,100842.44,271.4602,271.45972,271.45996,285.8069,1.2076664,3.0329208,0.30210578,0.86347115,2.878955,-5.4462423,7.5843678,0.18446565,0.16814113,0.07319808,0.0682593,4497.371,0.87714046,0.0,0.8879335,0.9856972,0.019548498,0.08223528,-2.0516609e-06,1.0940059e-05,0.4033512,1.4509783,0.09098518,0.29255784,0.0,0.0,0.0,0.0,0.00014641986,-487.3523,54.343475,-0.0037237823,4.8628513e-05,-4.1878234e-10,-910.26953,-1206.5171,21544614000.0,47904604000.0,207044720.0,203545.19,0.069505155,70057580000.0,160.16602,373.62573,4588195.0,10273.637,-0.0005896792,6414046000.0,15015568000.0,72234536.0,63551.086,0.015372828,21607346000.0,41.695236,2634548000.0,2689939000.0,2607589.0,2624929000.0,2694530600.0,112.3358,0.01800121,0.0,-0.3749721,0.1332717,0.49574047,0.06245704,0.013676975,-2.669255e-06,0.029281538,8.824306,-0.28448558,-0.24963802,1.7876268e-08,0.0060783215,0.024147034,22.325928,22.1689,26.735096,-0.3749721,19.576172,2851.2896,0.0,19584.828,5334.5195,-44168.89,27560.242,47131.207,-162593.69,-322420.88,34195.727,59163.4,31925.29,1050088.0,1204474.0,172446.25,79158.25,115228.94,-740573.3,-911246.94,1946.2065,0.0,0.0,0.0,0.53193134,2884.9697,10.025981,-2.3566275,694.90283,230.08691,135.24461,-3.53015245e-06,0.2299542211666666,47551.55201666666,4848.908854483333,1.09080095e-07,7.643198183333333e-07,85.26849883333334,5.858914916666667e-06,2.5446553966666664e-05,0.0030276544999999,0.0,1.3128435833333331e-05,265.1952833333333,16.770862183333332,3.644258716666666,0.0190916158333333,1.8872433085e-05,-1.5353671428571449e-07,0.0,130476.12642857144,13304.862152857142,2.0215584e-07,1.7055111714285711e-06,18.42679542857143,0.0,1.3786538571428572e-05,6.38157814285714e-10,216.61656285714284,48.15909242857144,16.22530624285714,-0.0815093121428571,-3.72e-05,8.34742825e-06,233055.2625,23765.02297,7.0419289000000005e-06,4.27613745e-05,1.129617125,2.9889511e-06,215.6220775,5.6035851,2.6933098825,-0.0014038129999999,-1.9225e-05,-1.249e-05,326838.35333333333,33328.23679333334,1.2694170166666666e-05,0.0005248576666666,0.0496246263333333,3.3294873e-06,231.27731000000003,5.230504666666667,-1.530805966666667,-0.0002415296666666,6.5223835e-06,-1.99e-05,439939.065,44861.29973,6.59851185e-06,0.004071851,0.0006420635,3.79366885e-06,257.64426,17.782303,-2.20740317,0.000542714,1.28288564e-05
-79.32405930046647,0.5273525,1.917387,281.16406,286.2024,101913.0,100853.06,271.45996,271.45996,271.45996,284.813,1.4645224,3.2808447,0.35443127,1.0233879,3.0794067,-5.446373,8.646029,0.1844365,0.16811967,0.07321668,0.06827569,5364.164,0.995894,0.0,0.5447661,0.99924415,0.041822717,0.025196634,1.5751002e-06,1.0319548e-05,1.425209,0.4451602,0.5371428,0.13996887,0.0,0.0,0.0,0.0,0.0,640.9966,65.155594,-0.0042824447,0.00014077494,-5.7689107e-09,-1667.614,-592.0825,21419203000.0,47783543000.0,204590220.0,203001.62,0.06851894,69786880000.0,152.2172,-716.2742,4564355.0,10274.781,0.0012392837,6347615000.0,14759943000.0,72681976.0,62636.71,0.013550222,21273821000.0,36.904724,2634172000.0,2688481300.0,2607315.0,2624555500.0,2693063000.0,94.52968,0.017998565,0.0,-0.3749721,0.1332717,0.49574047,0.067206144,0.018364113,-2.553944e-06,0.03870272,8.943957,-0.2873476,-0.25388533,1.7876268e-08,0.0060904995,0.0020964204,21.85846,21.747543,27.151693,-0.3749721,19.50119,2852.1646,0.0,0.0,0.0,-26050.453,3.5999988e-12,0.0,-164342.25,-301090.94,30970.89,0.0,0.0,1040412.8,1177136.0,0.0,0.0,0.0,-734058.8,-905611.56,0.0,0.0,0.0,0.0,0.67499435,2966.6128,25.39737,24.987732,560.2009,183.72942,130.70918,-1.06377303e-05,0.1322846235,47554.43115,4849.202444383333,1.103973755e-07,8.0299664e-07,82.18453383333333,5.616725693333333e-06,7.363840619666666e-06,0.0028667918333333,0.0,1.1420247166666666e-05,264.8973016666667,16.666931466666664,3.17147345,0.0080102361666666,1.6792626333333333e-05,4.1835792e-06,0.0,130434.18928571428,13300.585755714286,2.0372087e-07,1.5690732885714288e-06,16.376579285714286,0.0,1.279267252857143e-05,0.0,216.84341,48.077586571428576,15.971251471428571,-0.0754200728571428,-4.224285714285714e-05,4.253306125e-06,233036.8475,23763.14516,7.04106705e-06,4.2116993e-05,1.1156807249999998,2.98760965e-06,215.56526,6.141588925,2.361687425,0.00128020475,-2.1075e-05,5.159477666666666e-06,326836.39,33328.03658666666,1.2709894333333332e-05,0.0005206213333333,0.0523139663333333,3.327191166666666e-06,230.54351,4.0314855666666665,-1.1703169999999998,-0.0002284203333333,8.956916733333334e-06,-1.74e-05,439925.57,44859.92362,6.5341846e-06,0.004156693,0.000592723,3.7947333e-06,257.94763,17.5710895,-2.8070022,0.0005552925,1.89026765e-05
-79.3040246079436,0.53759414,1.9005594,281.14746,285.6875,101990.625,100929.5,271.45972,271.45996,271.45947,284.00806,1.5888147,3.3909197,0.37670916,0.99899983,3.0699883,-5.446274,8.765599,0.18440735,0.16809344,0.07323831,0.06830424,7473.1445,0.9723037,0.0,0.17288649,0.9793557,0.04192194,0.0037937707,7.996959e-06,2.3811463e-06,1.5588579,0.058147814,0.5688327,0.019595206,0.0,0.0,0.0,0.0,0.0,562.8191,54.110962,-0.0049709603,9.1495676e-05,-1.0517642e-08,-1787.1213,-1009.1504,21274400000.0,47675560000.0,204082400.0,202494.0,0.06864154,69501690000.0,138.69144,-629.7373,4544088.0,10282.465,0.0012082763,6337332700.0,14583016000.0,73192620.0,62089.023,0.013255078,21077092000.0,32.664,2634509600.0,2687398700.0,2607775.0,2624904400.0,2691948000.0,92.87981,0.017998781,0.0,-0.987463,0.1332717,0.49574065,0.06135005,0.019642822,-2.2941758e-06,0.03858379,8.973099,-0.98733443,-0.9867038,1.7876268e-08,0.006119512,0.00014013844,21.276016,21.170944,27.465088,-0.987463,-0.6363988,2852.9646,0.0,0.0,0.0,-20395.656,3.5999988e-12,0.0,-180187.75,-293520.25,29279.254,0.0,0.0,1033230.8,1144022.0,0.0,0.0,0.0,-733148.94,-902983.9,0.0,0.0,0.0,0.0,0.58967894,2834.1016,33.567627,44.94478,535.3369,175.7543,114.13208,-5.163809e-06,0.0515535418333333,47567.72748333333,4850.558293033334,1.1201687083333341e-07,8.522215183333333e-07,78.19982116666667,3.5657733881666667e-06,1.1590889333333335e-06,0.0026744071666666,0.0,1.5666881999999998e-05,264.509205,16.192319683333334,2.92808355,-0.008277572,1.8528565166666667e-05,2.635524142857143e-06,0.0,130398.0,13296.895474285717,2.0682486285714284e-07,1.6094280414285711e-06,14.577265142857144,0.0,1.17212546e-05,0.0,217.18464285714285,48.19430757142857,16.7666458,-0.0492433294285714,-4.131428571428571e-05,9.494398749999996e-07,233070.7075,23766.5979225,7.053973075e-06,4.18176395e-05,1.09799985,2.98658735e-06,215.60258,6.102255075,2.085334075,0.00387974198825,-2.1575e-05,1.3689407333333334e-05,326902.5466666667,33334.78269,1.2703472333333333e-05,0.0005179626666666,0.051857767,3.3270152666666668e-06,230.60488333333333,4.284843766666667,-1.2059418333333334,4.916633333333335e-05,6.5842213333333335e-06,4.914329e-06,440215.05,44889.442365,6.496511e-06,0.0042275775,0.000589735,3.79462015e-06,257.753055,15.6778145,-5.5322838,-0.0001615955,2.2514986500000004e-05
-79.31995360834824,0.37345278,1.7613001,281.08374,285.79736,102000.875,100938.875,271.45972,271.4602,271.45947,283.313,1.3894758,3.217924,0.2563886,0.8421753,2.822977,-5.4462357,8.089589,0.18436295,0.16805369,0.07326299,0.06832063,7490.7188,0.98603505,0.0,0.08322102,0.9882957,0.050843865,0.00096518244,-1.7625192e-05,-8.334253e-07,2.0750875,0.004297279,0.7626613,-0.00011334871,0.0,0.0,0.0,0.0,0.0,-301.8103,42.151917,-0.0026992382,6.27953e-05,-6.525628e-09,-537.6941,-671.3833,21273750000.0,48061650000.0,209122830.0,203859.69,0.06937683,69877660000.0,134.26411,200.1844,4600123.0,10283.504,0.00052830786,6320940500.0,14240763000.0,74349704.0,60839.434,0.014864497,20705483000.0,27.802872,2633781000.0,2685704000.0,2607102.0,2624135700.0,2690292000.0,77.173874,0.017999455,0.0,-1.000001,0.1332717,0.495741,0.054582898,0.015111774,-1.7625662e-06,0.030544646,8.960836,-1.000001,-1.000001,1.7876268e-08,0.006159354,1.2180408e-05,20.920624,20.790543,28.316217,-1.000001,-1.000001,2854.39,0.0,0.0,0.0,-16489.473,3.5999988e-12,0.0,-188890.12,-284822.88,27657.898,0.0,0.0,1026626.5,1120411.0,0.0,0.0,0.0,-726018.06,-901498.4,0.0,0.0,0.0,0.0,0.27328545,2588.18,44.181976,59.928314,447.8806,156.24965,91.64938,-9.268170833333336e-06,0.0307318143333333,47538.80021666666,4847.60853265,1.1293056483333333e-07,9.1488055e-07,76.71410066666667,2.594955474666667e-06,8.7399135e-08,0.0025633635,0.0,1.93998225e-05,264.16118166666666,15.817289283333333,2.7884925000000003,0.0256507206666666,2.46042355e-05,-7.478778000000001e-06,0.0,130359.17,13292.935915714286,2.2238135e-07,1.905167611428572e-06,12.467205857142858,0.0,1.0844575357142858e-05,0.0,217.68000571428573,48.20651457142857,16.763573714285716,8.564699999999922e-05,-2.852409778571429e-05,3.714104e-06,233091.875,23768.7564075,7.057300075e-06,4.1469087e-05,1.10879315,2.9855876e-06,215.49275,6.481009625,2.084946125,-0.00363125,-2.165e-05,4.534579999999998e-07,326920.49666666664,33336.61308333334,1.2679362333333332e-05,0.0005200589999999,0.0495608793333333,3.3273775666666664e-06,231.30917,3.8811060666666655,-0.5330766866666666,0.0013995796666666,3.579802533333333e-06,2.5505862e-05,440208.095,44888.733155,6.511269999999999e-06,0.0042374385,0.000656712,3.79209175e-06,256.849545,15.235376,-8.7376185,-0.0002304869999999,1.97849215e-05
-79.36103720172859,0.49039614,1.721077,281.02686,285.87817,102030.81,100967.0,271.45996,271.45996,271.45996,282.85718,1.4880018,3.2479744,0.3190543,0.8663462,2.502884,-5.4463243,7.5820856,0.18433249,0.16802752,0.07327551,0.06834006,7803.9727,1.0,0.0,0.0502447,1.0,0.06351477,0.00023227326,-8.8983625e-06,-1.5737951e-06,2.6816225,0.0008323679,1.1267681,-0.00053159986,0.0,0.0,0.0,0.0,0.0,-164.73749,41.311493,-0.0027917197,2.2184104e-05,-2.7897833e-09,-819.47656,-756.6113,21134090000.0,48553603000.0,208290540.0,205364.75,0.06909442,70246030000.0,139.04755,95.04573,4614645.0,10286.344,-0.0001791911,6650596400.0,15240996000.0,77304860.0,64844.98,0.017590303,22055610000.0,35.231415,2634129200.0,2685396200.0,2607543.0,2624526600.0,2690010400.0,73.701294,0.018001217,0.0,-1.000001,0.1332717,0.4957416,0.047706112,0.020102888,-1.7854445e-06,0.03597929,8.685015,-1.000001,-1.000001,1.7876268e-08,0.0061785206,0.0,20.69217,20.520294,29.317005,-1.000001,-1.000001,2855.54,0.0,0.0,0.0,-14062.84,3.5999988e-12,0.0,-182487.81,-277431.12,23644.965,0.0,0.0,1021986.1,1118272.0,0.0,0.0,0.0,-706672.3,-899181.44,0.0,0.0,0.0,0.0,0.28762484,2915.2947,45.60785,62.65222,316.11548,124.6019,74.49226,-8.647067833333333e-06,0.0273441426666666,47555.54416666667,4849.315940433334,1.135665865e-07,9.94496175e-07,75.77774083333334,2.3761542666666667e-06,2.383502333333333e-08,0.0024891218333333,0.0,2.6185488e-05,263.868815,16.1173935,2.92858985,0.0512207651666666,3.778208395e-05,-1.1308084457142856e-05,0.0002230229999999,130359.80285714286,13293.000448571427,2.3569710142857145e-07,2.2865472985714286e-06,11.075561,0.0,1.0212970214285715e-05,0.0,218.01294857142847,47.90614285714286,16.56271652857143,-0.0318624317142857,-1.8112438e-05,-3.3500232000000004e-06,233093.2525,23768.89687,7.06829065e-06,4.137360175e-05,1.15540845,2.986230375e-06,215.3920825,6.4329812,2.4553269,-0.00227687575,-2.3225e-05,-6.484351333333334e-06,326942.06,33338.81192666667,1.2685037e-05,0.0005198883333333,0.049713269,3.326302833333333e-06,231.09488,4.200843833333333,0.2781820666666667,-0.0019176553333333,4.88665e-06,3.16041445e-06,440006.3,44868.15579,6.44371875e-06,0.004233271,0.000634131,3.7947433e-06,257.408725,12.504374,-9.29138625,0.0005658274999999,1.71354095e-05
-79.33932143018161,0.8667671,0.9016881,280.6748,283.9436,101990.44,100926.31,271.45972,271.45996,271.45972,282.67358,1.8183012,2.3500738,0.38617367,0.44472116,2.2026148,-5.4458437,5.863385,0.18429112,0.16799825,0.07329404,0.068347275,8512.8125,0.94322276,0.0,0.06532663,0.94322276,0.046478588,4.8854738e-05,7.1496825e-06,-8.5934346e-08,2.113181,0.00036621094,1.0409021,0.00062561035,0.0,0.0,0.0,0.0,0.0,-122.41489,28.554184,-0.0006429446,5.2717616e-05,-6.659157e-09,-118.88504,-142.42607,21248246000.0,49490670000.0,215094900.0,208807.19,0.07055402,71318220000.0,145.85773,30.737122,4733286.0,10282.176,-0.0015284291,7003940000.0,15900041000.0,83711800.0,67764.19,0.019105472,23077466000.0,35.46672,2632622800.0,2683442200.0,2606045.0,2622993700.0,2688174800.0,56.179016,0.017999928,0.0,-1.000001,0.1332717,0.49574852,0.03925137,0.020905878,-1.2463433e-06,0.018809848,8.456066,-1.000001,-1.000001,1.7876268e-08,0.0061897114,0.0,20.475021,20.35315,30.48417,-1.000001,-1.000001,2950.8826,0.0,0.0,0.0,-11026.203,3.5999988e-12,0.0,-201870.31,-274190.12,21266.812,0.0,0.0,1019066.4,1085096.0,0.0,0.0,0.0,-722295.3,-898914.56,0.0,0.0,0.0,0.0,0.5533979,3265.808,50.27791,69.095474,213.6662,93.416916,58.52925,-7.98150984e-06,0.0195282895,47517.27978333333,4845.41405915,1.13188975e-07,1.0887820383333334e-06,74.60666516666667,5.005780933333334e-07,2.383502333333333e-08,0.0024317481666666,0.0,1.72373815e-05,263.5395966666667,16.177302316666665,2.989668683333333,0.0483070026666666,5.208474803333334e-05,-5.541989142857142e-06,0.0,130308.84857142856,13287.804558571428,2.4143649e-07,2.60014598e-06,10.228302428571428,6.806122428571429e-09,1.0302568885714288e-05,0.0,218.32511428571428,47.73983557142857,16.55835042857143,-0.0637062038571428,-1.2717889571428573e-05,-4.58e-06,233026.4225,23762.0821075,7.08287485e-06,4.15032415e-05,1.21271249,2.9873124e-06,215.3256525,6.321519325,2.914271035,0.0006405719999999,-2.2825e-05,2.7101646666666664e-06,326818.12,33326.17357,1.2689595166666668e-05,0.0005142906666666,0.054200683,3.3236841333333333e-06,230.41220666666663,4.292130433333333,0.6033579333333333,-0.0009977026666666,5.333763866666667e-06,-3.9049375e-06,439921.94,44859.553465000005,6.4106385e-06,0.004190796,0.0006248035,3.7939135e-06,257.08313,11.11799625,-8.373301,-0.000390604,2.0888474e-05
-79.28865792114193,0.8116222,0.29293698,280.76807,283.66333,101923.125,100858.94,271.45996,271.45996,271.45996,282.16162,1.6190777,0.93909794,0.2779997,0.11530107,2.0841942,-5.446108,2.8402042,0.18425149,0.16797072,0.07331568,0.06836671,8167.683433333334,0.5107939,0.0,0.0,0.5107939,0.007324185,0.0,2.4856581e-06,1.7926468e-06,0.36311883,-0.00064086914,0.16778272,0.0004272461,0.0,0.0,0.0,0.0,0.0,-222.738,34.399277,-0.0030516305,0.00018528124,-2.8547547e-09,-798.48047,-543.6494,21560300000.0,50484507000.0,226751940.0,212902.62,0.07220739,72604566000.0,133.10992,218.51578,4879841.0,10275.375,-0.0011741014,6883152400.0,14657124000.0,85200300.0,63223.855,0.020194247,21667080000.0,16.563828,2630634500.0,2679850000.0,2604197.0,2621015800.0,2684715500.0,34.063446,0.017998662,0.0,-1.000001,0.1332717,0.49574375,0.0331032,0.015084043,-4.013197e-07,0.005780015,8.707844,-1.000001,-1.000001,1.7876268e-08,0.0062113777,0.0,19.720291,19.70662,31.860058,-1.000001,-1.000001,2954.8022,0.0,0.0,0.0,-7970.9688,3.5999988e-12,0.0,-216238.06,-264345.25,18125.453,0.0,0.0,1015119.6,1055196.0,0.0,0.0,0.0,-797317.56,-900648.8,0.0,0.0,0.0,0.0,0.8344624,4192.2383,46.443436,69.013336,160.28442,66.30669,42.5316,-9.989230578333332e-06,0.0,47473.81371666666,4840.981753916667,1.1297911833333337e-07,1.0683163e-06,68.91147166666667,1.5901396666666666e-08,0.0,0.0023063646666666,0.0,1.6326926166666663e-06,263.23688166666665,16.034771216666666,2.8021055,0.0715776551666666,5.506762733333333e-05,3.988363614285714e-06,0.0,130244.20571428572,13281.212821428571,2.338095142857143e-07,2.732105114285714e-06,9.71234572857143,0.0,9.637928142857144e-06,0.0,218.40636142857144,47.66391028571429,16.768643285714287,-0.0883003225714285,-7.5722867214285715e-06,7.757844999999999e-07,232984.765,23757.834225,7.1011242e-06,4.1230894e-05,1.213032575,2.98721755e-06,215.335915,6.187835575,3.5758794,-0.00102299075,-2.245e-05,-3.879014666666667e-06,326679.7133333333,33312.060013333336,1.2679209333333332e-05,0.0005148336666666,0.0569010369999999,3.323366433333333e-06,230.42910666666668,4.524791933333333,1.37286022,0.0008746313333333,4.197885366666667e-06,-1.3305099999999996e-07,439567.725,44823.43359,6.47659325e-06,0.0041603145,0.00072978,3.79261335e-06,255.771575,9.631165500000002,-8.204139999999999,-0.000357592,2.13893145e-05
-79.23892146060268,0.9077817,0.050141096,280.66895,282.4292,101906.19,100843.25,271.45996,271.45972,271.45996,280.6211,1.2698526,0.42971653,0.27317393,0.023614984,2.2852764,-5.446164,2.5868387,0.18421012,0.16795057,0.07333732,0.06838614,7822.554366666667,0.5246536,0.0,0.0,0.5246536,0.0062010624,0.0,1.4202624e-06,-1.2152623e-06,0.32143813,6.1035156e-05,0.136213,0.00079345703,0.0,0.0,0.0,0.0,0.0,403.6023,64.00058,-0.0015349665,0.00010216505,-1.0227297e-09,-703.97314,-7.278597,21751892000.0,51004190000.0,234049460.0,215172.62,0.07295573,73289105000.0,118.062836,-399.91602,4953487.0,10273.715,-0.00046171155,6639457300.0,13614476000.0,84316680.0,59182.316,0.021092985,20352053000.0,5.5380573,2629275600.0,2677015800.0,2603018.0,2619674000.0,2681956900.0,24.825912,0.018000998,0.0,-0.51264066,0.1332717,0.49574208,0.03548372,0.015347004,-2.9229898e-07,0.0035441755,9.891877,-0.4404446,-0.41203475,1.7876268e-08,0.006218143,0.0,19.11438,19.105392,33.45537,-0.51264066,14.820464,2970.0706,0.0,0.0,0.0,-4542.2734,3.5999988e-12,0.0,-241728.38,-254418.06,18404.555,0.0,0.0,1011536.3,1011581.7,0.0,0.0,0.0,-898713.56,-909266.7,0.0,0.0,0.0,0.0,0.4440539,3886.3555,36.632553,73.89839,96.48616,34.839676,30.937164,-3.7607307333333327e-06,0.0,47447.4906,4838.297543116667,1.1358147900000001e-07,1.1178418716666665e-06,61.64300283333333,1.5901396666666666e-08,0.0,0.0021422976666666,0.0,3.118895149166667e-07,262.81641833333333,15.80051485,2.273590308333333,-0.0094707465,5.3332564333333336e-05,1.145038185714285e-06,0.0,130166.74142857142,13273.313662857145,2.249834742857143e-07,2.675807185714286e-06,9.148871857142856,0.0,8.487811614285714e-06,0.0,218.46574,47.977112142857145,16.26105342857143,-0.0546500071428571,-8.542382142857144e-06,1.195752975e-05,232944.33,23753.711,7.081905125e-06,4.038362475e-05,1.2456306625,2.9862285750000003e-06,215.0394575,6.146048775000001,3.724816325,-0.0032513155,-2.37e-05,-3.675127333333333e-06,326653.30666666664,33309.36728,1.2692411e-05,0.0005180583333333,0.055193762,3.322718533333333e-06,230.43879666666663,5.481678766666666,2.8017909000000003,-0.0005133603333333,5.764278899999999e-06,-5.095e-06,439430.13,44809.4028,6.471596e-06,0.004143254,0.0007753265,3.79748005e-06,255.32688,8.728687,-7.19016835,-0.000205024,2.15032125e-05
-79.31908068857183,0.76581967,0.010656975,280.63647,282.0835,101889.625,100826.44,271.45972,271.45972,271.45972,280.47705,0.8766523,0.37654352,0.24241763,-0.001919687,2.2156992,-5.446171,2.8961182,0.18417966,0.16792303,0.07335591,0.06840253,7477.4253,0.03905017,0.0,0.0,0.03905017,0.00051231566,3.6610596e-05,8.6628535e-07,-9.428612e-08,0.026203893,-9.155275e-05,0.010616317,0.00022888184,0.0,0.0,0.0,0.0,0.0,-488.85376,122.25285,-0.0021725348,0.00022497137,-8.362029e-09,-304.5874,-43.014023,21620593000.0,50477527000.0,227558910.0,213178.75,0.07393932,72567090000.0,96.44798,481.6985,4833240.0,10272.078,-0.00082023884,6246014500.0,12130517000.0,78510870.0,53315.168,0.021287333,18436082000.0,-7.228718,2627948800.0,2673950000.0,2601802.0,2618318300.0,2678774500.0,19.224243,0.017999604,0.0,-0.38751012,0.1332717,0.49574202,0.033498988,0.01484336,-1.3738014e-07,0.002026242,11.645913,-0.28354323,-0.24290621,1.7876268e-08,0.006240256,0.0,18.421783,18.421387,35.32056,-0.38751012,18.887573,2970.7957,0.0,0.0,0.0,-3099.4421,3.5999988e-12,0.0,-236672.44,-240742.19,17415.887,0.0,0.0,1008536.3,1007056.2,0.0,0.0,0.0,-912941.06,-914310.3,0.0,0.0,0.0,0.0,0.21405208,2867.218,31.703995,78.133224,87.98744,16.231903,14.636539,-1.0040094166666666e-05,0.0,47417.297633333335,4835.218717333333,1.1416662516666668e-07,1.282160661666667e-06,54.08475233333333,0.0,0.0,0.0019621556666666,0.0,3.17613075e-08,262.38329166666665,15.159963233333334,1.40708375,0.058015984,5.58506716e-05,-7.520546714285711e-07,0.0,130095.22071428572,13266.02057857143,2.228792957142857e-07,2.6332963714285715e-06,8.7929772,0.0,7.726982671428572e-06,0.0,218.4839642857143,48.545345,15.698138357142856,-0.0285692607142857,-1.0082235736571429e-05,6.4418195e-06,232889.9375,23748.1645125,7.099587725e-06,3.99949895e-05,1.2572315,2.987154825e-06,215.1004475,6.08015925,3.23651815,0.0031687475,-2.7025e-05,3.6149816e-06,326599.41333333333,33303.871693333334,1.2714845333333334e-05,0.0005184256666666,0.0576066686666666,3.3197451e-06,229.84377,7.151915666666667,2.2428391666666667,-0.0005392626666666,6.5566903333333335e-06,5.383436e-06,439101.525,44775.89442,6.5337435000000005e-06,0.0040716155,0.000913792,3.7971599e-06,253.750145,8.1052395,-5.50775115,-0.000970581,1.7590794500000003e-05
-79.23374993630365,0.697397,-0.09270382,280.73804,282.20166,101848.31,100785.31,271.45996,271.45996,271.46045,279.70435,0.65152675,0.28914392,0.22433984,-0.046835538,1.8132782,-5.4460897,3.1887045,0.1841352,0.1678921,0.07337755,0.06841892,7132.2962333333335,0.0,0.0,0.0,0.0,0.0,0.0,9.589195e-08,3.8875368e-07,-0.0002746582,0.0002746582,-0.00025653862,0.00036621094,0.0,0.0,0.0,0.0,0.0,-908.64185,133.67522,-0.0020561717,0.00015730396,-9.5556985e-09,-58.938522,-366.35522,21306364000.0,49268190000.0,212948000.0,208475.31,0.07484001,70972680000.0,74.52437,920.334,4578091.0,10267.906,-0.0011795014,5667739600.0,10050520000.0,67835576.0,45071.7,0.02107476,15739949000.0,-19.23407,2626492000.0,2670510000.0,2600490.0,2616875000.0,2675079200.0,16.494125,0.018000957,0.0,-0.38751012,0.1332717,0.4957477,0.026019413,0.01548548,-7.690642e-08,-0.0017593892,15.569605,-0.28226483,-0.24106216,2.204938e-07,0.0062765256,0.0,17.626022,17.626022,37.353943,-0.38751012,18.887573,2973.5706,0.0,0.0,0.0,-1844.0828,3.5999988e-12,0.0,-231896.0,-236856.44,10904.488,0.0,0.0,1019000.06,1016694.44,0.0,0.0,0.0,-905037.2,-908487.0,0.0,0.0,0.0,0.0,0.81066144,3259.374,27.226974,60.634735,64.00473,-7.3308363,-4.0553255,-1.4740137323333334e-05,0.0,47384.9013,4831.915210566666,1.1615075333333337e-07,1.5076619566666664e-06,42.78262316666667,0.0,0.0,0.0017351873333333,0.0,0.0,262.0285383333333,14.439470533333331,0.64501448,0.0868125066666666,5.3062011483333335e-05,-2.3537322714285714e-06,0.0,130028.20714285714,13259.187097142858,2.209440528571429e-07,2.6223541285714285e-06,8.5673964,0.0,7.061861171428572e-06,0.0,218.4856242857143,48.98375128571429,14.940219714285714,-0.0150868792857142,-8.437244285714286e-06,-2.3277085475e-06,232873.5475,23746.4931975,7.1545986750000005e-06,4.061806975e-05,1.2274375925,2.988955e-06,215.5115875,5.94890035,3.19400145,0.0056618747499999,-2.785e-05,8.168032833333334e-06,326557.3733333333,33299.58480333334,1.2715835666666666e-05,0.000518618,0.059340836,3.318006133333333e-06,229.82539666666665,7.750518100000001,1.3219922666666666,0.001208502,3.9179179e-06,1.7298912500000002e-05,438809.44,44746.11004,6.6114435e-06,0.003997799,0.001143851,3.79648735e-06,252.52873,7.8974785,-6.387356560000001,-0.000380643,1.006312275e-05
-79.19235152383736,0.70671666,-0.3461584,280.13257,281.00708,101805.94,100743.31,271.4602,271.45996,271.45972,279.4751,0.5292833,-0.061172247,0.24009913,-0.13517106,1.6947927,-5.4459133,3.2687006,0.18410474,0.16785538,0.073402226,0.06844139,6787.167166666667,0.0,0.0,0.0,0.0,0.0,0.0,4.3613062e-07,2.2011536e-06,3.0517578e-05,-0.00016784668,-0.00016593933,0.00019836426,0.0,0.0,0.0,0.0,0.0,-1200.1387,122.77638,-0.000887844,0.000115271454,-2.160136e-09,677.57837,-152.95949,20832504000.0,47562110000.0,195796670.0,201748.56,0.07468802,68741140000.0,60.400955,1208.7432,4268060.0,10263.5625,-0.0012577337,5007439000.0,7651176400.0,56745076.0,35566.11,0.019739669,12644334000.0,-28.78125,2625400300.0,2667949000.0,2599557.0,2615796700.0,2672199200.0,15.459456,0.017999392,0.0,-0.38751012,0.1332717,0.49575704,0.024658334,0.015090089,-7.2079303e-09,-0.006645117,16.073849,-0.26849276,-0.22077042,5.482736e-07,0.0063019656,0.0,17.029755,17.029755,39.346115,-0.38751012,18.887573,3088.0383,0.0,0.0,0.0,-1341.1064,3.5999988e-12,0.0,-225667.56,-227642.69,11903.738,0.0,0.0,1017240.94,1016043.56,0.0,0.0,0.0,-921224.7,-921616.6,0.0,0.0,0.0,0.0,0.6011837,2439.6045,26.855927,62.162857,82.56262,-22.935654,-22.001724,-1.6827833333333332e-05,0.0,47365.95303333333,4829.98302515,1.184854925e-07,1.6406321766666664e-06,32.5906215,0.0,0.0,0.0015249671483333,0.0,0.0,261.79376333333335,13.571852511666668,-0.2488747983333332,0.1270285021666666,4.90540203e-05,-3.6469535714285714e-06,0.0,129975.84785714289,13253.847935714284,2.177945171428572e-07,2.5586728e-06,8.476357171428571,0.0,6.9192934571428575e-06,0.0,218.53257142857143,49.26037571428572,14.117577571428573,-0.0113274522857142,-1.1387208285714285e-05,-5.292889500000001e-07,232881.515,23747.305655,7.181713075e-06,4.13223455e-05,1.2162963225,2.99000385e-06,215.7503775,5.900730525,3.0797042,0.000887353,-2.6525e-05,-4.904884e-06,326570.60333333333,33300.93389,1.2696205e-05,0.000524542,0.057058083,3.319515933333333e-06,230.75925333333336,7.680785,1.3540652,0.0019774466666666,3.1780677000000003e-06,5.5611975e-06,438593.43,44724.08315,6.61239085e-06,0.0039446995,0.0012268505,3.80096435e-06,252.817005,7.79939495,-5.20073085,0.000615903,8.230003099999999e-06
-79.19652758916538,0.66091716,-0.5996672,280.04077,281.08032,101758.125,100696.375,271.45972,271.45996,271.45972,279.25195,0.11287701,-0.5481073,0.22223616,-0.20846987,1.8646879,-5.445677,2.9775524,0.18406337,0.16782612,0.073426664,0.06845778,6442.0381,0.0,0.0,0.0,0.0,0.0,0.0,-2.1639632e-08,-3.5853918e-07,-0.00092315674,-0.00010681154,0.0001745224,-0.00016784668,0.0,0.0,0.0,0.0,0.0,-1741.1147,82.352615,-0.0041318424,5.583302e-05,3.4122063e-09,106.24237,-1408.5037,20256172000.0,45496467000.0,181648270.0,193630.69,0.072399914,66058060000.0,48.768463,1734.6829,3989646.0,10258.77,0.0002401937,4436522000.0,5461051400.0,48569564.0,26946.629,0.018352568,9852799000.0,-37.625427,2624502500.0,2665943300.0,2598757.0,2614897400.0,2669920500.0,14.562873,0.017998327,0.0,-0.38751012,0.1332717,0.49577326,0.028851502,0.013304234,4.3488992e-08,-0.010531984,16.391771,-0.25840777,-0.20596027,1.1025222e-06,0.0062997006,0.0,16.589828,16.589828,40.836628,-0.38751012,18.850082,3090.1885,0.0,0.0,0.0,-538.3225,3.5999988e-12,0.0,-221457.19,-223911.88,11988.082,0.0,0.0,1016288.9,1015659.9,0.0,0.0,0.0,-934380.4,-935164.7,0.0,0.0,0.0,0.0,0.41715002,2158.1846,30.157532,57.432602,109.116974,-45.105255,-42.29796,-1.5455982416666667e-05,0.0,47352.53936666666,4828.6152118,1.183807685e-07,1.5945153666666666e-06,25.47842131666667,0.0,0.0,0.0013544066666666,0.0,0.0,261.71030666666667,12.446134056666668,-1.145283919,0.1661205566666666,4.3943793533333325e-05,-4.167088971428572e-06,0.0,129928.635,13249.033565714286,2.1328941e-07,2.6265433e-06,8.467235657142856,0.0,7.0286515e-06,0.0,218.5639871428572,49.38448442857143,13.630263857142856,-0.0105086065714285,-1.1731471428571427e-05,5.3636283e-06,232865.625,23745.6853275,7.16725225e-06,4.14241875e-05,1.22172429,2.98997635e-06,215.7039125,5.671302625,2.715658775,0.0006801512499999,-2.7375e-05,-1.0854049833333337e-05,326617.8733333333,33305.75409,1.2721794666666667e-05,0.0005240016666666,0.0514522666666666,3.3197517333333334e-06,231.01479,7.749520866666667,1.4521096333333334,0.000966096,7.552255e-06,-2.459656e-06,438429.62,44707.379175,6.5732881e-06,0.0039642229999999,0.0010443355,3.807313e-06,253.25975,8.286619400000001,-3.80544475,0.000667639,1.00530725e-05
-79.23084238348352,0.69186413,-0.9246051,281.69482,283.01367,101824.94,100760.375,271.45996,271.45972,271.45996,279.16626,0.11506426,-1.0100031,0.29244053,-0.34401846,1.9289532,-5.444792,3.7622108,0.18402374,0.16779685,0.0734483,0.06847417,6096.909033333333,0.0,0.0,0.0,0.0,0.0,0.0,4.0066266e-07,1.2790097e-06,0.000289917,-1.5258789e-05,0.00019836426,0.0008392334,0.0,0.0,0.0,0.0,0.0,-959.1355,37.188995,-0.0042517036,-9.2061295e-05,1.1043895e-08,-424.70557,-1443.5461,19694563000.0,43602580000.0,171834830.0,185977.69,0.07012069,63585747000.0,46.666916,911.86206,3789443.0,10265.223,0.0009539514,4186861600.0,4397319700.0,44392390.0,22742.562,0.020127393,8519517000.0,-43.4619,2627723500.0,2672244200.0,2601692.0,2618119400.0,2676012500.0,20.027222,0.018000618,0.0,-0.38751012,0.13314378,0.4958158,0.029708248,0.016665142,1.9263001e-07,-0.014589414,16.351519,-0.2530238,-0.19802475,2.6346916e-06,0.0063323416,0.0,17.811874,17.811874,41.33977,-0.38751012,18.850082,3096.1824,0.0,0.0,0.0,208.88405,3.5999988e-12,0.0,-218873.38,-220678.94,12969.371,0.0,0.0,1015068.6,1014624.25,0.0,0.0,0.0,-943109.2,-943703.0,0.0,0.0,0.0,0.0,0.27683085,2101.9797,33.69635,55.059433,112.374405,-59.24054,-51.54866,-4.0030533833333335e-06,0.0,47436.21916666667,4837.148176533333,1.172901041666667e-07,1.2349064216666667e-06,24.57123436666667,0.0,0.0,0.0013447485213333,0.0,0.0,261.7334816666667,11.269927023333333,-1.7190649333333334,0.114281305,2.2549417e-05,-4.4794700000000005e-06,0.0,130025.48071428572,13258.90908,2.130604142857143e-07,2.5529069285714286e-06,8.2158784,0.0,7.117846057142857e-06,0.0,218.74623714285715,49.12691185714285,13.589399857142856,-0.012105777,-1.5401485714285714e-05,7.0979068e-06,233074.4975,23766.98439,7.22767745e-06,4.08152735e-05,1.1234866,2.9899686e-06,216.1278225,4.668120075,3.08152005,-0.00192469325,-3.0025e-05,-1.1590333333333326e-06,326959.9366666667,33340.63484,1.2740606e-05,0.0005096463333333,0.0492253603333333,3.317733333333333e-06,230.4433833333333,7.938757666666667,1.338133866666667,-0.002841211,1.0491384e-05,-2.2009055000000004e-06,438547.43,44719.392455,6.666374999999999e-06,0.0039308735,0.000981675,3.81210425e-06,253.31252,8.28701095,-4.379151,3.1871e-05,1.0509047e-05
-79.24125010254551,0.31840384,-0.49853277,281.5642,282.88965,101828.25,100763.875,271.4602,271.45972,271.45996,280.89355,-0.10541272,-0.7302442,0.28422582,-0.29385638,1.6277609,-5.4443083,-0.95062006,0.18398982,0.16777849,0.07347298,0.068502724,5751.779966666667,0.0,0.0,0.0,0.0,0.0,0.0,2.694344e-07,8.154631e-07,-0.000289917,7.6293945e-05,-9.155275e-05,-0.00041198754,0.0,0.0,0.0,0.0,0.0,-1205.519,15.603534,-0.0042462684,-8.007468e-05,6.7564017e-09,-221.18336,-1550.0898,19554142000.0,42845164000.0,171935650.0,183182.0,0.06855112,62675450000.0,41.787216,1189.365,3757716.0,10265.539,0.00015955647,4167022300.0,4430020600.0,43602770.0,22792.762,0.0207459,8537110500.0,-42.31172,2627515600.0,2672300800.0,2601443.0,2617920300.0,2676053800.0,18.323349,0.017999094,0.0,-0.38751012,0.13314378,0.49584234,0.026738327,0.020754997,-2.2971499e-06,-0.016045127,16.149199,-0.2452128,-0.18644243,3.4989835e-06,0.006281581,0.0,17.925278,17.925278,41.111046,-0.38751012,18.850082,3097.5073,0.0,14245.871,5819.047,-2706.633,41573.46,38757.586,-219122.5,-218007.31,10743.0625,48408.312,48357.145,1014238.75,1014515.3,142844.5,95844.125,93053.81,-948392.2,-948028.25,14245.871,0.0,0.0,0.0,0.121133685,1910.2964,35.62787,61.519516,88.71463,-51.977325,-52.920807,-1.983722800000001e-06,0.0,47436.96716666667,4837.224451183333,1.1244009233333333e-07,1.1207126483333334e-06,23.876381416666664,0.0,0.0,0.0013060178163333,0.0,0.0,261.7967333333333,10.634045845,-1.528733991666667,0.143159204,1.1968212166666666e-05,-1.0966775142857144e-05,0.0,130003.57214285714,13256.675025714285,2.1307128e-07,2.633032371428572e-06,7.9412041,0.0,7.102782342857144e-06,0.0,218.8318442857143,49.13829285714286,13.410572571428572,0.0123724814285714,-1.494634242857143e-05,5.34986075e-06,232982.5025,23757.603515000003,7.228656874999999e-06,4.11848415e-05,1.170896225,2.99108615e-06,216.156815,4.4839188,3.3468623,0.00652503425,-3.0375e-05,-2.736201666666667e-06,326918.6433333333,33336.42409666666,1.2761436333333333e-05,0.0005011086666666,0.050688773,3.3148044e-06,229.98,7.501817333333332,1.4384260966666669,-0.0014282936666666,1.0971337233333334e-05,2.5092000000000013e-07,438472.44,44711.7456,6.6464347000000005e-06,0.0039647699999999,0.000983036,3.8175003e-06,253.26713,7.7788295,-3.7139864,-0.0004409365,1.22623055e-05
-79.25822921974843,0.4927985,-0.1450926,282.29614,283.87598,101836.19,100771.875,271.45996,271.45996,271.45972,285.8252,0.23252976,-0.15754974,0.616511,-0.16106284,2.5032663,-5.444124,-29.231339,0.18395019,0.16774923,0.07349157,0.068513036,5406.650900000001,0.0,0.0,0.0,0.0,0.0,0.0,4.2744733e-07,9.645664e-07,-0.00044250512,7.6293945e-05,0.00061035156,0.0007019043,0.0,0.0,0.0,0.0,0.0,-837.6028,32.67856,-0.005965028,-4.129279e-05,-4.3236525e-09,-963.8296,-1985.6792,19395234000.0,42331242000.0,169883940.0,181184.56,0.067187905,62001533000.0,41.765366,824.9739,3703529.0,10266.223,0.0004727852,4184594400.0,4622863000.0,43261228.0,23465.96,0.021350376,8754087000.0,-39.313263,2627655400.0,2672561400.0,2601563.0,2618041900.0,2676256000.0,56.107758,0.018001135,0.0,2.9926014,0.13314378,0.49583322,0.04866253,0.017888974,-1.676046e-05,-0.004220262,15.982527,-0.13170475,-0.10436714,2.9386392e-06,0.0062705837,0.0,17.971802,17.971802,40.658764,18.425476,38.389114,3099.1572,0.0,280957.88,46884.492,-72123.94,418046.62,409816.44,-270789.12,-241112.19,-44521.77,485257.62,484835.3,1017816.4,1025246.3,982957.8,730723.3,722454.6,-965786.06,-956006.3,280957.88,0.0,0.0,0.0,-0.06919289,1676.2458,30.238663,69.97414,42.488068,-16.079483,-26.829224,-3.6166395e-06,0.0,47448.74146666667,4838.425096016666,1.0887217066666668e-07,7.236317099999999e-07,23.280564716666664,0.0,0.0,0.0013025126823333,0.0,0.0,261.9298483333333,10.3922405,-1.2596305666666667,0.1503431323333333,7.955577416666667e-06,-5.563533571428572e-06,0.0,129990.81214285716,13255.373868571429,2.1221512714285722e-07,2.554586e-06,7.845239357142857,0.0,7.0563022e-06,0.0,218.79256,49.32755785714286,13.4451925,-0.0235075497142857,-1.4717702e-05,-5.1859767500000006e-06,233002.795,23759.672775,7.2863193e-06,4.165450075e-05,1.12829215,2.9920725e-06,216.63139,4.16004272,4.025180150000001,0.009841819,-2.8625e-05,1.6781393333333332e-06,326936.81,33338.27657666666,1.2797086333333331e-05,0.0004890063333333,0.0545936846666666,3.3105004e-06,229.19959,7.2291308,1.4186098429999998,-0.000293606,9.0880891e-06,-8.968e-06,438471.75,44711.67524,6.62852565e-06,0.004017307,0.000914612,3.8241628e-06,254.04067,8.970984,-3.42580757,0.001183834,1.216328975e-05
-79.2111707062772,-0.003184484,0.27285188,282.04175,284.53003,101861.69,100797.06,271.45972,271.45972,271.45972,290.16455,0.25455987,0.33130813,-0.017518554,0.43787444,3.4640055,-5.444455,-59.74109,0.18391496,0.16772473,0.07351321,0.06852937,5061.521833333334,0.0,0.0,0.0,0.0,0.0,0.0,4.2461903e-07,-7.765783e-07,-0.000289917,-0.00024414062,-0.00042724633,-0.0009002688,0.0,0.0,0.0,0.0,0.0,-735.82666,47.248474,-0.00025571417,3.623213e-05,-3.0282132e-09,606.0491,-44.595352,19285713000.0,42016907000.0,168135820.0,179973.19,0.067511916,61571613000.0,40.91211,705.0857,3657114.0,10269.016,0.00032315357,4480227000.0,5677117400.0,43139684.0,27556.32,0.025381647,10117308000.0,-32.580566,2628956000.0,2673644800.0,2602880.0,2619341000.0,2677291000.0,187.44942,0.017999794,0.0,-1.000001,0.13314378,0.49580526,0.065908015,0.004545845,-3.7978913e-05,0.009242583,15.71418,-1.000001,-1.000001,1.6629829e-06,0.006290186,0.0,17.885239,17.885239,40.165485,-1.000001,-1.000001,3100.3071,0.0,784395.0,108748.5,-254992.5,954291.75,949697.3,-339700.88,-308574.06,-169063.0,1102653.0,1102116.0,1038649.56,1046415.94,1828732.0,1454028.0,1449446.0,-987286.2,-977062.56,784395.0,0.0,0.0,0.0,-0.07667363,1538.7295,24.841293,27.172043,38.200623,22.318634,86.157486,-2.434987666666667e-06,0.0,47499.48651666666,4843.599651,1.073243935e-07,4.862882271666666e-07,22.04896355,0.0,0.0,0.00134367607,0.0,0.0,262.2961883333333,10.402163108333331,-0.4478938533333333,0.1452051493333333,7.92808025e-06,-4.779068285714286e-06,0.0,129976.53571428572,13253.918077142856,2.200511957142857e-07,2.7264499714285715e-06,8.172635257142856,0.0,7.284280457142857e-06,0.0,218.62438,49.50159971428572,13.509700214285711,-0.0414997914285714,-1.1537271428571429e-05,-7.64642755e-06,233102.185,23769.8077325,7.290761375e-06,4.190252375e-05,1.07683027,2.99080715e-06,216.6786475,3.88613433,5.6911104,-0.00080497375,-2.6025e-05,7.561225666666668e-07,326979.96,33342.676653333336,1.2820158e-05,0.0004847736666666,0.055118603,3.3081557e-06,229.09374,7.3998444,1.7054518233333331,-0.001476125,7.414502299999999e-06,-3.288575e-06,438900.06,44755.350705,6.5742961e-06,0.00405446,0.0008224645,3.83052155e-06,255.210415,8.066824,-2.9707322,-0.000327644,1.4815192e-05
-79.19734407398504,-0.09609306,0.5350605,283.05566,290.55005,101851.94,100794.375,271.45972,271.45996,271.45947,293.23633,0.05792822,0.6337429,-0.1541962,0.74895453,4.055806,-5.44565,-92.97981,0.18387967,0.16769242,0.07353485,0.06854886,4716.392766666667,0.0,0.0,0.0,0.0,0.0,0.0,-3.0102626e-07,9.340237e-07,4.5776367e-05,0.00015258789,-0.00012207031,0.0007019043,0.0,0.0,0.0,0.0,0.0,-436.0398,66.31622,-0.003179511,5.0472872e-06,-1.2541119e-09,-628.0615,-928.29224,19249996000.0,42018566000.0,164412480.0,180002.69,0.06827265,61530200000.0,39.02791,373.0652,3615575.0,10268.797,-0.0006358456,4762849000.0,6721647000.0,42508336.0,31628.484,0.028640207,11457305000.0,-27.163727,2629850000.0,2674275600.0,2603766.0,2620241000.0,2677890600.0,343.51343,0.018001024,0.0,-1.000001,0.13314378,0.49576145,0.07772219,-0.0026427507,-6.191181e-05,0.028294642,15.246345,-1.000001,-1.000001,5.5430894e-07,0.006306544,0.0,17.7892,17.7892,39.7346,-1.000001,-1.000001,3102.9824,0.0,1281625.0,171804.62,-471272.5,1445840.0,1441540.0,-384058.44,-362396.25,-311878.2,1666827.0,1666303.0,1066738.0,1072145.0,2520574.0,2074318.0,2069891.0,-1002948.7,-995867.6,1281625.0,0.0,0.0,0.0,0.07403743,1773.3289,18.34613,1.1585369,73.09987,40.73648,177.98082,-1.9871768833333336e-06,0.0,47538.4132,4847.569067833333,1.06330286e-07,4.446505533333334e-07,20.572556233333334,0.0,0.0,0.0013575408333333,0.0,0.0,262.7709433333333,10.819711551,0.3259715383333333,0.0691959794999999,7.455246666666666e-06,-4.466938714285714e-06,0.0,129954.49142857142,13251.670187142856,2.298122342857143e-07,2.975112214285714e-06,8.672639742857143,0.0,7.662046857142858e-06,0.0,218.4749785714285,49.23410928571428,13.320482071428572,-0.0438026794285714,-5.908579e-06,-9.814055000000003e-07,233161.72,23775.878615,7.222140025e-06,4.2171217e-05,1.08126715,2.988763525e-06,216.271185,3.8167308,7.009896550000001,-0.00289107675,-2.49e-05,-2.278083333333333e-06,327032.49333333335,33348.03356333334,1.2837084e-05,0.0004843283333333,0.0535157153333333,3.3064722e-06,229.32780666666667,7.0295134,1.7839207333333336,-1.0191333333333335e-05,6.746894833333333e-06,4.2068027e-06,439151.41,44780.981275,6.582733000000001e-06,0.0040634335,0.000817846,3.8303541e-06,255.1941,6.536775,-2.1189146,-0.000308697,1.7945989500000002e-05
-79.21011710285096,-0.0012211755,1.0095129,283.6057,290.87817,101804.19,100752.31,271.45996,271.4602,271.4602,295.32422,0.19987744,1.216672,-0.019389208,1.2811861,4.5593195,-5.446125,-115.51807,0.18384004,0.1676588,0.073544264,0.06856519,4371.2637,0.0,0.0,0.0,0.0,0.0,0.0,-3.38583e-07,4.5884343e-07,-0.00064182305,0.0002593994,-4.577638e-05,0.0007171631,0.0,0.0,0.0,0.0,0.0,-296.69165,52.359695,-0.00058185216,-8.589912e-06,3.2872216e-10,3.0493069,-265.4851,19284906000.0,42328437000.0,160959200.0,181117.38,0.07054508,61875835000.0,41.201385,228.29404,3596240.0,10264.594,-0.0014488485,5167894500.0,7998229500.0,43698260.0,36694.844,0.031763587,13160153000.0,-19.10878,2629425200.0,2674173400.0,2603329.0,2619823000.0,2677754000.0,478.88086,0.01799867,0.0,8.128007,0.13314378,0.495745,0.0950073,0.0031640164,-7.9633464e-05,0.061722707,14.705581,-0.97340345,-0.97340345,1.1323618e-07,0.0063075013,0.0,17.91182,17.91182,39.471085,8.464901,9.79034,3103.3132,0.0,1657665.0,220883.19,-651451.9,1809196.0,1804730.0,-415588.0,-396771.44,-414003.2,2083456.0,2082996.0,1091709.0,1096407.0,3011225.0,2521604.0,2517100.0,-1016605.0,-1010468.06,1657665.0,0.0,0.0,0.0,0.12126315,2263.925,-0.3351997,-24.702835,86.22516,49.611664,212.31313,-5.047721666666664e-07,0.0,47533.514416666665,4847.069531,1.05395989e-07,4.416659333333334e-07,20.086703766666663,0.0,0.0,0.0014103841666666,0.0,0.0,263.06238833333333,11.269757301666669,0.8943308283333332,0.0209708606666666,8.113819066666667e-06,-5.1011681857142864e-06,0.0,129918.12571428572,13247.961914285714,2.352820571428572e-07,3.0873671714285715e-06,8.657357428571428,0.0,7.7552011e-06,0.0,218.49232571428573,48.84948942857143,13.6331412,-0.0298203537142857,-3.622489e-06,-1.972109e-06,233110.0,23770.6046425,7.187519125e-06,4.31529185e-05,1.088608725,2.98885085e-06,216.1975675,4.444044775,7.93603465,0.0061730825,-2.505e-05,7.634151733333334e-06,327013.79333333333,33346.126696666666,1.2841294666666668e-05,0.0004837456666666,0.0558094566666666,3.3040724e-06,229.4210133333333,7.5400019,2.2610213666666668,-0.0020256686666666,3.9426255666666665e-06,1.68526605e-05,439194.31,44785.355855,6.6031855e-06,0.004061033,0.000827196,3.8280277e-06,255.37046,6.253593499999999,-1.2286046000000002,-4.249350000000001e-05,1.41557755e-05
-79.15863344671524,0.18749118,1.4383421,284.05713,291.33496,101740.75,100692.19,271.4602,271.4602,271.45996,296.59204,0.45453763,1.7517338,0.2082712,1.7275553,5.2828255,-5.4462404,-120.06976,0.18380785,0.16762954,0.07357502,0.06858158,4026.134633333334,0.0,0.0,0.0,0.0,0.0,0.0,8.657736e-08,1.2659611e-06,0.0007019043,0.00012207031,0.00093078613,-0.00045776367,0.0,0.0,0.0,0.0,0.0,-760.89087,45.104782,-0.0024856527,5.2069445e-06,4.2468606e-09,-117.46591,-868.2688,19347388000.0,42859490000.0,159008320.0,183041.31,0.07183397,62480458000.0,45.022644,712.42554,3602241.0,10258.527,-0.002028248,5490226000.0,8992386000.0,44979708.0,40687.215,0.03376463,14499156000.0,-12.217041,2628818000.0,2673994500.0,2602688.0,2619223600.0,2677576700.0,601.4895,0.018000584,0.0,185.85934,0.13314378,0.49574065,0.12950724,0.01608703,-8.930419e-05,0.09678829,14.19295,-0.571495,-0.5715011,1.7876268e-08,0.0063035823,0.0,18.083435,18.08342,39.289833,187.29692,211.8591,3106.238,0.0,1860470.0,247731.38,-774775.1,2002631.0,1998076.0,-432508.06,-417131.12,-458931.38,2305064.0,2304565.0,1113688.0,1117525.0,3267279.0,2756973.0,2752341.0,-1026738.3,-1021728.94,1860470.0,0.0,0.0,0.0,0.05779809,2943.4219,-0.48402995,-41.520325,32.943024,24.38443,320.81567,-1.086075333333334e-07,0.0,47514.30841666667,4845.11106415,1.0453344583333337e-07,4.314037113333333e-07,19.523830516666667,0.0,0.0,0.001461237,0.0,0.0,263.289875,11.635333345,1.3417394500000002,0.0371274776666666,6.5717705e-06,-4.684368857142858e-06,0.0,129891.57,13245.253984285711,2.364711871428573e-07,3.282835314285714e-06,8.459141985714286,0.0,7.552328599999999e-06,0.0,218.51278,48.30105357142857,13.898568285714289,-0.0027332501428571,-2.379973285714286e-06,-4.883957500000001e-06,233120.75,23771.7008375,7.180120625e-06,4.420598675e-05,1.0347661125,2.98921845e-06,216.449935,5.73879425,8.3575701,0.003368507,-2.385e-05,1.8247320000000003e-06,327029.08,33347.6855,1.2826924333333331e-05,0.0004841056666666,0.0573553203333333,3.303039833333333e-06,229.65684666666667,8.129532333333334,2.9145710166666667,-0.0008380223333333,2.3714127666666664e-06,-1.055e-05,439447.16,44811.13938,6.53167825e-06,0.004115393,0.0007135545,3.8303001e-06,257.05231000000003,7.5144292,0.2158455999999999,0.000499841,1.38416695e-05
-79.18958829344281,0.37413347,1.8293066,284.81592,295.0105,101655.0,100608.875,271.45947,271.4602,271.4602,297.0437,0.72760004,2.2532663,0.41847968,2.1047363,5.9370985,-5.446435,-105.89549,0.18376517,0.1676125,0.073599935,0.06860101,3681.0055666666667,0.0,0.0,0.0,0.0,0.0,0.0,4.0768276e-07,1.1681432e-06,0.00059604645,-7.6293945e-05,-0.00032043457,-0.00045776367,0.0,0.0,0.0,0.0,0.0,-769.12134,37.639694,-0.0003547361,1.7520477e-05,9.003376e-09,522.8843,-181.27103,19601156000.0,43984015000.0,158794860.0,187259.75,0.07511634,63876920000.0,52.313034,759.7014,3640966.0,10249.949,-0.0018285175,5763885600.0,9937407000.0,46210230.0,44396.777,0.0351927,15735637000.0,-4.0039186,2627588900.0,2673050000.0,2601411.0,2618003200.0,2676718300.0,688.228,0.017999336,0.0,49.3116,0.13314378,0.49573928,0.16405219,0.025962204,-8.9080815e-05,0.1295169,13.526037,-0.8990665,-0.8990665,0.0,0.006276559,0.0003539836,18.20552,18.20552,39.048214,49.748215,56.076202,3108.313,0.0,1864592.0,248331.56,-820917.4,2006101.0,2001149.0,-434209.62,-423707.75,-440534.5,2308393.0,2308496.0,1131745.0,1134380.0,3271172.0,2761403.0,2756490.0,-1032496.94,-1029082.06,1865629.0,0.0,0.0,0.0,0.080893815,3761.0518,-0.52526426,-29.414413,12.657005,3.0930595,485.74902,1.9249811e-07,0.0,47477.72168333334,4841.380255433333,1.038151915e-07,4.3429699166666666e-07,18.846493266666663,0.0,0.0,0.0015069425,0.0,0.0,263.457045,12.192013316666667,1.8499253883333333,0.0131284761666666,5.465804616666667e-06,-5.542296142857142e-06,0.0,129853.69571428571,13241.391885714283,2.3464213857142858e-07,3.3532616285714286e-06,8.256534342857142,0.0,7.246272171428572e-06,0.0,218.5865871428572,47.77667871428572,14.2276693,0.0081104917142857,-4.248992285714286e-06,-6.315e-06,233089.655,23768.5300275,7.134327475e-06,4.4997415e-05,1.022983495,2.99104705e-06,216.545305,6.867929525,8.851678025,0.00197918375,-2.31e-05,4.815918333333334e-06,327047.88333333336,33349.60290333333,1.2826556e-05,0.0004811263333333,0.0593298886666666,3.301112266666667e-06,229.59518,8.9700222,2.5809164,-0.00076136,1.3428456666666667e-06,-5.72160355e-06,439706.63,44837.597955000005,6.52195e-06,0.004118576,0.0006759855,3.82741065e-06,257.46767,9.6752745,2.83473445,-0.0002212555,1.64205185e-05
-79.15714600270161,0.25030184,2.183525,285.07178,295.26978,101606.94,100563.06,271.45996,271.45996,271.45996,296.66357,0.5723244,2.7466402,0.27221924,2.4185658,6.399288,-5.446349,-70.637314,0.18373299,0.16758186,0.07361853,0.06861436,3335.8765,0.0,0.0,0.0026274351,0.0026274351,0.00023196866,0.002185599,-2.913195e-07,-7.336686e-07,0.0012901977,0.011162508,-0.00090620434,-0.0046644546,0.0,0.0,0.0,0.0,0.0,-980.69995,29.657944,-0.0010605368,3.2253287e-05,7.5514635e-09,550.44946,-372.80396,19777483000.0,44753433000.0,160152700.0,190161.5,0.07650858,64823040000.0,53.76947,969.9905,3694595.0,10245.383,-0.0016802468,5962866700.0,10647549000.0,48507144.0,47219.027,0.03460099,16664644000.0,2.8310833,2627491300.0,2673094100.0,2601298.0,2617901800.0,2676780800.0,718.542,0.017999995,0.0,39.83574,0.13314378,0.49573898,0.19253188,0.013287358,-7.677681e-05,0.1569528,13.137977,-0.9248844,-0.9248844,0.0,0.0062495694,0.0029486855,18.257095,18.254364,39.174114,40.609055,45.623093,3109.9128,0.0,1668330.0,214027.0,-772870.9,1797781.0,1813348.0,-420900.62,-419084.44,-349874.88,2092804.0,2072771.0,1144156.0,1147282.0,3022597.0,2512584.0,2528753.0,-1033751.8,-1033385.25,1655481.0,0.0,0.0,0.0,0.09950775,4387.1445,-0.32639062,5.3156404,7.8493595,2.561119,631.38477,-7.063682333333334e-07,0.0,47470.87001666666,4840.6815801,1.0314331266666668e-07,4.4323452500000004e-07,18.2019558,0.0,0.0,0.0015398696666666,0.0,0.0,263.56664,12.715239083333335,2.2278331333333337,0.0287284245,6.123462966666667e-06,-4.068298714285713e-06,0.0,129848.53571428572,13240.865711428572,2.346119471428572e-07,3.443743185714285e-06,8.118749928571429,0.0,7.1525774285714285e-06,0.0,218.67167571428573,47.426662,14.794405714285714,0.0165937432857142,-6.0132854285714285e-06,-1.8201879e-06,233114.16,23771.02884,7.09226225e-06,4.57062e-05,1.0253659425,2.9938105e-06,216.6246175,7.557418375,8.96234215,0.0037581819999999,-2.2975e-05,6.4144136666666685e-06,327160.82,33361.11924,1.2830069166666668e-05,0.000472891,0.0608283646666666,3.2989022e-06,229.33097333333333,9.628796,1.7099636333333332,-0.0013544463333333,-1.681625e-06,8.830565000000002e-07,439915.935,44858.94113,6.519496999999999e-06,0.0040658525,0.000647762,3.82447255e-06,257.58914,11.03343575,2.3562637250000003,3.044150000000004e-05,1.5647375e-05
-79.18212086375617,0.021428082,2.6005745,285.25977,295.3623,101533.25,100490.5,271.45972,271.45972,271.4602,295.13574,0.2507741,3.4200678,0.023592602,2.7512188,6.2428846,-5.4464035,-34.027405,0.18369335,0.16755092,0.07364017,0.068636835,3283.3953,0.0,0.0,0.04396163,0.04396163,0.00021366055,0.002063582,-1.0099734e-07,-1.024192e-06,0.0006713867,0.009987403,-0.00024414062,-0.004719466,0.0,0.0,0.0,0.0,0.0,-914.47705,42.880936,-0.0002770312,5.193407e-05,3.2771026e-09,695.2239,-93.42587,19921860000.0,45330890000.0,161533020.0,192410.56,0.07700962,65541680000.0,51.20169,916.93945,3750556.0,10237.902,-0.00080159307,6072896000.0,11185928000.0,50170748.0,49309.113,0.033588428,17336486000.0,11.093076,2626220500.0,2671460400.0,2600059.0,2616644400.0,2675217400.0,664.0454,0.017999511,0.0,-1.000001,0.13314378,0.49573904,0.19824898,-0.003051818,-5.9760278e-05,0.18451369,14.1921835,-1.000001,-1.000001,0.0,0.0062295794,0.0008670811,18.121613,18.118088,39.02824,-1.000001,-1.000001,3111.6128,0.0,1289783.0,166308.44,-630554.4,1402920.0,1449494.0,-387751.94,-397070.25,-203158.06,1674833.0,1617542.0,1158112.0,1170425.0,2538451.0,2038068.0,2088561.0,-1024781.25,-1030935.0,1251032.0,0.0,0.0,0.0,0.3678125,4883.621,-0.5295156,19.803833,9.835146,3.893588,639.8828,-2.0753164666666667e-06,0.0007810256666666,47435.96671666667,4837.1224339166665,1.0267240233333336e-07,4.890695333333333e-07,17.855317166666666,5.958756666666667e-09,5.5641493333333336e-08,0.0015653253333333,0.0,0.0,263.628995,13.314689056666666,2.402673083333333,0.0169366576666666,1.02759399e-05,-3.238292571428572e-06,0.0,129810.11571428573,13236.94796,2.327418842857143e-07,3.6420004285714286e-06,8.002739,0.0,7.142650857142857e-06,0.0,218.73004285714288,47.18762857142857,15.119077428571428,0.030344269,-1.440378285714285e-06,1.191549100000001e-06,233121.845,23771.812495,7.074443325e-06,4.608883725e-05,1.012686325,2.99740425e-06,216.8485925,8.30141425,7.969772349999999,0.006064771,-2.47775e-05,4.2066902666666665e-06,327178.69,33362.94147666667,1.28246555e-05,0.0004721949999999,0.063206084,3.297083233333333e-06,229.2018833333333,9.6162231,1.60256668,-0.000364838,-1.9605363333333334e-06,1.509661e-06,440055.71,44873.19421,6.5191315e-06,0.003963264,0.000623024,3.82257125e-06,257.590725,12.056438,2.086085235,-0.0002653165,1.27228705e-05
-79.2838976701753,-0.036872614,2.5799313,285.41895,294.49878,101549.81,100506.44,271.45972,271.45972,271.45996,293.2256,0.15235215,3.7270193,-0.03561378,2.5997982,5.5979347,-5.44645,8.856788,0.1836611,0.16752338,0.073661804,0.068656266,3508.8288653846157,0.0,0.0,0.0030476213,0.0030476213,3.0517578e-05,0.000976823,-1.0358963e-06,-5.5572576e-07,0.00062561035,0.004062403,0.0001373291,-0.0020609566,0.0,0.0,0.0,0.0,0.0,-536.7241,57.120285,-0.0033987213,1.7643237e-05,-4.671503e-10,-394.8811,-956.3887,19932348000.0,45597580000.0,158636130.0,193321.38,0.07696009,65813828000.0,50.95224,565.75464,3728751.0,10239.598,0.0006002558,5804672000.0,10818214000.0,48408160.0,47592.25,0.03093275,16714643000.0,17.279083,2627041300.0,2671753000.0,2600928.0,2617455900.0,2675489500.0,557.34326,0.018000413,0.0,12.891346,0.13314378,0.49573892,0.19078624,-0.003858962,-3.299459e-05,0.14591444,13.209201,-0.9737324,-0.9737324,0.0,0.006227728,0.00018320107,17.904312,17.903137,39.866886,12.92883,14.629365,3112.9128,0.0,798058.56,110641.94,-434558.12,934868.56,963169.5,-363688.88,-373758.56,-50365.902,1116958.0,1078967.0,1155106.0,1159454.0,1851783.0,1430065.0,1471728.0,-1022481.3,-1027763.3,747067.6,0.0,0.0,0.0,0.41965538,4152.3164,-2.61164,-20.743927,49.583344,15.715582,646.0947,-4.799904566666666e-06,0.0,47458.62426666666,4839.432860933333,1.0243509933333333e-07,5.347807666666667e-07,18.42711735,0.0,0.0,0.0016025545,0.0,0.0,263.51448666666664,13.764035701666666,2.032005625,-0.0175305913333333,2.07838235e-05,-5.9948022857142846e-06,0.0,129828.69714285714,13238.84273857143,2.312087742857143e-07,3.713581557142857e-06,7.839121371428571,0.0,7.114011785714286e-06,0.0,218.85829285714289,46.764960571428574,14.638616785714287,0.0463135885714285,4.793468857142856e-06,-5.5982828000000005e-06,233211.1425,23780.9183075,7.0965621750000005e-06,4.70446875e-05,0.941789305,3.0004296e-06,217.31622,8.355389925,6.258324125,0.0082639345,-2.576630275e-05,6.163300000000004e-07,327268.31666666665,33372.08084666667,1.2811840666666667e-05,0.0004772826666666,0.0630864543333333,3.2970516666666666e-06,229.51387666666665,9.6185061,1.0000821333333334,0.0005127883333333,-2.0165420000000004e-06,-8.225e-07,440187.28,44886.610615,6.52178825e-06,0.0039143985,0.0006337,3.8200725e-06,257.59811,13.505973,0.989538735,-0.000290177,1.1105923e-05
-79.35117342939829,-0.06340295,1.7210293,285.1377,294.4204,101577.56,100532.69,271.45972,271.45996,271.45996,289.9265,0.4254576,4.132784,-0.00024910877,1.2352409,3.7306414,-5.446539,20.030212,0.18362147,0.16749412,0.07368034,0.06866348,3734.262430769231,0.0,0.0,0.005862601,0.005862601,6.1220735e-06,0.00081189815,5.2962985e-08,-1.4301604e-06,-0.00021608095,0.003452054,0.0005340576,-0.001663208,0.0,0.0,0.0,0.0,0.0,-157.7381,66.13208,-0.0029578006,-6.134978e-05,-3.3889835e-09,-737.5564,-893.79785,19819663000.0,45603840000.0,153032860.0,193057.38,0.07771742,65720287000.0,57.036423,199.23636,3647079.0,10242.242,0.0008120809,5371141600.0,10046951000.0,44625490.0,44159.883,0.028823629,15522538000.0,24.481125,2627291100.0,2671997000.0,2601170.0,2617693200.0,2675639600.0,274.6338,0.018000994,0.0,-1.000001,0.13314378,0.49573898,0.09884328,0.005699046,-5.4881903e-06,0.061462805,13.179015,-1.000001,-1.000001,0.0,0.006234482,0.00021372146,17.897888,17.897873,41.56036,-1.000001,-1.000001,3112.9377,0.0,292662.5,48581.25,-186044.38,429649.8,424018.5,-325603.62,-341126.94,58233.902,500702.2,497924.3,1147554.0,1151462.0,1009211.06,749856.75,744942.44,-1014203.06,-1019515.8,289679.7,0.0,0.0,0.0,0.09725225,2590.4846,-4.274926,2.6707735,270.7068,74.14873,382.18384,-5.9264097e-06,0.0,47465.37621666666,4840.121368483334,1.0246851416666666e-07,7.788521933333333e-07,20.38507153333333,0.0,0.0,0.0016574256666666,0.0,0.0,263.18981,13.784095683333334,1.2780832599999998,-0.0087177153333333,3.402703816666667e-05,-8.745666542857145e-06,0.0,129833.06285714284,13239.287917142856,2.417233e-07,3.658404557142857e-06,7.795850057142857,0.0,7.1342216571428575e-06,0.0,219.01708428571428,46.32630085714286,13.674171485714286,0.0196207032857142,8.524344499999999e-06,-1.7922374e-05,233261.6425,23786.067875,7.1318076000000005e-06,4.8516754e-05,0.8670453,3.0023357e-06,217.731205,7.8865181,5.2444723,0.00491120475,-2.1528811575e-05,-2.680263333333334e-06,327265.48,33371.791593333335,1.2801433e-05,0.0004854006666666,0.06142734,3.2977886666666664e-06,229.83661,9.481578333333331,0.0574986,0.0014315133333333,-9.638419999999997e-07,-9.0848106e-06,440099.75,44877.68504,6.49624165e-06,0.003927672,0.000649099,3.8181974e-06,257.86395,15.49627725,-0.3307959725,5.926900000000003e-05,1.2134556500000002e-05
-79.38804000532427,0.23436391,2.2789612,285.1704,287.66382,101609.125,100563.69,271.45972,271.45996,271.45996,285.88086,1.5608091,3.9598026,0.2258206,0.9997435,3.9410734,-5.4463997,15.850797,0.18357539,0.16746658,0.07370198,0.06868899,3959.6959961538464,0.0,0.0,0.002931302,0.002931302,0.0,0.00036621653,-2.353641e-07,5.401584e-07,-0.00031948113,0.0014402617,-0.0005340576,-0.00076293945,0.0,0.0,0.0,0.0,0.0,-1144.2827,66.302475,-0.0078952685,-8.100423e-06,-5.221434e-09,-1454.6196,-2549.5964,19265903000.0,44304028000.0,142462380.0,187565.5,0.07427138,63853683000.0,55.667404,1139.2583,3461828.0,10245.4375,0.00087451655,4939140600.0,8961961000.0,39366812.0,39659.184,0.0271197,13993517000.0,21.350708,2628552700.0,2670466300.0,2602717.0,2618989600.0,2673924400.0,90.66696,0.017998602,0.0,-0.93763727,0.1330198,0.49573976,0.07963681,0.021049269,-8.209428e-07,0.045570232,13.3674555,-0.92887956,-0.9255178,1.7876268e-08,0.00624815,0.00018926222,16.77298,16.771805,43.252537,-0.93763727,1.0829458,3113.6128,0.0,16781.527,6489.789,-20927.18,46811.22,43444.676,-272843.5,-296623.94,71578.81,54337.71,54440.098,1132866.0,1126486.0,157982.0,106627.25,103145.56,-995876.7,-1003286.06,16883.918,0.0,0.0,0.0,-0.12845248,1797.7122,10.6415205,46.005157,520.8096,128.19661,199.683,-8.334166666666667e-06,0.0,47496.307433333335,4843.275474733334,1.0375002e-07,1.1170368566666667e-06,20.3681975,0.0,0.0,0.0015328951666666,0.0,0.0,263.066665,13.067839416666668,0.6812557999999999,0.0959622626666666,4.757846066666667e-05,-5.696625799999999e-06,0.0,129875.01714285716,13243.566062857144,2.5054556285714284e-07,3.5113660857142856e-06,7.849683157142857,0.0,7.048791385714285e-06,0.0,218.9900971428572,45.51935014285714,12.675659285714286,-0.001675576,8.73745852857143e-06,-1.5990557750000002e-05,233335.7525,23793.6249875,7.13547835e-06,5.065172675e-05,0.855679535,3.004307e-06,217.6872975,6.77616415,4.830459075,0.00359375775,-1.4965e-05,-1.2913733333333333e-06,327366.4366666667,33382.086306666664,1.2806739333333332e-05,0.0004926879999999,0.0560739613333333,3.298218566666667e-06,229.95768666666663,7.744915466666666,-0.1183954666666666,0.0004466956666666,1.5311356666666673e-06,-5.8225e-06,440147.72,44882.57662,6.557231850000001e-06,0.0040025435,0.0006504045,3.8177036e-06,258.09973,17.704522,-4.2118001,-0.0002442507085,1.63597725e-05
-79.50050129516917,0.7735769,1.9211254,285.41797,288.5559,101640.625,100594.375,271.45996,271.45972,271.45996,285.0039,2.1400805,3.6618338,0.46047807,0.9185295,3.532277,-5.4461546,16.195938,0.1835388,0.16743731,0.073726654,0.06871152,4185.1295615384615,0.0,0.0,0.0,0.0,0.0,0.0005066006,-4.5929846e-07,1.0973663e-06,4.196167e-05,0.0016421035,-0.0005493164,-0.0020998674,0.0,0.0,0.0,0.0,0.0,-1055.2227,83.09892,-0.0056928247,-0.000102278864,-2.555948e-09,-875.1199,-2148.2498,18904330000.0,43400030000.0,133756824.0,183792.12,0.07349324,62588404000.0,60.991333,1010.824,3311746.0,10248.609,0.0013238038,4554710000.0,7850571000.0,35993068.0,35140.023,0.024868384,12493433000.0,21.323486,2628845300.0,2670887700.0,2602952.0,2619251200.0,2674215400.0,66.82506,0.018000852,0.0,-1.000001,0.1330198,0.49575293,0.075048685,0.031465054,-4.964985e-07,0.041051436,13.577465,-1.000001,-1.000001,4.111542e-07,0.00624685,0.00014040747,16.84233,16.84233,44.016853,-1.000001,-1.000001,3114.288,0.0,0.0,0.0,-3910.8657,3.5999988e-12,0.0,-241320.62,-244536.19,58576.004,0.0,0.0,1114268.0,1112663.0,0.0,0.0,0.0,-981448.3,-982470.4,0.0,0.0,0.0,0.0,-0.25191683,1669.7327,21.917496,83.07127,435.88794,119.45241,165.53546,-1.3448333333333331e-05,0.0,47516.987166666666,4845.384220616667,1.0595997983333333e-07,1.3933265316666665e-06,23.33531928333333,0.0,0.0,0.0015721003333333,0.0,0.0,262.851535,12.6527106,-0.0640458833333333,0.1120887434999999,5.1684684383333325e-05,-2.641464528571429e-06,0.0,129860.36714285715,13242.07218,2.484583357142857e-07,3.4892354142857143e-06,8.015818271428572,0.0,7.104665857142857e-06,0.0,218.91964142857145,44.985390571428574,12.4755793,-0.0040244747142857,5.701339e-06,-1.76225835e-05,233296.7175,23789.644525,7.137577175e-06,5.1390998e-05,0.845121315,3.006937475e-06,217.8153775,6.52023245,4.19036575,0.0032209475,-1.3205e-05,6.940114666666658e-07,327365.19,33381.95918333333,1.2848461666666664e-05,0.0004899706666666,0.0537269806666666,3.2980424000000005e-06,229.7010833333333,6.914434833333334,0.0996519533333333,0.0003426079999999,2.2308539e-06,3.50102255e-06,440208.31,44888.75508,6.5316402e-06,0.0039490655,0.000647184,3.8169845e-06,257.716955,16.7532325,-4.35186815,9.74225e-05,1.4822834e-05
-79.44428289121609,1.1547613,1.0862579,285.7793,288.46143,101704.5,100657.31,271.45947,271.45947,271.45996,284.09277,2.307743,2.9709206,0.537508,0.58860445,2.7909908,-5.4454603,14.241659,0.18350655,0.16741109,0.07374829,0.06872785,4410.563126923077,0.0,0.0,0.0049973466,0.0049973466,0.0,0.0005066586,1.8733454e-07,-5.6437074e-08,0.00012397766,0.0019718613,-0.00068664574,-0.0014988391,0.0,0.0,0.0,0.0,0.0,-852.9529,83.28653,-0.004072711,-0.00014088704,6.359752e-09,-334.89893,-1460.2744,18402546000.0,42063557000.0,123835510.0,178315.12,0.070842564,60751778000.0,64.63495,815.3103,3123834.0,10254.957,0.001218796,4092659700.0,6600478700.0,31543222.0,29982.164,0.023575746,10775964000.0,19.03572,2630115000.0,2672958200.0,2604176.0,2620529400.0,2676090400.0,51.210724,0.01799981,0.0,-1.000001,0.1330198,0.4957776,0.061228883,0.034370106,-2.4115712e-07,0.030339189,14.6416645,-1.000001,-1.000001,1.1024686e-06,0.0062511265,0.00012213405,17.15065,17.149078,44.494213,-1.000001,-1.000001,3115.538,0.0,0.0,0.0,-634.05396,3.5999988e-12,0.0,-231370.38,-236954.25,49965.82,0.0,0.0,1105804.0,1105603.0,0.0,0.0,0.0,-974238.94,-975879.3,0.0,0.0,0.0,0.0,-0.36809063,1440.0615,34.936554,97.54207,331.38452,104.85611,118.07457,-1.4252741716666668e-05,0.0,47564.9742,4850.277536250001,1.0840276866666666e-07,1.5013286766666666e-06,25.25547333333333,0.0,0.0,0.0016275078333333,0.0,0.0,262.68549,12.121219433333332,-0.7847327783333333,0.1010427239999999,4.4028972333333335e-05,-1.2896484285714284e-06,0.0,129858.34785714289,13241.866271428573,2.457988857142857e-07,3.595991271428572e-06,7.960872328571428,0.0,7.1350221e-06,0.0,218.9008257142857,44.49688942857143,12.17789852857143,0.0049575514285714,9.575214571428571e-06,-1.35474425e-05,233339.1075,23793.967105,7.128554749999999e-06,5.13565645e-05,0.848728675,3.00834655e-06,217.77734,5.70243715,4.209767299999999,-0.0045567282499999,-1.2265e-05,8.043163333333331e-07,327438.46,33389.43064333333,1.2870771166666666e-05,0.0004904093333333,0.0532542183333333,3.298821533333333e-06,229.6719533333333,6.9558968000000005,-0.0252384466666666,0.0001906786666666,3.1288206e-06,6.1729765e-06,440368.28,44905.06748,6.48892515e-06,0.0039182945,0.000644116,3.81564405e-06,257.692245,15.79935625,-5.04977465,0.0004323629999999,1.25743355e-05
-79.44129054064932,0.7198784,0.5627944,285.85767,288.24048,101728.81,100680.69,271.45947,271.45972,271.45996,283.3474,2.06326,2.3820658,0.38153863,0.37895018,2.155593,-5.444893,11.180114,0.18347305,0.16738051,0.07376689,0.06874728,4635.996692307693,0.0,0.0,0.0,0.0,0.0,0.00034797494,2.6171683e-08,-3.0629412e-08,0.0003271103,0.0011266924,0.00033569336,-0.00090374635,0.0,0.0,0.0,0.0,0.0,-1127.5139,45.686203,-0.0023321225,-0.00010989289,9.232998e-09,302.7566,-1148.3108,18187688000.0,41547866000.0,119641016.0,176216.06,0.06925309,60024693000.0,66.71045,1146.3755,3032096.0,10257.379,0.00073792995,3641855500.0,5481442000.0,27758868.0,25226.922,0.023059793,9197263000.0,18.149796,2630228500.0,2673711600.0,2604213.0,2620620000.0,2676738800.0,42.170578,0.017999373,0.0,-1.000001,0.1330198,0.49580425,0.041430358,0.027318776,2.1231443e-07,0.020606231,16.09444,-1.000001,-1.000001,2.1457472e-06,0.0062147416,9.161647e-05,17.404892,17.404877,44.61566,-1.000001,-1.000001,3115.9133,0.0,0.0,0.0,1140.0723,3.5999988e-12,0.0,-222934.25,-230009.44,38624.31,0.0,0.0,1099973.0,1098126.0,0.0,0.0,0.0,-969951.06,-971988.7,0.0,0.0,0.0,0.0,-0.23107165,1292.9717,31.557724,91.0197,208.43272,77.00299,77.77263,-1.626007e-05,0.0,47583.52745,4852.169441216666,1.07794799e-07,1.5407946983333337e-06,25.715456333333336,0.0,0.0,0.0016542006666666,0.0,0.0,262.56367500000005,11.937158366666669,-1.44535065,0.1270602753333333,3.5273651666666666e-05,-1.1811232428571427e-06,0.0,129827.41928571428,13238.712434285717,2.4521031e-07,3.608191457142857e-06,7.689885728571428,0.0,6.9979175714285706e-06,0.0,218.90309714285715,44.46430985714286,11.616848285714283,0.0068022207142857,6.8287709571428565e-06,-1.05875e-05,233314.72,23791.4802725,7.074748150000001e-06,5.1817514e-05,0.8895468824999999,3.0099811e-06,217.566545,5.555918225,4.40942155,-0.00463405,-1.0465664125e-05,2.6479731666666668e-06,327353.98,33380.81608,1.2857700666666663e-05,0.000493381,0.055336132,3.3004262333333337e-06,229.68645,6.800346233333333,0.6780598233333336,8.31113333333333e-05,4.1640347466666665e-06,6.0603165e-06,440403.62,44908.671155,6.44302175e-06,0.0039369415,0.000650264,3.81570135e-06,257.841445,15.472967,-6.117454199999999,0.0004150865,1.1687604e-05
-79.41632031706293,0.6460176,0.6042654,285.4016,287.20972,101758.75,100709.125,271.45996,271.45996,271.45996,282.7766,1.3564386,1.9589386,0.2815618,0.31242722,2.3546648,-5.4439344,7.4058695,0.18343472,0.16735429,0.07378852,0.06876367,4861.430257692307,0.0,0.0,0.0,0.0,0.0,0.0002563903,-1.371144e-07,-1.4423205e-07,-0.000333786,0.0007969346,-0.00018310548,-0.00036621117,0.0,0.0,0.0,0.0,0.0,-1383.3213,26.240646,-0.0039085075,-0.00010060072,4.3520707e-09,-35.692856,-1600.3142,18144238000.0,41379110000.0,119864910.0,175644.88,0.06764674,59801395000.0,63.015884,1407.5295,3023041.0,10260.293,0.0006634183,3305372700.0,4698750500.0,25312672.0,21841.89,0.023038208,8075361000.0,19.081406,2630615800.0,2674533000.0,2604566.0,2620986400.0,2677533000.0,37.045166,0.018000785,0.0,-1.000001,0.1330198,0.4958669,0.0442183,0.019019052,6.398174e-07,0.014206573,17.367432,-1.000001,-1.000001,4.2801785e-06,0.006190058,2.4427369e-05,17.580688,17.579117,44.337475,-1.000001,-1.000001,3115.8882,0.0,0.0,0.0,6849.867,3.5999988e-12,0.0,-218478.69,-224508.31,33652.656,0.0,0.0,1095407.0,1092500.0,0.0,0.0,0.0,-967692.25,-970047.06,0.0,0.0,0.0,0.0,-0.079273224,1245.1382,11.722427,76.91406,82.3716,36.245926,54.538147,-1.868966455e-05,0.0,47608.98058333333,4854.764938666666,1.0584929583333336e-07,1.5455750066666666e-06,25.19019366666667,0.0,0.0,0.0016441205,0.0,0.0,262.5163166666667,11.935540283333332,-2.0110254333333333,0.1592419018333333,2.928770386666667e-05,-2.179554402857143e-06,0.0,129818.115,13237.763661428571,2.4387217e-07,3.5431648857142853e-06,7.443189857142856,0.0,6.892101828571429e-06,0.0,218.89923,44.504298285714285,11.14902957142857,0.0060562474285714,3.834805757142857e-06,-5.275107650000001e-06,233305.425,23790.5324425,7.0569899e-06,5.232339075e-05,0.929816515,3.0122605e-06,217.4749575,5.424883625,4.8617747,-0.004704676,-7.442432825e-06,-1.157441333333334e-06,327273.88,33372.648153333335,1.2842045666666666e-05,0.0004942033333333,0.0559782496666666,3.3019292666666668e-06,229.8348733333333,6.582994466666666,1.3418096000000002,0.001102321,2.959503566666667e-06,-7.0032217500000005e-06,440375.94,44905.848585,6.396998299999999e-06,0.003976649,0.000615378,3.81722385e-06,257.89447,14.0165525,-7.16573075,0.000215087,1.44354125e-05
-79.41905281298725,0.50024563,0.40425277,283.70972,284.24927,101778.44,100727.25,271.4602,271.45996,271.45996,282.25806,0.8105148,1.658061,0.20324832,0.21472454,2.3992577,-5.4424725,5.8219767,0.18339813,0.16732371,0.07381016,0.068783104,5086.863823076923,0.0,0.0,0.0,0.0,0.0,0.00014650049,9.755104e-08,-2.5353143e-07,-0.0006074908,0.00010681152,-0.00091552734,-0.00074768066,0.0,0.0,0.0,0.0,0.0,-867.5027,21.399445,-7.6558805e-05,-9.268016e-05,3.8978456e-09,976.6909,-27.1501,18307330000.0,41650450000.0,122484210.0,176966.0,0.06764662,60228604000.0,59.760406,894.03125,3066518.0,10262.051,0.00035893102,3007429000.0,4090471700.0,22784952.0,19170.273,0.022256792,7174465500.0,21.293411,2630368500.0,2674658600.0,2604290.0,2620753000.0,2677707800.0,32.884415,0.017999113,0.0,-1.000001,0.1330198,0.49594826,0.04477041,0.015009843,6.853177e-07,0.010783892,18.030012,-1.000001,-1.000001,6.9690923e-06,0.006179549,0.0,17.730469,17.730453,43.830925,-1.000001,-1.000001,3115.0884,0.0,0.0,0.0,8443.598,3.5999988e-12,0.0,-212327.88,-220366.81,25584.754,0.0,0.0,1091232.0,1089231.0,0.0,0.0,0.0,-965759.4,-968202.9,0.0,0.0,0.0,0.0,0.05641298,1239.3462,-9.448464,60.8992,67.280624,9.889527,32.288513,-1.8720198e-05,0.0,47619.44346666667,4855.8318555,1.0425982e-07,1.5333420366666666e-06,25.491139500000003,0.0,0.0,0.001625288,0.0,0.0,262.4467266666667,12.091738866666669,-2.373692333333333,0.109256815,2.6233060250000004e-05,-3.597254571428571e-06,0.0,129794.67928571429,13235.373882857142,2.427560271428572e-07,3.581604528571429e-06,7.343335842857143,0.0,6.809320285714286e-06,0.0,218.89199142857143,44.631777,10.648550857142856,-0.0030736165714285,7.039263359999999e-07,6.8701055000000006e-06,233238.1075,23783.66797,7.05177295e-06,5.273299425e-05,0.9731387,3.014434675e-06,217.3406675,5.1228575,5.2007785250000005,-0.0040844654999999,-5.16029825e-06,5.551596666666663e-07,327226.9266666667,33367.860243333336,1.28474055e-05,0.0004934366666666,0.0548057003333333,3.3031923e-06,229.9502733333333,7.308120333333334,1.59751026,-0.000732358,2.730961566666668e-06,3.192876000000001e-06,440211.82,44889.113,6.4087802500000005e-06,0.0039712185,0.0006526475,3.8146394e-06,256.76013,13.472539,-7.33859395,-0.00089288,1.7156101e-05
-79.39421865037379,0.43533033,0.16326559,283.563,284.2588,101787.44,100734.56,271.45972,271.45972,271.45996,281.88623,0.661472,1.3227301,0.17068732,0.106282234,2.344883,-5.440998,5.1779394,0.18335372,0.16730666,0.07382876,0.068796456,5312.2973884615385,0.0,0.0,0.0,0.0,0.0,7.934327e-05,1.2997259e-07,-4.064217e-07,0.0008239746,0.0002593994,-0.00064086914,0.00030517578,0.0,0.0,0.0,0.0,0.0,-1312.5632,18.68393,-0.0038352874,-6.347838e-05,-4.671521e-10,123.910706,-1368.9436,18451260000.0,41962897000.0,124146880.0,178395.75,0.06838542,60690770000.0,60.61267,1336.749,3091770.0,10262.727,0.00025344454,2727211800.0,3565612500.0,19847104.0,16818.523,0.021903034,6373516300.0,23.386246,2629498000.0,2673926400.0,2603419.0,2619890700.0,2677022700.0,29.219513,0.017999385,0.0,-1.000001,0.1330198,0.49603826,0.043771535,0.013852332,7.724757e-07,0.0065997653,17.92527,-1.000001,-1.000001,9.896456e-06,0.0061758794,0.0,17.787842,17.787827,43.63747,-1.000001,-1.000001,3143.8958,0.0,0.0,0.0,8934.207,3.5999988e-12,0.0,-208799.94,-217306.88,22182.79,0.0,0.0,1086809.0,1084693.0,0.0,0.0,0.0,-962671.94,-965266.1,0.0,0.0,0.0,0.0,0.2209351,1156.9333,-26.040192,54.49884,87.000626,3.4785643,27.512909,-1.8705296316666667e-05,0.0,47617.19273333333,4855.602344616666,1.043134056666667e-07,1.465304675e-06,27.23184183333333,0.0,0.0,0.0016212036666666,0.0,0.0,262.2891783333333,12.182257066666669,-2.587634233333333,0.1091197521666666,2.59958632e-05,-6.112293242857144e-06,0.0,129747.59,13230.572111428572,2.4042064428571426e-07,3.546438085714286e-06,7.526524114285714,0.0,6.886633514285715e-06,0.0,218.7978857142857,44.79219928571428,9.979671342857143,0.0079938814285714,-9.55831428571402e-09,1.36128835e-05,233131.3775,23772.7845375,7.0577364e-06,5.2819531e-05,0.9973018625,3.0166773e-06,217.3212575,5.07917805,5.508498075,0.001515121,-6.1391535e-06,2.1359833333333333e-06,327081.8566666667,33353.06722333333,1.2848784333333332e-05,0.0004888153333333,0.0594630386666666,3.3029813e-06,229.6102033333333,8.150135,0.8881544233333334,-0.0004679493333333,1.677004333333334e-06,4.440248999999999e-06,439658.41,44832.680885,6.463195e-06,0.0038920135,0.000777508,3.8089734e-06,255.459785,13.431127,-7.0406805,-0.0001720305,1.42079705e-05
-79.3090645208085,0.40036362,-0.09461063,282.9585,283.1162,101799.5,100745.25,271.45972,271.45996,271.45996,281.54712,0.5920728,0.8253797,0.15075439,-0.003174779,2.3461342,-5.4391317,4.6456165,0.18332154,0.1672669,0.07385343,0.06881893,5537.730953846154,0.0,0.0,0.0,0.0,0.0,3.6610596e-05,6.953667e-08,4.7282356e-07,0.00011730194,-0.00048828125,0.00019836426,0.00047302246,0.0,0.0,0.0,0.0,0.0,-1643.1624,10.660675,-0.0018397158,-4.4260145e-05,2.7700628e-09,919.9802,-825.1824,18518278000.0,42133660000.0,123680744.0,179149.75,0.06892538,60933722000.0,62.770264,1673.6953,3088320.0,10263.863,0.00053979293,2492952800.0,3102268700.0,17587420.0,14759.535,0.021482993,5672395000.0,23.134323,2629283300.0,2673450500.0,2603230.0,2619661300.0,2676544800.0,25.86827,0.017999686,0.0,-1.000001,0.1330198,0.49614066,0.042697735,0.012688465,8.676002e-07,0.002179483,17.184856,-1.000001,-1.000001,1.3121466e-05,0.00617335,0.0,17.68718,17.687164,43.684372,-1.000001,-1.000001,3216.4536,0.0,0.0,0.0,9754.941,3.5999988e-12,0.0,-207272.69,-215749.12,21350.516,0.0,0.0,1081993.0,1079887.0,0.0,0.0,0.0,-959603.44,-962177.6,0.0,0.0,0.0,0.0,0.19701725,1185.6399,-27.052689,54.3051,86.901535,-5.392375,23.320816,-1.43693614e-05,0.0,47625.77506666666,4856.4774990666665,1.049271255e-07,1.3718891466666666e-06,28.973811833333333,0.0,0.0,0.0016248458333333,0.0,0.0,262.153335,12.079288633333334,-2.801554466666667,0.1489442416666666,2.2967556766666668e-05,-8.112736571428572e-06,0.0,129725.43714285716,13228.313148571428,2.383534342857143e-07,3.456933371428571e-06,7.713511242857143,0.0,7.006305114285714e-06,0.0,218.70619,44.71221085714286,9.396622757142856,0.0182551682857142,-2.325687142857143e-06,1.3409142385e-05,233079.8575,23767.53096,7.085782e-06,5.26415465e-05,1.00909947,3.018888275e-06,217.4019025,5.0427709,5.9985313,0.0030094074999999,-7.580112425e-06,-4.6184510333333325e-06,327017.58666666667,33346.51350666667,1.2820397333333332e-05,0.0004863096666666,0.063057058,3.3038141e-06,229.55059666666668,8.8103749,0.0377867,-0.0002269794406666,1.4128436666666669e-06,-7.704975000000003e-07,439350.72,44801.305235,6.4405183e-06,0.0038751445,0.0007909645,3.8073882e-06,255.31102,13.314772,-7.7119446,3.4105499999999994e-05,1.3772729499999998e-05
-79.30031717692735,0.28705359,-0.39683294,282.636,282.86377,101828.125,100772.81,271.45972,271.45972,271.45996,281.20874,0.30393493,0.19820088,0.11400217,-0.14266777,2.265296,-5.4371824,3.9807882,0.1832819,0.16723764,0.07387173,0.06882614,5763.16451923077,0.0,0.0,0.0,0.0,0.0,6.1220735e-06,1.238754e-07,-2.9502007e-07,0.00034236908,0.00035095215,3.0517578e-05,-0.00041198754,0.0,0.0,0.0,0.0,0.0,-1922.2441,-12.2659445,-0.0024759541,-4.756145e-05,3.895156e-09,1052.2678,-999.3501,18534494000.0,41982697000.0,124269060.0,178720.06,0.068119526,60793987000.0,60.663284,1977.3508,3094581.0,10266.559,-3.714279e-05,2312054300.0,2703104800.0,16464637.0,13059.742,0.020371795,5081471000.0,20.372147,2629984500.0,2673890300.0,2603941.0,2620357600.0,2677002800.0,23.450668,0.017999232,0.0,-1.000001,0.1330198,0.49624765,0.03840946,0.010346051,8.7815596e-07,-0.0034996038,16.537872,-1.000001,-1.000001,1.6435544e-05,0.006164957,0.0,17.582077,17.582077,43.345047,-1.000001,-1.000001,3349.3613,0.0,0.0,0.0,11461.488,3.5999988e-12,0.0,-206419.06,-214622.75,21253.453,0.0,0.0,1077106.0,1075071.0,0.0,0.0,0.0,-958197.9,-960695.56,0.0,0.0,0.0,0.0,0.06490946,1215.7646,-20.273941,52.055893,107.88153,-35.8264,-4.9916096,-1.1199182221666664e-05,0.0,47655.47351666667,4859.505898,1.0553822916666669e-07,1.2272052433333334e-06,29.664794666666666,0.0,0.0,0.001624851,0.0,0.0,262.12482666666665,11.78347565,-2.9774735766666667,0.20476274,1.956507903333333e-05,-1.106252268857143e-05,0.0,129744.98071428572,13230.30604,2.374295614285714e-07,3.280724e-06,7.736050414285714,0.0,6.9358787857142855e-06,0.0,218.65691,44.70046785714286,9.205881214285714,0.0121286831428571,-8.356597642857143e-06,8.915402e-06,233081.655,23767.714255,7.09652415e-06,5.24982675e-05,0.994397145,3.0202025e-06,217.4759,4.8628884,6.2374078,0.002695181,-8.5425e-06,-3.6707199e-06,327014.56666666665,33346.20555,1.2798687e-05,0.000485899,0.0644284656666666,3.303667333333333e-06,229.4647733333333,8.658562433333332,0.2123642000000001,-0.0001820943333333,3.481403033333333e-06,-1.1796617e-06,439151.81,44781.02206,6.446681e-06,0.003920098,0.0008256595,3.80589975e-06,255.268,11.9595315,-9.3089638,0.000280102,1.39230576e-05
-79.28103232808861,0.34739953,-0.54379034,282.71655,282.91943,101798.56,100742.625,271.45996,271.45996,271.45996,280.91895,0.09616774,-0.2612418,0.14521551,-0.20257431,1.9603014,-5.4354677,3.5299082,0.18324971,0.16720974,0.07389033,0.06884557,5988.598084615385,0.0,0.0,0.0,0.0,0.0,0.0,-2.9001402e-08,2.3927072e-07,-0.00019836426,6.1035156e-05,0.00016784668,0.00079345703,0.0,0.0,0.0,0.0,0.0,-1739.4397,-14.736085,-0.00080044987,-4.207749e-05,3.934211e-09,1467.6143,-410.32935,18758179000.0,42373420000.0,129089010.0,180546.38,0.068975985,61413687000.0,60.347885,1795.8259,3167070.0,10263.555,-0.0002877717,2208548000.0,2588627500.0,16369759.0,12505.762,0.019180544,4858970000.0,18.69255,2628787500.0,2672428000.0,2602767.0,2619168300.0,2675588400.0,19.485489,0.017999142,0.0,-1.000001,0.1330198,0.49634486,0.03400877,0.011104312,7.5300744e-07,-0.005671758,16.493622,-1.000001,-1.000001,1.9683881e-05,0.0061500445,0.0,17.474731,17.474716,41.62127,-1.000001,-1.000001,3112.5632,0.0,0.0,0.0,9274.059,3.5999988e-12,0.0,-204684.5,-214212.81,16796.742,0.0,0.0,1060130.0,1057752.0,0.0,0.0,0.0,-948720.9,-951750.0,0.0,0.0,0.0,0.0,0.087427795,1102.3779,-7.5021963,40.977432,181.85281,-77.3609,-24.276764,-8.769730666666668e-06,0.0,47635.27536666667,4857.44626005,1.06107914e-07,1.1303359566666668e-06,29.316604166666668,0.0,0.0,0.001613581,0.0,0.0,262.11023500000005,11.549197508333334,-3.02492564,0.1879963836666666,1.8702922266666667e-05,-9.735138214285715e-06,0.0,129696.69642857143,13225.38241142857,2.356023814285714e-07,3.2330415e-06,7.945361757142857,0.0,6.922657457142857e-06,0.0,218.48106142857145,45.25107071428572,9.220715514285716,-0.011203814,-6.706494e-06,5.066074499999999e-06,233014.1075,23760.8263275,7.067955325e-06,5.222300425e-05,0.961589415,3.01981435e-06,217.3815025,5.2998314,6.3141771,0.0002642639999999,-9.615e-06,-2.1565166666666667e-06,326885.10000000003,33333.003626666665,1.2782266666666666e-05,0.0004915516666666,0.06620358,3.3037404e-06,229.49652333333333,8.878375333333333,0.0578762999999999,0.0007316603333333,4.037603633333334e-06,-1.4745424999999988e-06,438952.54,44760.702175,6.450247e-06,0.0040303455,0.0008816685,3.80813115e-06,255.1233,11.715364,-9.145946,-0.000176435675,1.6341253500000002e-05
-79.33285184764982,0.22442186,-0.5470123,281.58643,281.64282,101808.875,100752.375,271.45972,271.45972,271.45996,280.60864,-0.33288234,-0.3946299,0.116277695,-0.1896559,1.917902,-5.433695,3.3286266,0.18320698,0.1671822,0.073911965,0.06885892,6214.03165,0.0,0.0,0.0,0.0,0.0,0.0,1.0145874e-07,-3.0505487e-07,0.00032043457,-0.00038146973,0.00018310547,-0.00012207031,0.0,0.0,0.0,0.0,0.0,-1498.4258,-6.2770176,-0.0026315383,-8.145608e-05,2.2580124e-09,742.4673,-916.166,18869117000.0,42497010000.0,132929830.0,181279.25,0.068615854,61649396000.0,58.78131,1561.6011,3213808.0,10264.488,0.000660785,2117935900.0,2689063200.0,15944483.0,12712.27,0.017951317,4869587000.0,19.101822,2628565200.0,2672082400.0,2602560.0,2618955800.0,2675287000.0,17.654419,0.018000498,0.0,-1.000001,0.1330198,0.4964385,0.029814236,0.009798817,7.1085617e-07,-0.0058229044,16.208271,-1.000001,-1.000001,2.2902284e-05,0.0061455555,0.0,17.422974,17.422897,41.558945,-1.000001,-1.000001,3141.0708,0.0,0.0,0.0,9823.6875,3.5999988e-12,0.0,-204959.38,-207726.0,18606.496,0.0,0.0,1054834.0,1054123.0,0.0,0.0,0.0,-949155.44,-950030.56,0.0,0.0,0.0,0.0,0.06292623,1189.6462,-25.553726,39.664764,212.07382,-99.52467,-33.76956,-8.067230933333333e-06,0.0,47640.107950000005,4857.939046516666,1.0713768033333333e-07,1.11904389e-06,28.52914716666667,0.0,0.0,0.0015967693333333,0.0,0.0,262.07659333333334,11.161930986666666,-2.8543727166666666,0.1432255851666666,1.73268545e-05,-6.281323428571429e-06,0.0,129661.18785714284,13221.761545714286,2.3458324857142857e-07,3.2497895285714287e-06,8.12305067142857,0.0,6.995755142857142e-06,0.0,218.31018428571429,45.805795,8.822482314285713,0.0049569191428571,-4.501566571428571e-06,2.54679675e-06,232981.47,23757.498225000003,7.050449650000001e-06,5.236725725e-05,0.9438184425,3.019853375e-06,217.32576,5.706860750000001,6.109810625,-0.00048268175,-9.6385133e-06,-9.220961733333331e-06,326895.52,33334.06617,1.2778009666666668e-05,0.0005026043333333,0.0620410086666666,3.3047239e-06,229.84282,9.206509333333337,0.0662998166666666,0.0008655136666666,6.716569e-06,2.1233040000000006e-06,438797.53,44744.895555,6.4455335e-06,0.0040951715,0.0009267295,3.8132807e-06,254.77331,10.175598,-9.38835165,0.000221018468,1.7328192e-05
-79.2965157150075,0.0042759515,-0.3620324,281.71313,281.75513,101847.5,100789.19,271.45972,271.45972,271.45996,280.30713,-0.7972255,-0.17265731,0.024461903,-0.111332774,1.8284817,-5.432001,3.1405525,0.18317616,0.16715294,0.07393664,0.06888139,6439.4652153846155,0.0,0.0,0.0,0.0,0.0,0.0,-8.24225e-08,-4.9521566e-07,-1.5258789e-05,9.8228455e-05,3.0517578e-05,0.0007171631,0.0,0.0,0.0,0.0,0.0,-1554.5146,-12.358204,-0.0044988804,-9.9015626e-05,1.885687e-09,162.2996,-1600.501,18947344000.0,42508304000.0,136175820.0,181533.44,0.06800586,61728006000.0,55.828644,1623.0564,3246624.0,10268.305,0.0012996942,2140598300.0,3127345700.0,16000438.0,14292.926,0.017111458,5337808000.0,20.765244,2628964600.0,2672546000.0,2602960.0,2619336200.0,2675782100.0,18.515808,0.018000487,0.0,-1.000001,0.1330198,0.4965322,0.027550444,0.006450545,7.9134804e-07,-0.0035549097,16.022198,-1.000001,-1.000001,2.5894362e-05,0.0061377212,0.0,17.450455,17.450409,41.57855,-1.000001,-1.000001,3140.3708,0.0,0.0,0.0,8498.207,3.5999988e-12,0.0,-205208.88,-208107.31,15731.605,0.0,0.0,1050547.0,1049837.0,0.0,0.0,0.0,-949105.4,-950028.44,0.0,0.0,0.0,0.0,-0.033297103,1197.7593,-69.5686,32.199905,235.74948,-100.91722,-30.514252,-8.44771905e-06,0.0,47658.17385,4859.781255566667,1.08014746e-07,1.0484313383333333e-06,28.082512166666664,0.0,0.0,0.0015825976666666,0.0,0.0,262.0359383333333,10.909141488333333,-2.458377666666667,0.1336263084999999,1.313734225e-05,-8.959897142857144e-06,0.0,129653.80357142857,13221.008558571428,2.3313319857142857e-07,3.1363253285714287e-06,8.159902357142856,0.0,7.0976284e-06,0.0,218.27447285714285,46.240718,8.316742285714286,0.0310707451428571,-7.753241714285714e-06,-6.095575249999996e-07,232969.4375,23756.2712525,7.037084425e-06,5.2905336e-05,0.93354188,3.02007925e-06,217.287935,6.0196944,5.4106144,0.0011457857499999,-8.4504946e-06,-6.418242666666667e-06,326923.8733333333,33336.95740666666,1.2794314e-05,0.000508838,0.0582838293333333,3.3032250333333338e-06,229.62485,9.648270466666666,0.3581956000000001,0.0004745693333333,1.1994568133333334e-05,-3.6833995e-06,438705.775,44735.53915,6.4177939e-06,0.0040999604999999,0.00088652,3.8214912e-06,254.657715,9.014218,-7.769716750000001,0.0002097394999999,1.97397825e-05
-79.32231759389735,0.5185743,0.018517286,284.19556,284.48584,101905.44,100844.375,271.45996,271.45996,271.45996,279.98828,-0.039082516,0.27309805,0.1631977,-0.0046832487,1.397666,-5.428876,3.2926369,0.18313348,0.16713452,0.07395524,0.06890082,6664.89878076923,0.0,0.0,0.0,0.0,0.0,0.0,2.2264356e-07,6.399627e-07,-0.00044250512,-0.00060653687,-1.5258789e-05,-0.00036621117,0.0,0.0,0.0,0.0,0.0,-1241.6509,3.4391327,-0.0034199515,-7.6612894e-05,2.3931988e-09,134.80247,-1237.3411,18970771000.0,43002460000.0,133452610.0,183125.25,0.06764209,62256570000.0,59.95819,1292.0571,3213547.0,10273.8125,0.0016074148,2475701200.0,4710665700.0,17049852.0,20362.312,0.018279254,7281835500.0,31.451706,2631094300.0,2673596700.0,2605181.0,2621479200.0,2676795100.0,16.47638,0.018001158,0.0,-1.000001,0.13289493,0.49670625,0.022078123,0.0121467635,7.8356993e-07,-8.851105e-05,15.499622,-1.000001,-1.000001,3.146089e-05,0.006123133,0.0,17.010666,17.010666,41.52212,-1.000001,-1.000001,3145.473,0.0,0.0,0.0,7255.2812,3.5999988e-12,0.0,-203661.06,-206918.44,11787.543,0.0,0.0,1046923.06,1046123.56,0.0,0.0,0.0,-947547.0,-948576.7,0.0,0.0,0.0,0.0,-0.037121493,1137.416,-98.35211,21.44484,200.61356,-56.3434,-11.832351,-1.43628775e-05,0.0,47708.77850000001,4864.94149395,1.08550874e-07,1.10611533e-06,26.207544666666667,0.0,0.0,0.0015237035,0.0,0.0,262.05813166666667,11.550624978333332,-1.6458020400000002,0.1358654811666666,4.8548791666666665e-06,-1.0618e-05,0.0,129741.50928571427,13229.952051428572,2.2647720571428573e-07,2.946377157142857e-06,8.231895571428572,0.0,7.0747684e-06,0.0,218.24245714285715,46.36557671428572,8.343282400000001,0.0194080864285714,-1.3137052857142857e-05,-7.490149999999989e-07,233062.2475,23765.7352425,7.01608905e-06,5.2774663e-05,0.9314451575,3.020116725e-06,217.160545,6.21997595,5.0750656,0.00166606625,-7.052500000000001e-06,5.222928333333335e-07,327077.25333333336,33352.597813333334,1.2760993833333332e-05,0.000503385,0.0575909453333333,3.3012108e-06,229.09637666666663,9.491923,-0.9299978,-0.000683201,1.1473343333333331e-05,-6.51e-06,438760.56,44741.125665,6.51142375e-06,0.0042006545,0.000895571,3.82612235e-06,254.58571,8.048569350000001,-6.819764,0.0001622265,2.30417135e-05
-79.30619483204687,0.24107474,0.104081094,284.01172,284.18408,101965.31,100902.69,271.45996,271.45972,271.45996,281.5874,-0.41344303,0.51882875,0.09887135,0.06305188,1.152916,-5.4274454,0.4889477,0.18309516,0.16710836,0.073985994,0.068926334,6890.332346153846,0.0,0.0,0.0,0.0,0.0,0.0,3.4737567e-08,4.5340903e-07,-0.000289917,0.000102996826,-0.00077819824,0.000579834,0.0,0.0,0.0,0.0,0.0,-1209.4922,5.1150684,-0.0060550235,-2.7818242e-05,2.3652535e-09,-751.8672,-1878.2952,18936154000.0,43023057000.0,132967350.0,183225.44,0.06594968,62238683000.0,59.983307,1224.2668,3199334.0,10279.832,0.001274813,2853721000.0,6132075000.0,18581136.0,26007.855,0.019466858,9088867000.0,34.42621,2632165600.0,2674565400.0,2606225.0,2622548700.0,2677748000.0,16.729538,0.017999455,0.0,-1.000001,0.13289493,0.4967841,0.018812306,0.010312524,-6.706811e-07,0.0013908378,14.331095,-1.000001,-1.000001,3.380899e-05,0.0061166473,0.0,16.975403,16.975403,41.379955,-1.000001,-1.000001,3211.6284,0.0,12402.715,5403.0547,5063.508,38360.688,35903.203,-204945.44,-205736.19,8269.953,44670.836,44645.22,1043740.5,1043529.75,133731.06,89469.81,86961.19,-945732.94,-945980.94,12402.715,0.0,0.0,0.0,0.058566943,1082.8015,-77.939285,18.132416,130.1557,0.63116735,3.0500002,-1.5530750166666665e-05,0.0,47754.98848333333,4869.653600566667,1.083307846666667e-07,1.1113166183333333e-06,26.992035666666663,0.0,0.0,0.0015258241666666,0.0,0.0,262.1103616666667,11.792915540666668,-0.5980594105,0.0897178953333333,1.3497477333333333e-05,-1.0311682157142856e-05,0.0,129742.465,13230.049505714283,2.1816115e-07,2.886679271428572e-06,8.564221185714285,0.0,7.3470880714285715e-06,0.0,218.0398957142857,46.59193657142857,8.133993042857144,0.0355175921428571,-1.6749062e-05,-4.111126999999998e-06,233046.8725,23764.167425,7.0372207e-06,5.3797376e-05,0.9138858,3.021445975e-06,217.3163225,5.343094349999999,4.8202015750000005,0.00395970525,-5.1474708625e-06,1.067866666666667e-07,327146.3566666667,33359.64439,1.2737247333333334e-05,0.0005007603333333,0.05977388,3.2996112666666667e-06,228.7284,9.530348766666668,-0.9616985333333332,-0.0005722599999999,1.1367774333333335e-05,1.5889137e-06,438795.94,44744.73342,6.50259155e-06,0.004225951,0.0008826139999999,3.8287294e-06,254.408535,8.1740695,-5.12777365,-0.0001777395,2.3870081e-05
-79.24817823396963,-0.30340993,-0.030788872,284.5569,284.761,101998.375,100934.31,271.45996,271.45996,271.45996,286.76123,-0.74422884,0.53372246,-0.42776948,-0.07799828,2.3417368,-5.4291754,-28.903091,0.1830616,0.1670686,0.07400763,0.068945765,7115.765911538461,0.0,0.0,0.0,0.0,0.0,0.0,-2.0106e-07,2.9517724e-07,0.00026512146,-0.00033569336,-0.00016784668,-0.0013732912,0.0,0.0,0.0,0.0,0.0,-1121.4102,15.302859,-0.008055538,-3.0834315e-05,-2.4897795e-09,-1505.4404,-2676.795,18957820000.0,43147850000.0,132931580.0,183805.94,0.06526798,62378960000.0,56.855194,1097.3887,3211204.0,10283.023,0.0006619857,3113766000.0,7016080400.0,19730428.0,29579.625,0.020467386,10234570000.0,34.771255,2632856300.0,2674903800.0,2606950.0,2623231700.0,2678105900.0,53.150208,0.018000662,0.0,-1.000001,0.13289493,0.49666995,0.036394533,-0.0047719814,-1.4306499e-05,0.0051070936,12.516433,-1.000001,-1.000001,2.988067e-05,0.006114263,0.0,16.840164,16.840164,41.227314,-1.000001,-1.000001,3379.829,0.0,267595.12,45606.113,-49429.152,404926.88,396517.56,-262467.38,-231355.69,-40976.773,469923.56,469526.88,1045265.7,1053041.0,965601.06,716003.3,707504.3,-960439.2,-950582.6,267595.12,0.0,0.0,0.0,0.16388631,1018.31445,-63.14229,22.958633,91.74028,19.085297,5.401371,-1.2816759833333331e-05,0.0,47791.769683333325,4873.404239349999,1.0815809666666666e-07,7.451052366666667e-07,28.786468666666668,0.0,0.0,0.0015681044999999,0.0,0.0,262.1305516666667,12.22105039,-0.1526397621666666,0.03449468661135,1.4206971999999998e-05,-7.411467428571429e-06,0.0,129731.30285714286,13228.911284285714,2.0997465857142857e-07,2.907101885714286e-06,8.997733614285716,0.0,7.683983571428572e-06,0.0,217.7712314285714,46.46954957142857,8.256318771428571,0.0559330098571428,-1.6656779285714285e-05,-5.8221071e-06,233051.84,23764.6739725,7.0529644e-06,5.4521893000000005e-05,0.8938115675,3.023849325e-06,217.4697975,4.792377625,5.276276825,0.0038746642499999,-2.6912743999999994e-06,5.646827633333333e-06,327158.88,33360.92141666667,1.271549e-05,0.0004927206666666,0.0618294826666666,3.2972502666666666e-06,228.32058,9.388836133333331,-1.25515248,-0.0002006026666666,1.0631799233333333e-05,1.06548913e-05,438709.75,44735.94449,6.5267692e-06,0.004233782,0.0008951755,3.8292333e-06,254.293035,7.507195,-6.5488715,0.000556022,2.3220113e-05
-79.32733769863165,-0.58648044,0.2781226,284.44678,284.75537,102014.31,100949.625,271.45996,271.45996,271.45996,290.76074,-0.6062179,0.4011522,-0.78253156,0.36879086,3.247469,-5.4361467,-70.06955,0.1830172,0.16703933,0.07402623,0.0689652,7341.199476923077,0.0,0.0,0.0,0.0,0.0,0.0,3.6860973e-07,-3.5714845e-07,-0.0008945465,0.00023937225,-0.00019836426,-0.000579834,0.0,0.0,0.0,0.0,0.0,-575.2573,23.66623,-0.0027393282,-2.9160728e-05,8.605319e-09,-264.10156,-901.6892,18993527000.0,43435890000.0,132977496.0,184910.38,0.06493068,62705943000.0,56.89038,528.3828,3231498.0,10284.672,1.16664805e-05,3452558800.0,8044523000.0,21610250.0,33681.844,0.02216779,11613026000.0,39.48761,2633411000.0,2675456800.0,2607505.0,2623752000.0,2678700500.0,201.92561,0.017999537,0.0,-1.000001,0.13289493,0.49628323,0.045417007,-0.021234188,-3.6027734e-05,0.01819535,10.354733,-1.000001,-1.000001,1.7750717e-05,0.006092366,0.0,16.839157,16.839157,41.06706,-1.000001,-1.000001,3470.795,0.0,762418.4,106590.125,-214829.88,935911.6,931291.56,-332824.25,-306145.7,-191756.38,1081189.0,1080677.0,1063460.0,1070138.0,1810479.0,1436876.0,1432371.0,-981276.0,-972801.6,762418.4,0.0,0.0,0.0,0.22682548,1003.8745,-51.322113,-46.5392,62.69809,9.76409,14.641983,-7.341732083333334e-06,0.0,47819.732233333336,4876.255625783333,1.0790604183333334e-07,3.2021296333333333e-07,30.035617833333333,0.0,0.0,0.0016625356666666,0.0,0.0,262.2300233333333,12.572196126666666,-0.0536838219999999,-0.0007786363333333,1.2427901616666668e-05,-6.5946373571428574e-06,0.0,129738.13357142858,13229.607824285717,2.048619057142857e-07,2.893647342857143e-06,9.073630357142855,0.0,7.63851657142857e-06,0.0,217.7202142857143,46.43319042857143,9.030214142857142,0.0697949412857142,-1.6149745285714288e-05,2.998733355e-06,233026.9675,23762.137685,7.0257947e-06,5.4752006e-05,0.9211023425,3.026603025e-06,217.310745,4.564222225,5.8913474,-0.00365718225,-1.7514713250000006e-06,1.0014611733333332e-05,327082.4066666667,33353.123303333334,1.2679153333333332e-05,0.000486636,0.0660938386666666,3.2958605666666666e-06,228.0227166666667,8.812517166666668,-0.7246089433333333,-0.00122839562,8.4805394e-06,1.16162903e-05,438806.5,44745.810245,6.5056125e-06,0.0042185325,0.0008624925,3.832054500000001e-06,254.991475,7.69340775,-5.399296700000001,-0.0001174935,1.88768465e-05
-79.27710627846272,-0.7073634,0.49605632,285.8401,291.28906,101994.125,100935.06,271.45947,271.45972,271.45996,293.7727,-0.77455926,0.6268567,-0.9178937,0.6561262,3.9778614,-5.4425087,-105.39636,0.18298978,0.16701007,0.07404786,0.06897855,7566.633042307692,0.0,0.0,0.0,0.0,0.0,0.0,3.745966e-08,6.6718223e-07,5.340576e-05,0.00018501282,0.00016784668,0.00033569336,0.0,0.0,0.0,0.0,0.0,-1219.648,16.686646,-0.0034575143,2.5216097e-05,1.6519228e-09,-9.371565,-1161.1677,19198400000.0,44210410000.0,134788820.0,187919.0,0.06666368,63691080000.0,59.06151,1195.8162,3287322.0,10283.176,-0.00029159873,3592568800.0,8332861400.0,23539394.0,34923.234,0.022958923,12060270000.0,43.640747,2633655000.0,2675677000.0,2607765.0,2624040000.0,2678961000.0,341.17603,0.01800019,0.0,-1.000001,0.13289493,0.49593192,0.06481981,-0.037252277,-5.7085403e-05,0.034491003,8.56107,-1.000001,-1.000001,6.401582e-06,0.0060779564,0.0,16.819885,16.819794,40.754025,-1.000001,-1.000001,3596.5342,0.0,1255143.0,168979.06,-407115.75,1425271.0,1420920.0,-380263.25,-359493.2,-354061.44,1642879.0,1642380.0,1086529.0,1091722.0,2501348.0,2055400.0,2050998.0,-998253.06,-991631.5,1255143.0,0.0,0.0,0.0,0.22943372,1246.5796,-70.289,-113.21942,81.13963,11.321211,56.78354,-3.656399345e-06,0.0,47840.03305,4878.32573305,1.0778225616666668e-07,2.587634283333333e-07,29.403859,0.0,0.0,0.0017289353333333,0.0,0.0,262.59542833333336,13.017898323333334,-0.5002550499999999,0.1114864316666666,1.4577163100000002e-05,-6.079521142857143e-06,0.0,129745.50071428572,13230.359062857142,1.9760576571428573e-07,2.745775271428572e-06,9.337030971428572,0.0,7.661445885714286e-06,0.0,217.67772428571428,46.92766671428571,9.716588442857145,0.0535607695714285,-1.5824900842857144e-05,1.249266225e-05,232979.125,23757.259105,7.0271295e-06,5.5151456e-05,0.93659087,3.02966965e-06,217.2945825,4.861685400000001,6.731689575,0.00204441775,-4.0257859e-06,1.5346437333333334e-05,327129.1233333333,33357.88708,1.2662731666666666e-05,0.0004805243333333,0.0701072493333333,3.294282333333333e-06,227.61929666666663,9.9613119,-0.38206666,-0.003191029,6.835138e-06,-1.07344e-06,439007.66,44766.32285,6.44470405e-06,0.004146152,0.0007283435,3.83292225e-06,256.05865,6.7437795000000005,-3.94852065,0.0007383415,1.4159486e-05
-79.19532689354789,-0.73922205,0.9600621,285.979,291.53882,101983.31,100928.875,271.45996,271.45972,271.45996,295.8457,-0.7935206,1.2139502,-0.9105976,1.2035255,4.7089252,-5.4455233,-128.428,0.18294537,0.16698253,0.07407254,0.068993926,7792.066607692308,0.0,0.0,0.0,0.0,0.0,0.0,-2.025904e-07,2.6045643e-07,-0.0006752014,-0.0005159378,0.00050354004,0.0005340576,0.0,0.0,0.0,0.0,0.0,-858.4121,27.066086,-0.0015886244,3.4649915e-05,1.7346184e-09,327.1145,-458.13843,19347100000.0,44569120000.0,136562530.0,189405.75,0.06854904,64201617000.0,59.197067,872.77686,3337570.0,10282.496,-0.00070824893,3627983400.0,8372498400.0,24780024.0,35051.47,0.02392345,12154243000.0,51.323517,2634378200.0,2676342000.0,2608472.0,2624756700.0,2679681500.0,467.73804,0.018000625,0.0,-1.000001,0.13289493,0.49578243,0.09494859,-0.043382343,-7.346056e-05,0.06908339,7.609015,-1.000001,-1.000001,1.4483521e-06,0.0060733333,0.0,16.801605,16.801468,40.071762,-1.000001,-1.000001,3630.57,0.0,1632501.0,217945.62,-575858.9,1789510.0,1784942.0,-413274.2,-395832.75,-471649.75,2060455.0,2059956.0,1107765.0,1112141.0,2991001.0,2501969.0,2497414.0,-1011790.1,-1006226.4,1632501.0,0.0,0.0,0.0,0.2595511,2188.0422,-92.83342,-153.62686,162.72823,55.03357,162.5105,2.1715066666666667e-06,0.0,47868.77598333333,4881.2566965,1.07973439e-07,2.657557116666667e-07,27.789261666666665,0.0,0.0,0.001767316,0.0,0.0,262.9756066666667,12.933195233333334,-1.0970526266666667,0.0937479316666666,1.7569220333333332e-05,-3.4551095142857145e-06,0.0,129758.23142857142,13231.657235714289,1.9541384571428573e-07,2.542764e-06,9.811684371428573,0.0,7.9850626e-06,0.0,217.53191571428573,47.07167542857143,10.18199557142857,0.0517127884285714,-1.7538089142857145e-05,1.673510035e-05,232983.3775,23757.69274,7.0303557e-06,5.5328576e-05,0.9484501625,3.0326987e-06,217.3491375,5.789288575,7.716635,0.0009806889999999,-8.07148785e-06,1.827546113333333e-05,327064.82666666666,33351.33064333333,1.2639494666666668e-05,0.0004749356666666,0.0769327903333333,3.293503133333333e-06,227.40172666666663,9.963764,-0.6477636533333333,0.0004477059999999,-6.267414333333339e-07,6.076953499999999e-06,439349.54,44801.18491,6.435845e-06,0.0040663265,0.000669652,3.831738e-06,256.578745,8.5752965,-2.4903874,-0.0005585855,1.3744618e-05
-79.21547117190124,-0.5601582,1.4374933,286.17896,291.94824,101936.06,100885.19,271.4602,271.45996,271.45996,297.06494,-0.5529556,1.8216143,-0.66386414,1.7229147,5.386735,-5.4462204,-133.33427,0.18291181,0.16696244,0.0740881,0.06900728,8017.500173076923,0.0,0.0,0.0,0.0,0.0,0.0,-3.3549196e-07,9.984302e-08,0.0002822876,-3.0517578e-05,0.00061035156,0.00030517578,0.0,0.0,0.0,0.0,0.0,-1330.3242,11.428544,1.3312002e-05,0.0001273321,-3.0471907e-09,1263.5977,298.96606,19457659000.0,44710904000.0,138064220.0,190051.12,0.07123226,64458523000.0,60.850403,1337.5845,3374812.0,10278.016,-0.0016139206,3451052500.0,7914842600.0,24643156.0,33085.02,0.023180801,11533866000.0,57.419342,2633832000.0,2675462000.0,2607969.0,2624227300.0,2678853400.0,578.2844,0.018000577,0.0,4.3757486,0.13289493,0.49574614,0.12829739,-0.03491737,-8.24616e-05,0.111013055,6.9115777,-0.98660254,-0.98646855,2.3839846e-07,0.00607381,0.0,16.665009,16.664902,38.827236,4.7624035,6.333969,3631.895,0.0,1835971.0,244664.19,-695688.94,1983342.0,1978685.0,-430648.44,-417746.3,-523077.8,2282524.0,2282038.0,1126614.0,1129863.0,3245954.0,2736390.0,2731630.0,-1021048.0,-1016906.25,1835971.0,0.0,0.0,0.0,0.4408871,3885.8262,-7.5274515,-148.70428,32.43419,14.238754,328.4004,5.65596095e-06,0.0,47861.23611666667,4880.487844283333,1.08268712e-07,2.619564316666667e-07,26.280454666666667,0.0,0.0,0.0017859241666666,0.0,0.0,263.32583666666665,12.432685216666668,-1.5202715666666666,0.1206992273333333,1.4226678183333333e-05,-5.937323357142857e-06,0.0,129734.39214285716,13229.226304285714,1.9865177714285722e-07,2.495747271428572e-06,10.109630385714285,0.0,8.588524285714286e-06,0.0,217.54722,47.01053742857143,10.467758857142856,0.0483609498571428,-1.8954285714285715e-05,6.4172127e-06,232925.14,23751.7541675,7.054455e-06,5.52915415e-05,0.9515026275,3.037854175e-06,217.73695,6.461029475,7.91186385,0.00854479075,-1.248e-05,9.841596e-06,327035.1433333333,33348.303786666664,1.2631712666666669e-05,0.0004695906666666,0.0735594206666666,3.2938891e-06,227.88031333333333,10.7257775,-1.14170656,0.000590854,-5.330447333333333e-06,-1.51e-05,439378.25,44804.11252,6.4397212e-06,0.004096727,0.0006676125,3.8332773e-06,257.41259,10.524435,-1.41120417,0.0001523429999999,1.42085544e-05
-79.22676948106991,-0.605424,1.8728428,285.958,295.3755,101863.5,100814.81,271.45996,271.45996,271.45996,297.38745,-0.60009307,2.4104223,-0.6908923,2.1545944,5.976179,-5.446414,-118.77107,0.18286741,0.16693485,0.074103594,0.06902975,8242.93373846154,0.0,0.009994693,0.0,0.009994693,0.0,0.0,-4.270475e-07,2.2205523e-07,0.00032043457,0.00061035156,-0.0005187988,-0.00033569336,0.0,0.0,0.0,0.0,0.0,-2330.7415,-4.269861,0.0018869326,0.00019590749,-1.1287289e-09,2496.5457,748.4536,19636470000.0,44626580000.0,143004000.0,190069.5,0.07420981,64542204000.0,54.848816,2369.406,3451674.0,10271.016,-0.0019243825,3204819500.0,7283028500.0,23891804.0,30389.566,0.021578725,10659062000.0,59.61647,2633468700.0,2673946600.0,2607702.0,2623859500.0,2677406200.0,655.5908,0.018000502,0.0,293.4082,0.13289493,0.49573994,0.16114652,-0.042117193,-8.239088e-05,0.14508444,5.722371,-0.4066983,-0.40559977,3.575254e-08,0.0060862117,0.0,16.213608,16.213531,37.2873,313.2793,363.57617,3634.495,0.0,1843999.0,245400.44,-748500.3,1988758.0,1984114.0,-435772.7,-427275.2,-496001.12,2288644.0,2288158.0,1139936.0,1142065.0,3248823.0,2739464.0,2734832.0,-1026422.06,-1023681.1,1843999.0,0.0,0.0,0.0,0.57375306,5377.1094,-1.1371565,-123.0685,10.15962,2.5210123,490.90552,9.213254166666666e-06,0.0,47855.99085,4879.9529757166665,1.0809775533333333e-07,2.201099571666667e-07,24.245177416666667,0.0,0.0,0.0017785596666666,0.0,0.0,263.75995666666665,12.116565573333332,-1.5699954166666668,0.2136112816666666,3.622677766666668e-06,-1.1310278285714283e-05,0.0,129723.73071428572,13228.13914,2.027789571428572e-07,2.504277142857143e-06,11.0356769,0.0,1.002064412857143e-05,0.0,217.42710714285712,47.25433142857143,10.617911428571428,0.0545185854285714,-2.3042857142857143e-05,-5.83782625e-06,232960.1725,23755.326485,7.0892866e-06,5.5433655e-05,0.90048711,3.04292025e-06,218.2032325,7.469970325,7.880364575,0.0036697577499999,-1.25025e-05,-7.103333333333334e-06,327032.5466666667,33348.039,1.2641351833333333e-05,0.0004674986666666,0.0650566226666666,3.295765666666666e-06,228.84844,10.129658333333332,-1.8053881333333333,0.0025841466666666,-7.939020999999999e-06,-1.889380375e-05,439551.53,44821.78216,6.43530965e-06,0.0041206205,0.000688353,3.83122145e-06,257.97886500000004,12.006004,-0.7314862500000001,-9.282500000000002e-05,1.5736578e-05
-79.22527397802058,-0.52234775,2.1349688,285.7224,295.83154,101795.875,100749.0,271.45996,271.45996,271.45996,296.95044,-0.5051621,2.7786179,-0.5837357,2.3874207,6.358163,-5.446541,-84.5874,0.18283695,0.16689646,0.07412523,0.06904614,8468.367303846153,0.0,0.0,0.0,0.0,0.0,0.0,-4.349431e-07,-6.462284e-07,0.00038146973,-0.00021362306,-6.1035156e-05,1.5258789e-05,0.0,0.0,0.0,0.0,0.0,-1832.615,12.622582,-4.6151996e-05,0.000107451444,-4.0062815e-09,1665.2888,98.66713,19722078000.0,44339556000.0,144390190.0,189195.94,0.07635486,64332997000.0,50.923584,1893.4216,3464525.0,10264.398,-0.0011989169,3022339800.0,6943597600.0,22479148.0,28888.46,0.019639742,10135941000.0,58.777267,2632852000.0,2672615400.0,2607169.0,2623246600.0,2676081700.0,715.66406,0.018000674,0.0,301.01587,0.13289493,0.49573892,0.18697953,-0.033595733,-7.307381e-05,0.15988052,4.4925117,-0.40199518,-0.39927155,0.0,0.0060948543,0.0,15.914142,15.914048,35.94463,330.10425,394.84058,3639.2886,0.0,1651642.0,219712.56,-719946.9,1803083.0,1798681.0,-428712.5,-424891.3,-399745.12,2075872.0,2075360.0,1147414.0,1148360.0,2999404.0,2510831.0,2506404.0,-1027656.0,-1026429.94,1651642.0,0.0,0.0,0.0,0.5366315,6069.8516,-1.4461412,-128.05421,6.919389,3.2884645,640.9619,1.392950445e-05,0.0,47839.298,4878.2507789833335,1.0780919066666669e-07,2.0027900583333334e-07,23.581020166666665,0.0,0.0,0.0017770206666666,0.0,0.0,264.07636833333333,11.79116733,-1.112191623333333,0.1131999799999999,-5.955829999999999e-06,-1.5636271714285715e-05,0.0,129708.80357142857,13226.616995714288,2.067644928571429e-07,2.7322814e-06,12.077419928571429,0.0,1.1598871e-05,0.0,217.32289428571428,47.408748,10.665141714285712,0.0704487522857142,-1.822e-05,-5.5166477500000005e-06,232959.2975,23755.2372625,7.07461135e-06,5.5623757e-05,0.886891265,3.0459273000000003e-06,218.26085,8.0611385,7.807380824999999,0.004788738,-1.071e-05,-8.906599333333334e-06,327067.67,33351.620586666664,1.2675496666666666e-05,0.0004651953333333,0.0584261393333333,3.295771433333333e-06,229.22610666666665,10.259649,-2.274313844,-0.0003953276666666,-6.470887e-06,-1.58008341e-05,439665.97,44833.45179,6.41425505e-06,0.004097087,0.000668434,3.82683675e-06,258.44094,12.96313,-0.581980835,-0.0001561917649999,1.9807056e-05
-79.16785106363682,-0.59159654,2.4737682,285.17114,296.0183,101775.94,100730.5,271.4602,271.45996,271.45996,295.6377,-0.60432136,3.2950764,-0.63165534,2.650591,6.2486887,-5.4464436,-37.90045,0.1828047,0.16686726,0.07414383,0.06906557,8693.80086923077,0.10274112,0.0,0.0,0.10274112,0.00020144545,0.0,2.7921146e-07,8.82232e-08,0.0076423734,0.0004940033,0.00018310547,0.0,0.0,0.0,0.0,0.0,0.0,-2737.6323,-13.48972,-0.00017446143,0.00016303406,4.56982e-09,2179.3042,-231.28323,19729582000.0,43810550000.0,144003180.0,187336.56,0.07682216,63802000000.0,47.32846,2815.2803,3435335.0,10262.305,-5.9700775e-05,2999680500.0,7321914400.0,22929016.0,30295.812,0.016439863,10493833000.0,59.26773,2633589800.0,2672661200.0,2607972.0,2623986400.0,2676103700.0,740.0051,0.01799842,0.0,303.38843,0.13289493,0.49573904,0.19440597,-0.044432674,-5.5860583e-05,0.1818366,2.3370256,-0.4087394,-0.40808004,0.0,0.006093137,0.0,15.639762,15.639688,34.82338,329.84375,395.61572,3717.5554,0.0,1284679.0,171583.06,-604072.75,1447293.0,1443212.0,-414131.5,-413046.3,-246462.06,1667809.0,1667284.0,1151390.0,1151769.0,2514515.0,2069052.0,2064830.0,-1034867.2,-1034896.4,1284615.0,0.0,0.0,0.0,0.5156596,6271.8047,-1.2239609,-132.42397,9.3869705,3.739417,640.01416,7.4591145e-06,0.0,47855.49958333333,4879.902880616667,1.0747224266666669e-07,2.0224991333333333e-07,24.29945216666667,0.0,0.0,0.0017784503333333,0.0,0.0,264.2971116666667,11.440430693333331,-0.2613167156666667,0.2335292616666666,-9.656363333333331e-06,-1.0793320214285714e-05,0.0,129738.7757142857,13229.673305714286,2.0449074e-07,3.0296955e-06,13.082134642857142,0.0,1.2679267228571428e-05,0.0,217.1796842857143,47.74068128571429,10.304119642857144,0.0588966341428571,-1.6062656385714285e-05,-2.107457775e-06,233033.92,23762.8466425,7.0585644e-06,5.579368e-05,0.8556632125,3.04783455e-06,218.34456,9.1500576,6.9825265750000005,0.00028725325,-1.0065e-05,-1.3047064666666664e-05,327168.56666666665,33361.909179999995,1.2693528166666666e-05,0.0004692286666666,0.0558257613333333,3.2961731e-06,229.47407,10.029629666666668,-3.1282282,0.000439254,-2.5107561666666664e-06,9.8649025e-06,439924.04,44859.767605,6.409989e-06,0.0039946315,0.00064998,3.820938250000001e-06,258.445185,14.1622485,-1.5066045999999995,2.8661499999999983e-05,1.589903875e-05
-79.27580999749095,-0.74548256,2.7999191,284.7915,294.73877,101790.875,100744.94,271.45972,271.4602,271.45996,293.51538,-0.8975561,4.1245155,-0.75236607,2.8187466,6.0790415,-5.44652,10.397757,0.18276644,0.16684103,0.07416546,0.06907886,8919.234434615384,0.3711357,0.0,0.0,0.3711357,0.00059234793,0.0,-5.1136755e-07,1.0659232e-06,0.022414893,-0.00034713745,0.0034233958,0.000289917,0.0,0.0,0.0,0.0,0.0,-2016.1812,6.2718706,-0.00075183855,8.6403204e-05,3.294413e-09,1565.4036,-278.08594,19665676000.0,43009745000.0,143427870.0,184449.56,0.07531232,62925090000.0,42.848877,2062.2556,3421829.0,10263.883,3.5980454e-05,3212461600.0,8937219000.0,24818210.0,36389.527,0.014190353,12347465000.0,69.452896,2635552800.0,2673877500.0,2609983.0,2625919500.0,2677292800.0,720.60156,0.01800073,0.0,314.33765,0.13289493,0.49573916,0.2055617,-0.042823378,-3.18901e-05,0.17857271,0.5338037,-0.41383302,-0.41281867,0.0,0.0060854442,0.0,15.3474865,15.345878,33.662743,354.06714,406.86548,3736.419,0.0,788691.3,108688.69,-426316.8,956681.25,953315.4,-383261.06,-389120.88,-62198.2,1105876.0,1104366.0,1149064.0,1147749.0,1827335.0,1451939.0,1448714.0,-1021590.1,-1024795.2,786234.75,0.0,0.0,0.0,0.4626165,6334.9844,-1.7569923,-161.95764,14.1685295,5.5704136,711.0962,1.8392260833333328e-06,0.0,47905.345016666666,4884.985700216666,1.0748739966666668e-07,2.082110316666667e-07,25.81555416666667,0.0,0.0,0.0017828596666666,0.0,0.0,264.58070833333335,11.540248483333334,0.6904250233333333,0.2369057233333333,-1.3535598333333332e-05,-4.369750571428571e-06,0.0033491114285714,129812.59857142856,13237.201142857142,2.0090332e-07,3.1863818428571432e-06,14.269240642857142,0.0,1.4171376785714288e-05,0.0,216.99430428571424,47.77450814285714,10.194156142857144,0.0433196222857142,-1.7363780857142858e-05,-1.7027295e-06,233122.6875,23771.898405,7.04209415e-06,5.5955591e-05,0.8494209349999999,3.048809525e-06,218.38628,9.4175284,5.9946436,0.001912146,-1.05e-05,-8.692199e-06,327335.1066666667,33378.891533333335,1.2707834833333336e-05,0.0004761786666666,0.057662803,3.2958008e-06,229.23791666666668,9.702892666666664,-4.005077366666667,-0.0025007016666666,1.620338e-06,5.382139999999999e-06,440134.81,44881.260165,6.3840925e-06,0.0038848135,0.0005931275,3.81642215e-06,258.74468,15.0531345,-2.6699865,-4.5504e-05,9.7941177e-06
-79.35745968615116,-0.47305775,1.7339973,284.82397,294.5415,101779.375,100732.69,271.45996,271.45996,271.45996,290.1245,-0.70588106,4.4240236,-0.28593403,1.2362795,4.01001,-5.44639,20.378708,0.18273115,0.16681045,0.07419014,0.06910133,9144.668,0.72551197,0.0,0.0,0.72551197,0.0029853182,1.2244147e-05,-1.0910071e-06,7.912456e-08,0.11796433,-0.000330925,0.02442998,0.0006443467,0.0,0.0,0.0,0.0,0.0,-1081.9285,10.186502,-0.003721427,-3.4892628e-06,1.499822e-09,-169.35269,-1278.0513,19529572000.0,42419400000.0,141418270.0,182124.62,0.07484174,62211793000.0,48.184006,1062.1345,3394505.0,10262.715,0.00056759384,3621121000.0,11192546000.0,27908476.0,45046.78,0.012686212,15047793000.0,82.1331,2635350300.0,2673611000.0,2609812.0,2625732000.0,2676990500.0,316.3391,0.01800089,0.0,85.31143,0.13289493,0.49573898,0.10106373,-0.0034113075,-4.6676705e-06,0.07858628,-1.245791,-0.8199697,-0.81824857,0.0,0.006072212,0.0,15.320585,15.317409,32.16244,91.84442,114.35773,3864.0068,0.0,283575.56,46570.125,-178217.94,417515.2,413254.62,-343255.94,-354758.88,70420.69,488492.0,483933.75,1139595.0,1138054.0,984507.06,723511.5,723873.5,-998245.94,-1006207.5,272844.75,0.0,0.0,0.0,0.0810315,5060.133,-16.974579,-78.55092,237.48503,54.359177,476.885,-2.677841733333333e-06,0.0,47901.48778333334,4884.59237185,1.077698835e-07,3.5713627833333333e-07,28.259148166666662,0.0,0.0,0.0018290631666666,0.0,2.7839661666666666e-08,264.7446516666667,11.644995295,1.6924839150000002,0.1870663883333333,-6.988166666666666e-06,2.612459642857143e-06,0.0071434011428571,129823.22285714289,13238.284515714286,2.0040624857142857e-07,3.129117628571429e-06,15.942396214285711,6.131257142857144e-08,1.6346530928571428e-05,0.0,216.79756857142857,47.596036857142856,10.430638357142858,0.0100572011428571,-1.6938285714285712e-05,-9.3415e-06,233104.0475,23769.9976575,7.0449063e-06,5.58465135e-05,0.833045615,3.050015e-06,218.49763,9.74582375,4.775987275,0.00391445649,-1.05025e-05,-3.787963333333332e-06,327222.7966666667,33367.43910333333,1.2717197333333334e-05,0.0004781606666666,0.0640482083333333,3.2939348666666666e-06,228.63959333333327,8.807271133333332,-4.027868466666667,-0.0016199176666666,2.106852466666667e-06,-4.037271350000001e-06,439956.13,44863.03988,6.376923500000001e-06,0.0038743455,0.000602952,3.81359725e-06,258.848085,16.35668,-3.91168885,0.0001755805,9.0491433e-06
-79.39663360516627,-0.49430162,1.7442408,285.62646,289.39355,101831.81,100785.125,271.4602,271.45972,271.45996,285.94995,0.14833778,3.6014423,-0.08216399,0.6425179,4.2080946,-5.4461527,9.383252,0.18268985,0.16679645,0.074208915,0.069117725,8710.559,0.917232,0.0013076258,0.0,0.917232,0.009559285,0.00015877651,-2.0696061e-06,2.1091091e-07,0.37891996,0.0005493164,0.09472406,0.0011233047,0.0,0.0,0.0,0.0,0.0,948.999,15.056883,-0.0016181506,-0.00015244664,2.9991458e-09,-1219.4863,-553.9424,19129790000.0,41188660000.0,139740500.0,177241.56,0.07146275,60602910000.0,57.349213,-916.7844,3337259.0,10268.031,0.0024954218,4400574000.0,13482371000.0,32916336.0,54604.65,0.012785338,18118195000.0,79.89253,2635354000.0,2674658800.0,2609694.0,2625754400.0,2677992400.0,64.825165,0.01799899,0.0,8.064978,0.13277781,0.49574488,0.07835019,0.010330599,-4.793942e-07,0.041638978,-2.445294,-0.9867406,-0.9867406,1.6088637e-07,0.0060917176,0.0,15.751666,15.739147,30.98874,8.278124,9.318778,3862.807,0.0,14515.961,5748.961,-18471.625,40986.88,39515.11,-274589.7,-309251.88,73396.31,49256.137,47668.598,1123141.0,1129045.0,144157.88,90242.0,94031.75,-918111.56,-984070.4,9600.02,0.0,0.0,0.0,-0.21825701,4038.8462,-24.434143,14.531986,583.59204,124.671265,271.57544,-3.084608666666667e-06,0.0,47904.79865,4884.92998645,1.0818321916666669e-07,5.472725583333333e-07,27.73644916666667,0.0,0.0,0.0017643113333333,0.0,1.55016735e-07,264.63609833333334,10.674530679999998,3.5036389333333333,-0.0723890904999999,1.3637943916666673e-06,1.838838e-06,0.0176350385714285,129782.27714285711,13234.109218571428,2.0047403857142857e-07,2.9679734e-06,16.441511428571427,2.5205814285714285e-07,1.6590681571428574e-05,8.514949285714287e-09,216.6780057142857,47.51827371428572,11.258277571428572,-0.0010221751428571,-2.154729014285714e-05,-1.1054e-05,233095.9525,23769.172195,7.132195075e-06,5.53773865e-05,0.7826500375000001,3.051667575e-06,218.7166525,8.900055850000001,3.3334403625,0.0018714102499999,-6.61125e-06,5.004896766666667e-06,327094.33666666667,33354.33982666667,1.2706756833333333e-05,0.0004824479999999,0.064798992,3.293119033333333e-06,228.4602833333333,7.918799566666667,-4.3243246,-0.000929466,3.9064986666666656e-06,7.676445700000001e-06,439843.38,44851.54258,6.418621000000001e-06,0.0039294155,0.000590412,3.8097197e-06,258.782225,16.8724925,-6.736516,-0.0001291849999999,1.12548742e-05
-79.48601843143086,-0.4392097,1.6292887,285.14893,289.0359,101957.56,100909.06,271.45996,271.45996,271.45996,285.4751,0.37538272,3.7836046,-0.057607066,0.65052086,3.9016542,-5.4458237,9.865216,0.18265015,0.16676408,0.07423055,0.06912804,7505.9688,0.85416234,0.0,0.0,0.85416234,0.012196343,0.00034191646,-2.71713e-06,1.0390695e-06,0.4683978,0.0011210772,0.13391012,0.0021244492,0.0,0.0,0.0,0.0,0.0,731.05786,30.982574,-0.00420605,-4.235217e-05,2.1839168e-09,-1937.94,-1330.0608,18823522000.0,40124320000.0,142403060.0,173039.12,0.06960595,59246223000.0,61.750458,-725.8032,3351713.0,10280.762,0.0016647815,5077469700.0,16221693000.0,37772668.0,65422.26,0.012949679,21565987000.0,90.69772,2638196000.0,2678232300.0,2612452.0,2628574200.0,2681606000.0,51.685196,0.01800014,0.0,-1.000001,0.13277781,0.49576044,0.07203692,0.013260029,-3.0868352e-07,0.046337076,-2.0197678,-1.000001,-1.000001,6.7929824e-07,0.0060949735,0.0,16.050735,16.03157,31.147268,-1.000001,-1.000001,3860.982,0.0,0.0,0.0,-4058.609,3.5999988e-12,0.0,-234312.75,-261953.06,57717.684,0.0,0.0,1105425.0,1127965.0,0.0,0.0,0.0,-861440.5,-962050.7,0.0,0.0,0.0,0.0,-0.3237785,3864.0886,-14.60972,61.564133,632.62695,136.14568,248.56161,-6.035958466666667e-06,0.0,47971.82183333333,4891.764449133333,1.0806122566666666e-07,7.364468893333333e-07,30.11094833333333,0.0,0.0,0.0017912828333333,0.0,5.643551833333334e-07,264.42872166666666,9.612747166666669,4.912670016666667,-0.1233747931666666,1.2264358683333336e-05,4.175336571428572e-06,0.0241084785714285,129845.59,13240.565331428572,1.9895828285714289e-07,2.9063752857142854e-06,17.773544142857144,3.474314e-07,1.789180998571429e-05,1.5328136428571428e-08,216.52129428571428,48.11721342857143,12.055529000000002,0.0185368104285714,-1.7301068857142857e-05,-9.805e-06,233211.6875,23780.97388,7.14716735e-06,5.491336625e-05,0.77937727,3.053808325e-06,218.779095,8.426927,2.54196683125,-0.0025204525,-4.722041625e-06,5.819342666666666e-06,327148.23,33359.83542,1.2710479333333334e-05,0.0004888796666666,0.0670944419999999,3.2937872e-06,228.56285666666668,7.492520566666666,-4.1796717,-0.00027542,2.822899566666666e-06,2.019752215e-05,440061.78,44873.813175,6.40323325e-06,0.003899809,0.0005843505,3.80409765e-06,258.23657000000003,16.758964,-8.474645500000001,-0.000546966,9.2460995e-06
-79.491426685302,-0.41387928,1.3032122,285.5166,289.40332,101951.19,100902.75,271.45972,271.45972,271.45996,284.66406,0.19242525,3.3501244,-0.07452577,0.50178283,3.4062738,-5.4451942,6.7241974,0.18260884,0.1667366,0.07426137,0.06915051,8233.57,0.8345721,0.0,0.0,0.8345721,0.013343137,0.0005128125,-8.589043e-07,-6.2629135e-07,0.4996614,0.0010637499,0.15354961,0.0030892307,0.0,0.0,0.0,0.0,0.0,176.90384,19.457336,0.0013241649,2.2380074e-05,2.8986935e-09,-113.56857,136.05907,18572310000.0,39311143000.0,139317390.0,169862.12,0.06759256,58171390000.0,59.09633,-169.04445,3339304.0,10279.922,-0.0011121058,5656731600.0,18564130000.0,39405056.0,74660.375,0.012792185,24493590000.0,93.32295,2637483500.0,2677263400.0,2611778.0,2627864800.0,2680601000.0,40.094986,0.017999753,0.0,-1.000001,0.13277781,0.49578744,0.057937358,0.00793216,1.800925e-08,0.03560818,-1.5055938,-1.000001,-1.000001,1.5613323e-06,0.0060806125,0.0,15.9473505,15.92624,32.133705,-1.000001,-1.000001,3731.569,0.0,0.0,0.0,-2382.2239,3.5999988e-12,0.0,-202545.38,-251755.25,44362.99,0.0,0.0,1099567.0,1149696.0,0.0,0.0,0.0,-764626.8,-953059.44,0.0,0.0,0.0,0.0,-0.08744204,3498.4426,-15.260244,68.34589,560.7378,127.53464,208.32516,-8.059278333333334e-06,0.0,47954.443900000006,4889.992392933334,1.0831548566666669e-07,9.129299166666666e-07,31.665844000000003,1.5901396666666666e-08,0.0,0.0018080096666666,0.0,1.001486465e-06,264.27543833333334,9.249783866666666,6.442544566666666,-0.0514310981666666,1.7240140333333334e-05,4.774606714285714e-06,0.0267866685714285,129824.81214285716,13238.44657857143,1.9937676571428573e-07,2.7728678285714287e-06,20.19208742857143,4.6322397142857145e-07,2.018753711428571e-05,1.8731425714285723e-08,216.32918142857145,47.646033,12.190813985714286,0.0095551625714285,-1.901654557142857e-05,-1.043425e-05,233144.125,23774.08442,7.124734625e-06,5.469349675e-05,0.8102499925,3.0560302e-06,218.541715,8.1708485,2.200828615,-0.0040472287499999,-2.687270425e-06,3.370723e-06,326976.12,33342.28508333333,1.2704560666666664e-05,0.0004987426666666,0.069282364,3.2936811e-06,228.59024,7.07695,-4.3685611,8.39148299999999e-05,4.879684866666667e-06,2.493129000000001e-06,439819.63,44849.12075,6.351796e-06,0.0039586805,0.0005584315,3.8001981e-06,258.40747,16.32131,-10.0422047,0.000924161,6.017181e-06
-79.38687190610396,-0.45028055,0.7391011,285.78174,289.82422,101879.69,100830.25,271.4602,271.45996,271.45996,284.23364,-0.38109034,2.5913057,-0.12597936,0.30469483,3.0459404,-5.4446297,4.650715,0.18257529,0.16670734,0.07428604,0.06917298,7989.172,0.9160083,0.0013076258,0.0,0.9160083,0.013074562,0.000598246,-1.3560439e-06,-5.7414087e-07,0.51744324,0.0010696854,0.16421044,0.003766553,0.0,0.0,0.0,0.0,0.0,535.06494,-5.7656145,-0.0009714721,-6.77932e-05,-8.761516e-10,-1024.4568,-672.05396,18734930000.0,39072230000.0,144705280.0,169434.75,0.066452146,58075600000.0,49.43448,-537.6826,3478849.0,10272.648,-0.00027794996,6127226000.0,20424182000.0,42498590.0,81961.06,0.013731111,26829505000.0,94.00935,2635778600.0,2675604500.0,2610074.0,2626150700.0,2679086800.0,31.897247,0.018001743,0.0,-1.000001,0.13277781,0.49581993,0.049751543,0.0031261882,2.3635727e-07,0.02561234,-0.72232425,-1.000001,-1.000001,2.6163843e-06,0.0060748644,0.0,15.969834,15.949115,33.329144,-1.000001,-1.000001,3729.969,0.0,0.0,0.0,572.3325,3.5999988e-12,0.0,-196147.62,-248187.5,31391.64,0.0,0.0,1095596.0,1143070.0,0.0,0.0,0.0,-753374.9,-947518.25,0.0,0.0,0.0,0.0,-0.2280128,3111.9617,-27.932983,52.074844,547.58203,112.46593,155.5034,-1.7503667278333335e-05,0.0,47894.2871,4883.858106516666,1.0941078066666669e-07,1.0120794983333337e-06,32.77680083333333,1.5901396666666666e-08,0.0,0.0018160805,0.0,9.458619683333332e-07,264.298525,9.096915891,7.938829183333333,0.0074019193333333,1.7921859116666666e-05,5.863448071428572e-06,0.02700775,129814.69642857143,13237.415062857142,2.014612871428572e-07,2.6283334285714284e-06,20.252072428571427,3.201485e-07,2.0172651557142853e-05,3.403061142857142e-09,216.4117542857143,47.63710442857143,12.356433571428571,-0.0094189802857142,-1.911892872857143e-05,2.5143245e-06,233054.6575,23764.9612775,7.0622145e-06,5.40371325e-05,0.89532374,3.05492155e-06,217.7537825,7.5011189,2.1402914175000003,-0.0046797715,-2.31696635e-06,-4.096832666666667e-06,327018.48,33346.60460333333,1.2696447333333333e-05,0.0005071873333333,0.0627888263333333,3.2951293000000004e-06,229.05354333333327,8.135989666666667,-3.513465233333333,-2.296333333333458e-06,6.524504166666668e-06,-5.9537105e-06,439755.09,44842.5395,6.3289275e-06,0.003917109,0.000551725,3.7950281e-06,258.13086,14.190313,-10.94391015,0.0003266285,5.495909575000001e-06
-79.37981522485374,0.27228916,0.54627025,285.7202,288.7776,101934.0,100883.125,271.45996,271.45972,271.45996,283.78564,-0.0002319776,2.093461,0.06249744,0.23601454,2.618311,-5.4438276,4.8354034,0.18253702,0.16666758,0.0743013,0.06918937,7687.965,0.91945976,0.0026274351,0.0,0.91945976,0.016779032,0.0006226124,-3.5420868e-07,1.666057e-06,0.6377124,0.00088500977,0.17962116,0.0034392532,0.0,0.0,0.0,0.0,0.0,2387.6096,12.875025,-0.0017427187,-0.00022624305,-1.0999348e-09,-2272.1372,-486.19263,18789323000.0,39548985000.0,142904930.0,171221.81,0.0667997,58615153000.0,53.99611,-2363.5537,3521279.0,10277.895,0.0011189245,6365391000.0,21907157000.0,42421124.0,87343.5,0.016571868,28575162000.0,103.731766,2636211500.0,2677363200.0,2610412.0,2626610400.0,2680883000.0,26.949966,0.017999686,0.0,-1.000001,0.13277781,0.4958642,0.041879244,0.010857094,3.345212e-07,0.023358472,0.51109415,-1.000001,-1.000001,4.0650793e-06,0.0060971305,0.0,16.503052,16.473343,34.384674,-1.000001,-1.000001,3726.544,0.0,0.0,0.0,1291.1223,3.5999988e-12,0.0,-178852.38,-244031.19,22845.188,0.0,0.0,1090991.0,1152437.0,0.0,0.0,0.0,-680664.2,-941781.0,0.0,0.0,0.0,0.0,-0.47611737,2760.0664,-28.667404,46.68596,419.83765,85.39909,119.35281,-1.0644821266666667e-05,0.0,47908.3049,4885.287524266667,1.1031224233333333e-07,1.108728885e-06,36.797654,1.5901396666666666e-08,0.0,0.0018496828333333,0.0,1.9036170116666669e-06,264.3181183333333,9.905859316666666,9.127480433333334,-0.1642349366666666,3.27746425e-05,5.810029914285714e-06,0.0270068215714285,129809.11642857142,13236.84606142857,2.070148557142857e-07,2.4909129714285714e-06,19.932814714285712,3.950751428571429e-07,1.901560777142857e-05,1.7029898571428578e-08,216.40341571428573,47.38039671428572,12.903074,-0.0223860235714285,-2.63141345e-05,1.044372425e-06,233068.8125,23766.404685,7.0733536e-06,5.455201875e-05,0.9095669325,3.0550768e-06,217.6805075,7.222228025,2.933929475,-0.0032306032499999,-2.4235e-06,1.3406051833333334e-05,326967.0466666667,33341.359860000004,1.2706271333333334e-05,0.0005001643333333,0.0691157803333333,3.292974766666667e-06,228.0811,7.261900433333333,-3.595124833333333,-0.0001687166666666,6.337331666666666e-06,-2.103013e-05,439707.68,44837.705025,6.2644670000000005e-06,0.0039290374999999,0.0005244325,3.7914043e-06,258.306885,13.4486095,-8.7571755,-0.0009373305,1.09470527e-05
-79.38873128319554,0.6392199,-0.4004767,284.9126,287.04565,101961.56,100909.69,271.45996,271.45947,271.45996,283.48218,0.5401992,0.7870372,0.1617192,-0.1279934,2.151411,-5.4428997,3.2636957,0.18249428,0.16664135,0.0743199,0.0692088,7325.3047,0.9658753,0.0,0.0,0.9658753,0.031247333,0.0004760772,-1.0818597e-05,1.1000466e-06,1.0333729,0.0012876738,0.30307692,0.002252455,0.0,0.0,0.0,0.0,0.0,2423.5183,-21.947357,-0.0028355103,-0.00016345756,4.7372986e-09,-3048.217,-1024.595,18877230000.0,41018640000.0,142557120.0,176360.81,0.06740934,60220215000.0,73.902145,-2359.1736,3555903.0,10280.594,0.00025974703,6827408400.0,23070663000.0,45767824.0,92313.25,0.016818058,30200160000.0,103.32771,2634697200.0,2677650000.0,2608730.0,2625077800.0,2681197000.0,23.093445,0.017999168,0.0,-1.000001,0.13277781,0.49592507,0.034116156,0.012572471,3.9647898e-07,0.009323146,1.9179353,-1.000001,-1.000001,6.085892e-06,0.006076727,0.0,17.254898,17.192368,35.356667,-1.000001,-1.000001,3614.1416,0.0,0.0,0.0,1752.7017,3.5999988e-12,0.0,-156097.19,-244676.38,16775.84,0.0,0.0,1087732.0,1174236.0,0.0,0.0,0.0,-635187.4,-937347.1,0.0,0.0,0.0,35.98967,-0.55907273,2524.926,-24.578644,43.422195,273.54932,44.168686,79.92824,-1.7462125e-06,0.0125039716666666,47861.63918333334,4880.528945316667,1.101737525e-07,1.028783735e-06,43.15099266666667,1.3592468766666666e-06,0.0,0.0019145341666666,0.0,6.2159031583333344e-06,263.9784633333333,10.556096926666669,9.567034366666666,-0.30386525,2.9477971166666664e-05,4.334656391428572e-06,0.0301318672857142,129736.03714285714,13229.39404714286,2.1046898857142858e-07,2.6559854142857143e-06,18.95126928571429,3.201485e-07,1.7192513185714285e-05,0.0,216.42565714285715,47.23111171428571,14.024527285714283,0.0021235332857142,-2.620483657142857e-05,1.34436232e-05,232942.185,23753.4922725,6.96430375e-06,5.41562805e-05,0.9946908,3.0524040750000003e-06,216.9662825,7.1945123,2.975986175,-0.005420016,-4.1525000000000005e-06,1.0370196666666663e-06,326811.7266666666,33325.52162666667,1.26835205e-05,0.000501056,0.064733729,3.295368833333333e-06,228.5159233333333,7.3104416,-3.202268586666667,1.4233999999999978e-05,4.673808866666666e-06,-2.792240395e-06,439072.4,44772.924495,6.38743735e-06,0.004052482,0.0006828435,3.7870795e-06,256.25622,12.952143,-10.79771415,-0.0001467059999999,1.44253335e-05
-79.35635545035416,-0.4279582,-1.0917902,284.74243,286.5647,101954.625,100901.0,271.45972,271.45947,271.45996,283.49243,-0.9092113,0.04767213,-0.14911783,-0.3113346,2.2516851,-5.44178,3.1203604,0.1824621,0.16662294,0.074341536,0.06922823,7018.824,0.99367666,0.0,0.0013076258,0.99367666,0.044686288,0.00028075394,-1.02544855e-05,-1.11428506e-07,1.289566,0.0008907318,0.51756907,0.0009367217,0.0,0.0,0.0,0.0,0.0,1393.0518,-35.583755,0.0016514866,-0.00021510711,5.3680544e-09,-856.78076,77.155045,19132172000.0,41811534000.0,149167180.0,179600.5,0.06708062,61271663000.0,71.414566,-1343.0078,3692145.0,10279.707,-0.00068398914,7320312300.0,23895773000.0,51630864.0,96164.81,0.017551254,31521264000.0,102.640625,2633083400.0,2677261300.0,2607027.0,2623461600.0,2680930600.0,23.67775,0.017998837,0.0,-0.8748704,0.13277781,0.4959885,0.035985466,-0.0006953147,3.3472378e-07,0.0059463494,2.7077923,-0.8544407,-0.8476582,8.124117e-06,0.006053716,0.0,17.78421,17.682632,36.37115,-0.8748704,3.2171974,3468.1946,0.0,0.0,0.0,2158.352,3.5999988e-12,0.0,-143842.19,-246871.06,12786.711,0.0,0.0,1085398.0,1186288.0,0.0,0.0,0.0,-614059.2,-933043.9,0.0,0.0,0.0,36.439545,-0.43425536,2242.8362,-49.80974,23.25708,180.62195,18.457245,57.72908,-4.441560178333333e-06,0.0927213585,47801.40513333334,4874.38678195,1.1012236766666668e-07,8.421661933333332e-07,52.55285991666667,5.82636775e-06,0.0,0.0020525555,0.0,1.5158772289999998e-05,263.6315633333333,10.795277116666666,10.221034646833331,-0.2254933673333333,1.573804416666667e-05,-5.838546428571429e-06,0.0276793948571428,129697.02714285711,13225.416135714286,2.1145483e-07,2.578730018571429e-06,21.76245257142857,5.4505554285714293e-08,2.1152664985714287e-05,0.0,216.6556271428572,47.82225185714286,15.235253714285715,0.0109477624285714,-2.8359699999999995e-05,7.90590175e-06,232810.2225,23740.0358425,6.972699175e-06,5.45389375e-05,1.04957012,3.052846725e-06,216.916035,6.7674985,3.31589225,0.004404632,-6.4275e-06,6.128974113333333e-06,326620.17333333334,33305.988626666665,1.2673964666666669e-05,0.00049665,0.0688688493333333,3.2956386666666663e-06,228.0394433333333,6.935078,-3.17484051,-0.000291979,2.326686633333333e-06,-1.875e-05,438785.57,44743.675975,6.34405765e-06,0.0042065475,0.0007157359999999,3.79071115e-06,256.480655,12.535872,-11.5471787,-0.000659112,2.1821538500000003e-05
-79.36844057940529,-1.0423346,-0.52619886,284.8042,286.42358,101915.75,100861.06,271.45996,271.4602,271.45996,283.42798,-1.7505741,0.9076377,-0.37853336,-0.08144516,2.2918625,-5.4403734,2.9890127,0.18242246,0.16659373,0.07436317,0.06924766,6435.0117,0.9847826,0.0,0.19108349,0.9847826,0.026357118,0.00022584095,-8.890258e-06,1.7350076e-06,0.7708232,0.00047779083,0.40374333,0.0007993926,0.0,0.063446224,0.0,1.0,0.0,1504.3472,-18.12149,-0.0011333455,-0.0003669688,2.5142168e-09,-1676.9216,-1120.3892,19300344000.0,41886503000.0,154737460.0,180198.69,0.06735575,61522710000.0,71.89816,-1438.6829,3828612.0,10275.555,-0.00011764807,7702231600.0,25253022000.0,57389990.0,101583.125,0.018340856,33327286000.0,125.77426,2631169800.0,2677816000.0,2604899.0,2621556000.0,2681645300.0,28.29123,0.018000271,0.0,-1.000001,0.13277781,0.49605906,0.03623879,-0.0038165874,3.6866732e-07,0.015762087,3.74813,-1.000001,-1.000001,1.0073415e-05,0.006043624,5.4915887e-05,18.731628,18.672623,37.96419,-1.000001,-1.000001,3464.8442,0.0,0.0,0.0,1743.1223,3.5999988e-12,0.0,-134174.38,-248709.81,10452.809,0.0,0.0,1083065.0,1195562.0,0.0,0.0,0.0,-626747.0,-927686.2,0.0,0.0,0.0,0.0,-0.81630856,2178.131,-80.686386,5.9483967,258.2661,33.281418,66.757324,-3.932741849999998e-06,0.1356949455,47729.83271666666,4867.088426383333,1.0973617083333333e-07,8.493944083333333e-07,63.147214,3.372286333333333e-06,0.0,0.0022851473333333,0.0,8.85978326e-06,263.60481,11.339977500000002,10.954019058333332,-0.1797872911666666,1.5041079833333333e-05,6.1402624857142864e-06,0.1685256171428571,129661.02785714286,13221.74523,2.128228057142857e-07,2.692423742857143e-06,30.51683371428572,1.948172742857143e-06,2.897895794285714e-05,5.789537142857143e-08,216.47770285714287,48.02072771428572,16.528656571428574,-0.0170476622857142,-3.2120812000000005e-05,5.4351675e-06,232761.22,23735.03898,6.987400075e-06,5.431587575e-05,1.0086616874999998,3.05318595e-06,216.986355,7.16471325,3.485039,0.00176180825,-7.8225e-06,-1.14750972e-05,326524.52,33296.23469666667,1.2643904333333332e-05,0.000507605,0.0668470606666666,3.2995297333333334e-06,228.4603233333333,7.013181666666667,-2.292740986666667,0.0009024864943333,4.4802609333333335e-06,-3.3029999999999926e-08,438404.25,44704.792155,6.410092499999999e-06,0.004110288,0.000901917,3.79802535e-06,255.284435,9.25350615,-12.5918605,-0.0003320909999999,2.19522745e-05
-79.33529314556037,-0.24825788,-0.017144058,284.9795,286.80713,101949.56,100892.56,271.45972,271.45996,271.45996,283.15845,-0.8532689,1.2857647,-0.11007035,0.057126876,2.1274185,-5.439351,2.0997677,0.18239331,0.16656446,0.07438171,0.069260955,3948.4878,1.0,0.000116319396,0.5927321,1.0,0.11393565,0.006203346,-1.696065e-05,-6.032543e-06,2.9339418,0.08685535,1.8243885,0.11518139,0.0,0.013124991,0.0,0.0,0.0,2839.1113,34.02806,-0.000908714,-0.00044208672,3.6586552e-09,-2644.4744,-897.2261,19284978000.0,42400470000.0,157279540.0,181971.5,0.06708449,62065910000.0,90.60541,-2766.5884,3882810.0,10278.766,0.0005504198,7934290400.0,26093085000.0,61511884.0,105021.25,0.018652197,34458920000.0,147.81938,2630314000.0,2680370400.0,2603731.0,2620696300.0,2684251400.0,21.59871,0.018000111,0.0,-1.000001,0.13277781,0.49612266,0.032053035,0.0035626295,6.320437e-08,0.018481817,4.955003,-1.000001,-1.000001,1.178361e-05,0.0060327016,0.00012210218,20.273651,20.040802,38.944477,-1.000001,-1.000001,3461.1194,0.0,0.0,0.0,494.7251,3.5999988e-12,0.0,-114039.94,-248392.81,8741.121,0.0,0.0,1082911.0,1219860.0,0.0,0.0,0.0,-603086.3,-921682.4,0.0,0.0,0.0,83.642456,-1.3565912,2569.09,-45.60942,16.226837,212.14589,53.66864,83.57332,-1.3940806333333332e-05,0.27474177,47689.20443333333,4862.94549445,1.0784932166666669e-07,8.561640666666665e-07,70.902694,2.0964953991666667e-05,1.4312423833333332e-06,0.0024499336666666,0.0,2.8518853116666663e-05,263.28444333333334,11.443011893333331,10.882033933333334,-0.2711904799999999,1.5681989116666666e-05,1.9158913928571428e-05,0.1843727157142857,129618.93571428572,13217.453027142856,2.125349614285715e-07,2.500795516857143e-06,30.164126000000003,3.8828004e-06,2.602838457142857e-05,2.5544664685714285e-07,216.22176142857143,48.05759371428572,17.048372285714287,-0.0310440168571428,-3.3920596571428576e-05,4.22312425e-06,232715.95,23730.4227225,6.996601975e-06,5.4001299e-05,0.9610331925,3.0516883e-06,217.0595375,7.2877877,3.418240125,0.0040479014999999,-9.12e-06,-4.377508266666667e-06,326515.96,33295.36182,1.2657336000000002e-05,0.000505721,0.0678243923333333,3.2985963e-06,227.8441,7.975123166666666,-1.7694415999999995,-0.00276717,9.009191566666668e-06,-2.5678330000000013e-06,438162.0,44680.08953,6.390981999999999e-06,0.004047956,0.0009524295,3.81138435e-06,255.49635,7.61123025,-11.396576,0.000367726,2.12558445e-05
-79.3335330530275,-0.1173411,-0.2502579,284.8672,286.5105,101957.875,100900.25,271.45972,271.45996,271.45996,284.06226,-0.3170355,1.013257,-0.052230246,-0.013096586,1.6542187,-5.4391804,1.687438,0.18235195,0.1665383,0.074406385,0.069283485,1351.4202,1.0,0.054023635,0.7362165,1.0,0.22718954,0.011458319,-1.5386875e-05,1.8403607e-06,5.7897463,0.1522876,3.9078636,0.22250181,0.0,0.0,0.0,0.0,0.0,3166.938,83.116486,0.00023043188,-0.00043674302,4.3173465e-09,-2917.8484,-694.5864,19101432000.0,42359570000.0,156993150.0,181462.44,0.06702399,61883666000.0,106.15228,-3143.7932,3922600.0,10279.48,-0.00017195291,8501441000.0,27242453000.0,66701036.0,110156.81,0.018562317,36216910000.0,163.13597,2629124400.0,2682436000.0,2602287.0,2619520300.0,2686360000.0,21.164108,0.017998885,0.0,-1.000001,0.13277781,0.49613643,0.023953728,0.005791273,5.887113e-09,0.018244445,8.088283,-1.000001,-1.000001,1.2230571e-05,0.006019924,0.008728236,21.910233,21.334,40.48139,-1.000001,-1.000001,3335.711,0.0,0.0,0.0,-1755.436,3.5999988e-12,0.0,-116917.44,-231183.19,6434.8477,0.0,0.0,1081161.0,1215196.0,0.0,0.0,0.0,-573400.0,-906914.56,0.0,0.0,0.0,144.14618,-1.5098858,3355.248,-17.285004,22.327927,138.86682,36.30739,62.45749,-1.99232045e-05,0.3445341733333333,47632.641533333335,4857.177683783333,1.0366274733333333e-07,7.947695616666667e-07,78.09127616666667,3.813097979e-05,2.623223e-06,0.0026322301666666,0.0,9.017926166666668e-05,263.04134,11.106978256666666,11.3851097,-0.2890036841666666,9.5083135e-06,2.2214952857142857e-05,0.1776746428571428,129571.52785714286,13212.61877,2.078194757142857e-07,2.5631198714285714e-06,29.216876142857146,5.762761857142857e-06,2.446678317142857e-05,5.210910885714286e-07,215.8614371428572,47.44602771428572,17.690855142857142,-0.0605916267142857,-3.0270494628571432e-05,-2.9596045e-06,232695.685,23728.3562675,7.05539605e-06,5.41455305e-05,0.9193693,3.051903625e-06,217.45863,7.5731805,3.42055725,0.00348269175,-8.602500000000001e-06,8.0968864e-06,326348.24666666664,33278.25982,1.2659767e-05,0.0005027906666666,0.0773597086666666,3.298029066666667e-06,226.91162,7.386980866666668,-2.5414155,-0.0007258500433333,7.146462566666667e-06,1.4717857e-05,438092.78,44673.031055,6.398205299999999e-06,0.0039664015,0.0009439595,3.81589555e-06,254.885205,7.716126149999999,-8.820097,-0.00030632,1.60875605e-05
-79.31378062942835,-0.34656966,-0.569886,285.14673,286.42065,101939.69,100880.625,271.45996,271.45972,271.45996,284.2705,-0.5111646,0.69779205,-0.1302073,-0.12739885,1.7496986,-5.439145,1.4467268,0.18231672,0.16650593,0.07442802,0.0692907,1028.1777,1.0,0.101789474,0.70917666,1.0,0.21386826,0.008010663,4.8016707e-05,-4.3719674e-06,5.325617,0.0870893,3.822855,0.13422453,0.0,0.0,0.0,0.0,0.0,2872.5437,107.49672,-0.00027631782,-0.00033161277,-5.418432e-09,-2886.4775,-715.29346,18877740000.0,42020745000.0,152312930.0,179810.12,0.06640905,61348150000.0,118.64249,-2933.254,3903344.0,10277.578,-0.0007103174,8668979000.0,27267470000.0,68855160.0,110626.19,0.018155586,36425953000.0,169.10822,2627626200.0,2683765200.0,2600532.0,2618006500.0,2687675400.0,23.441162,0.017998945,0.0,-0.8748704,0.13277781,0.4961447,0.02560258,0.0054712407,-5.1970172e-08,0.015386477,9.711673,-0.851691,-0.8435887,1.2534521e-05,0.006025847,0.008582965,23.109879,22.47786,41.133934,-0.8748704,3.2046595,3215.1948,0.0,0.0,0.0,-1849.7092,3.5999988e-12,0.0,-111409.81,-246960.75,6237.379,0.0,0.0,1090618.0,1228399.0,0.0,0.0,0.0,-549022.1,-907900.9,0.0,0.0,0.0,46.824066,-1.1310492,4040.2861,-34.94789,22.087616,142.46538,27.939743,57.70163,-1.957171633333333e-05,0.3546892618333333,47563.97966666667,4850.176122033333,1.03131565e-07,9.501108216666668e-07,84.85677866666667,4.0166929505e-05,1.4949396666666668e-06,0.0028167136666666,0.0,0.0001111263258333,262.89162333333337,11.578498293333332,11.65622705,-0.2095723848333333,2.5245303166666667e-05,2.1128576285714283e-05,0.1216455542857142,129537.84714285714,13209.184292857142,2.1032355e-07,2.89941776e-06,26.20623057142857,5.5170025285714285e-06,2.2081332857142857e-05,5.193438614285715e-07,215.63156285714285,46.56016128571429,17.578335285714285,-0.1376765131428571,-1.0490510185714286e-05,-6.964645975000001e-06,232672.955,23726.038455,7.093317e-06,5.4489417e-05,0.93001769,3.053325375e-06,217.553735,7.71846,3.18772525575,-0.0017118485,-5.326908e-06,-8.706666666666667e-06,326229.91333333333,33266.19318,1.2619593e-05,0.0005176283333333,0.0755948016666666,3.3038235e-06,227.5667,7.0183382,-2.707196566666667,0.0022725853333333,8.289013033333334e-06,1.28754585e-05,437889.63,44652.31552,6.42951875e-06,0.0039376465,0.0009647345,3.8183917000000005e-06,254.37204000000003,6.409916000000001,-6.82336185,0.000331967575,8.181473e-06
-79.27549675207403,-0.73651195,-0.8004917,285.0813,286.1599,101909.69,100850.06,271.45996,271.4602,271.45996,284.47266,-1.273778,0.10615605,-0.3662002,-0.30106193,1.8881054,-5.4389763,2.5725203,0.18228012,0.16647536,0.07444966,0.06931013,1011.9956,1.0,0.076224566,0.6648058,1.0,0.15362525,0.00764497,9.976723e-06,-4.3060595e-07,3.878601,0.08803898,2.6697245,0.09704542,0.0,0.050813068,0.0,0.0,0.0,1729.2302,23.032318,-0.00025288365,-0.00013851948,-7.513112e-09,-2000.9563,-574.81323,18862391000.0,41656984000.0,155444060.0,178579.5,0.06640625,60968305000.0,117.91179,-1734.4751,3955882.0,10274.477,-0.0009978181,8772339000.0,26901150000.0,72951180.0,109660.5,0.0176787,36145290000.0,159.0836,2626079500.0,2684018000.0,2598832.0,2616466000.0,2687970800.0,34.173416,0.017999027,0.0,-0.8748704,0.13277781,0.4961536,0.041193824,-0.00472017,-1.1667311e-07,0.0063068643,11.991235,-0.85070115,-0.8421345,1.28801175e-05,0.006049659,0.0033154597,23.666382,23.196457,42.17085,-0.8748704,3.2046595,3143.6313,0.0,0.0,0.0,-3112.943,3.5999988e-12,0.0,-96042.56,-243727.25,8618.258,0.0,0.0,1093899.0,1247595.0,0.0,0.0,0.0,-557705.9,-904448.4,0.0,0.0,0.0,0.81497043,-0.4845423,5159.2812,-111.92003,-6.5257807,264.4817,-2.150527,29.942352,-3.185381916666666e-05,0.3106835973333333,47516.14833333334,4845.298683383334,1.0329600333333336e-07,1.0825099816666667e-06,87.46363016666668,2.878376333166667e-05,1.39946875e-06,0.0028999806666666,0.0,8.146337333333333e-05,262.81658,11.717173633333331,11.5190648475,-0.1200582716666666,2.2321155616666663e-05,9.708995857142856e-06,0.0348157628571428,129490.40285714286,13204.346321428571,2.1732484e-07,2.843398171428572e-06,26.95165,1.062464387142857e-06,2.335565685714286e-05,8.513534485714287e-08,215.74662285714288,47.26582557142857,17.761766142857145,-0.1109950965714285,-1.83851954e-05,-6.666676749999999e-06,232646.545,23723.345385,7.124877575000001e-06,5.498156675e-05,0.9604802375,3.05564505e-06,217.5009375,7.6714261,2.50623725,-0.0018199922499999,-1.730968125e-06,-1.0503333333333332e-05,326218.96,33265.076250000006,1.2593148666666666e-05,0.0005273923333333,0.0710019123333333,3.3082302666666664e-06,227.74109,7.781254433333333,-2.64041452,-0.0004514523333333,1.4003231833333334e-05,-8.92e-06,437725.68,44635.597275,6.3847173500000005e-06,0.004164858,0.000838101,3.8226668e-06,255.05923,6.9681072,-6.5376943,0.0007052375,1.6547939e-05
-79.29134875980904,-0.978037,-0.80463225,285.54468,286.49365,101869.31,100810.25,271.45996,271.45996,271.45996,285.0271,-1.8278046,0.10813826,-0.45330822,-0.27804375,1.9568863,-5.439455,2.5787153,0.18223572,0.16644913,0.074468255,0.06932342,923.19434,0.96454275,0.12230188,0.8554518,0.9686958,0.10753924,0.020275418,8.980269e-06,-6.824115e-06,2.6176167,0.29061204,1.8544893,0.32251924,0.0,0.0011387055,0.0,0.0,0.0,2491.5696,51.912415,-0.008332521,-0.00026930333,-1.5052283e-08,-4679.211,-2809.935,19113892000.0,41042660000.0,173002190.0,177072.94,0.065318584,60543934000.0,86.86095,-2551.4583,4126293.0,10270.371,0.0002628551,8813955000.0,25903682000.0,79089970.0,106404.94,0.01760292,35103846000.0,122.762634,2624166400.0,2677689300.0,2597316.0,2614562300.0,2681830400.0,42.761597,0.01800099,0.0,-1.000001,0.1326468,0.49612147,0.048137497,-0.00640497,-6.693864e-08,0.0038764451,14.022632,-1.000001,-1.000001,1.177762e-05,0.00605271,0.008119129,21.729034,21.432098,42.545753,-1.000001,-1.000001,3093.5378,0.0,0.0,0.0,-3012.7388,3.5999988e-12,0.0,-97275.81,-245439.31,10462.301,0.0,0.0,1094781.0,1247368.0,0.0,0.0,0.0,-589466.44,-902934.7,0.0,0.0,0.0,56.01773,-0.39018857,5198.668,-199.04301,-37.18663,460.37476,-46.557343,2.116829,-1.4458269e-05,0.3184984666666666,47449.36266666666,4838.4884406833335,1.04154319e-07,8.901940166666666e-07,81.806358,2.035063879833333e-05,3.236233616666667e-06,0.0027115388333333,0.0,4.8045653e-05,262.6691783333333,9.15218085,10.72341588,-0.228246865,2.701434248333333e-05,1.1138719842857142e-05,0.0183014785714285,129456.06357142856,13200.844688571427,2.241023142857143e-07,3.132051571428572e-06,25.01798314285714,4.767841428571429e-07,2.3273013514285715e-05,3.064988142857143e-08,216.0427371428572,48.67850171428571,18.78895342857143,-0.0982008451428571,-1.2355978428571429e-05,-4.03563616e-06,232716.6725,23730.4963975,7.052637575e-06,5.438256625e-05,0.9315101325,3.05770255e-06,217.5972475,7.831823825,2.344359825,0.0048507789999999,-1.33810975e-06,5.113303433333334e-06,326269.64666666667,33270.244849999995,1.2539755666666666e-05,0.0005233023333333,0.0757369356666666,3.3122363e-06,227.1928233333333,7.1491371,-3.714233733333333,-0.0013102856666666,1.5374455499999998e-05,5.934977499999998e-06,437763.22,44639.42529,6.455272e-06,0.004197165,0.000779802,3.82512315e-06,254.92065,7.881694250000001,-7.691040149999999,-0.000747834,2.29633225e-05
-79.2310167375601,-0.61701983,-0.7936583,285.4624,286.81274,101929.31,100868.5,271.4602,271.45972,271.45996,285.51294,-1.7090654,-0.30756438,-0.49050164,-0.48521084,2.5056753,-5.439499,1.0560684,0.18219912,0.16642773,0.07448989,0.06935507,631.8999,0.9801104,0.040938184,0.8426421,0.98653513,0.122053444,0.015911315,3.6576312e-06,-7.433564e-06,3.307128,0.18395025,2.200121,0.20360762,0.0,0.1832645,0.0,1.0,0.0,1501.0293,63.326126,-0.008407071,-0.0002466417,-5.018471e-09,-3948.0676,-3034.325,19086707000.0,41049260000.0,169069010.0,177076.19,0.064961135,60527383000.0,88.159836,-1557.0798,4090751.0,10276.398,0.0010394878,8822221000.0,25253011000.0,78953880.0,104209.44,0.018740121,34453385000.0,119.29346,2624532700.0,2680057300.0,2597495.0,2614909200.0,2684143600.0,50.517395,0.018000916,0.0,-1.000001,0.1326468,0.4961186,0.08435702,-0.011608865,-1.820049e-06,-0.010491502,15.218276,-1.000001,-1.000001,1.1765699e-05,0.006065771,0.010610044,22.530075,22.237442,42.391308,-1.000001,-1.000001,3091.038,0.0,9766.004,2752.06,-4619.0273,16179.363,31832.883,-98226.81,-244053.0,8691.332,39384.51,18700.95,1094051.0,1246271.0,124950.44,52402.71,82225.19,-609671.44,-901104.1,524.9724,0.0,0.0,436.93994,-0.57100266,4740.0586,-170.425,-32.366898,421.10425,-100.42815,-33.44716,-4.231966466666667e-05,0.3062437093333333,47459.24821666667,4839.496486466666,1.0543955916666669e-07,9.601708033333333e-07,85.47357466666666,2.030760267333333e-05,5.128397246666666e-06,0.0027796956666666,0.0,4.20460975e-05,262.507105,10.358277916666667,9.847181816666668,-0.0959043366666666,3.631200241666667e-05,3.413038714285714e-06,0.0252199428571428,129425.30357142857,13197.708041428572,2.308122057142857e-07,2.9590242371428573e-06,20.86493542857143,7.492342257142858e-07,1.7491756114285718e-05,5.789626428571429e-08,215.98157857142857,47.349356285714286,18.8012685,-0.0752847202857142,-1.6492373857142856e-05,8.807303225e-06,232723.56,23731.1987275,7.011119625e-06,5.3266426e-05,0.9562443175,3.056591325e-06,217.1755925,7.51147235,2.75171005,-0.001437356,-2.697281025e-06,8.313028043333333e-06,326200.5733333333,33263.20133,1.2497831666666669e-05,0.0005232433333333,0.0811134833333333,3.3174907666666668e-06,227.2334033333333,6.3608665,-3.5362850333333333,0.0024963823333333,1.1133938633333334e-05,4.1619180000000004e-07,437956.96,44659.18127,6.4525704e-06,0.004220258,0.0007942725,3.827765e-06,255.110145,7.53985625,-7.56951675,3.39085e-05,2.3574452e-05
-79.25233469846792,-0.44402933,-1.32868,285.45483,286.78906,101945.56,100883.94,271.45996,271.45972,271.45996,287.67773,-1.2598963,-1.5176497,-0.48044145,-1.4357672,3.494999,-5.440151,-8.614425,0.18216383,0.16639543,0.07451457,0.06937146,543.04126,0.988516,0.0649001,0.8142108,0.99555886,0.14641917,0.027818486,1.1660297e-05,-1.1596091e-05,3.9712753,0.30377406,2.9056149,0.28176242,0.0,0.2371121,7.150504e-08,1.0,0.0,2370.186,66.90971,-0.0012271756,-0.00020032823,-5.6409064e-09,-2552.26,-666.875,18621061000.0,39914476000.0,159225680.0,172279.56,0.06426346,58906178000.0,85.12334,-2330.8252,3990030.0,10277.875,0.0009023866,9181771000.0,25365475000.0,80772700.0,105306.75,0.019921798,34893730000.0,106.51752,2624099600.0,2681297400.0,2596939.0,2614482400.0,2685305000.0,107.6483,0.018001188,0.0,-1.000001,0.1326468,0.49608064,0.116722405,-0.014742628,-7.238179e-06,-0.04234647,16.773392,-1.000001,-1.000001,1.0639153e-05,0.006083116,0.011216715,23.251602,22.898834,43.36842,-1.000001,-1.000001,2975.745,0.0,238103.81,23417.395,-34969.04,168929.44,369355.7,-120708.19,-250896.94,-19330.32,438525.0,195361.69,1096904.0,1247316.0,947988.25,410786.2,694294.7,-606282.7,-902551.7,11702.367,0.0,0.0,784.7698,-0.54232323,4576.422,-166.94708,-70.12605,547.9241,-175.4623,-127.34772,-3.505023916666667e-05,0.2341230858333333,47445.727433333326,4838.1177501,1.0739068016666665e-07,8.401859266666666e-07,87.57736949999999,1.9478269383333334e-05,8.236845708333332e-06,0.0028224975,0.0,4.6304749333333335e-05,262.31034833333337,11.40007235,9.628920666666668,-0.1470233033333333,3.772894983333333e-05,8.772815e-06,0.0254447885714285,129413.66857142856,13196.521602857145,2.3696155142857145e-07,3.170159371428572e-06,15.919455285714289,8.718876142857143e-07,1.2743674928571427e-05,7.492616285714285e-08,216.25004571428573,46.39478871428572,19.094585285714288,-0.1336312777142857,-1.1210998142857142e-05,3.16496175e-06,232712.8275,23730.104315,7.0288999e-06,5.25645275e-05,0.93477881,3.056333775e-06,217.3051625,6.9031521,2.9604535175000004,0.003357891,-6.3325e-06,1.1828438999999998e-05,326268.65,33270.14322,1.2476351666666669e-05,0.0005130263333333,0.0829213403333333,3.320325366666667e-06,226.9980933333333,6.335776333333333,-2.8055636,-0.0003184383333333,7.868543666666667e-06,8.42970625e-06,437663.13,44629.21895,6.525689e-06,0.004179547,0.0008898695,3.8257226e-06,254.146485,7.297993,-6.49247815,0.000713193,1.9740619e-05
-79.24246736176457,-0.5545917,-1.2387962,285.50024,287.04565,101994.56,100931.875,271.45996,271.45972,271.45996,288.86987,-0.9037041,-1.7016077,-0.6164878,-1.3784103,4.1159277,-5.441472,-35.837494,0.18216318,0.16639781,0.07452613,0.06937963,340.44604,0.88807184,0.14574718,0.8266673,0.95608693,0.07873845,0.024423212,2.4062741e-05,-9.01716e-06,1.7448406,0.21032798,1.2818632,0.17856139,0.0,0.36014992,2.391435e-08,1.0,0.0,4067.799,32.72255,-0.0019941996,-0.00027176202,-1.1869588e-08,-3572.5989,-81.91849,18591844000.0,39760410000.0,158942270.0,171762.94,0.064291,58712203000.0,79.36458,-3941.5537,3992860.0,10282.828,0.0014342731,9237962000.0,24907060000.0,81651816.0,103744.31,0.022177726,34467594000.0,95.53934,2624135200.0,2682924300.0,2596829.0,2614531000.0,2686935000.0,191.87218,0.01800032,0.0,-1.000001,0.1326468,0.49600857,0.12278396,-0.021153048,-1.9262006e-05,-0.047080897,19.2218,-1.000001,-1.000001,8.4160165e-06,0.006102156,0.014912654,23.764618,23.536713,44.93642,-1.000001,-1.000001,2974.6453,0.0,700939.25,58252.113,-105933.94,390974.62,883585.25,-129548.625,-274318.56,-89220.0,1025738.2,450609.88,1106751.0,1275437.0,1792175.0,848931.2,1416294.0,-612734.7,-911031.5,47663.47,0.0,0.0,593.9956,-0.5343408,5397.129,-131.66028,-127.59201,449.71167,-170.2432,-209.22408,-8.623605833333333e-06,0.2075492,47433.84243333334,4836.905817316667,1.0924834083333333e-07,9.47488705e-07,90.46440166666667,1.598545235e-05,5.311228783333333e-06,0.002880453,0.0,3.5246349166666664e-05,261.98723333333334,11.32622185,9.434898016666668,-0.4090411068333333,6.682349266666667e-05,7.668864714285715e-06,0.0004460459999999,129409.93857142856,13196.14125,2.452897557142857e-07,3.594302157142857e-06,12.252296357142855,5.4479057142857145e-08,8.741783000000002e-06,3.403172857142856e-09,216.6765285714285,46.38242685714285,18.624483142857144,-0.1535083452857142,4.807602685714285e-06,2.3793305e-06,232735.935,23732.460625,7.0215309e-06,5.183774925e-05,0.91859833,3.055698725e-06,217.34242,6.85666435,3.29212955,0.0002713285,-8.7825e-06,-4.905433333333335e-06,326355.29333333333,33278.978376666666,1.2449081833333332e-05,0.0005141293333333,0.0732300923333333,3.326275833333333e-06,227.5943533333333,6.3408595666666665,-1.957244566666667,0.0010952156666666,8.293577166666668e-06,-8.118426599999999e-06,438035.79,44667.21969,6.441836250000001e-06,0.0043066145,0.000746026,3.83130965e-06,255.802505,6.43194725,-6.17259745,0.0003431975,2.13839665e-05
-79.26220952407328,-0.6591772,-0.89633286,286.32788,289.6731,102043.94,100984.75,271.45972,271.45996,271.45996,292.0354,-0.7478653,-1.1543713,-0.8027279,-1.0822859,4.2827635,-5.443513,-34.040787,0.18215513,0.16639888,0.074528515,0.06939387,437.08984,0.8749661,0.09881312,0.9466411,0.9670912,0.12854308,0.035994444,4.7694584e-06,1.0464253e-05,1.7552729,0.42450207,0.97932875,0.23878276,0.0,0.45113194,0.0,1.0,0.0,1828.251,16.933502,0.0024257232,0.000120539946,-1.5581033e-08,-1014.3718,1130.5125,18728552000.0,40653267000.0,160390200.0,175137.81,0.06945932,59741426000.0,80.036255,-1734.8013,3902973.0,10288.078,-0.00040217116,8701447000.0,22457487000.0,76707780.0,94252.375,0.023951929,31423070000.0,73.60657,2623273000.0,2682492000.0,2595922.0,2613651500.0,2686404600.0,318.98096,0.018000409,0.0,-1.000001,0.1326468,0.49588764,0.12035996,-0.034888722,-2.2109743e-05,-0.036479343,21.322735,-1.000001,-1.000001,4.6489286e-06,0.006169006,0.006258551,24.056046,23.70987,45.839718,-1.000001,-1.000001,2932.4458,0.0,1167576.0,95079.75,-176803.19,574617.56,1357021.0,-144174.0,-298761.75,-145578.5,1568459.0,660093.9,1122033.0,1293888.0,2482020.0,1208806.0,2033974.0,-682607.2,-921253.2,75781.56,0.0,0.0,945.94604,-0.17184305,5549.8906,-94.404175,-192.3914,239.71259,-110.31099,-220.59064,-1.8140813e-05,0.3914093935,47417.89681666667,4835.2798168,1.10402046e-07,1.1007933166666668e-06,91.67620333333332,4.245348415e-05,9.663152173333334e-06,0.0028698875,0.0,5.086837683333333e-05,261.3695433333333,10.728152033333332,7.031418566666667,-0.1857814878333333,9.221138766666666e-05,1.9872331428571427e-06,0.0,129338.36642857142,13188.84292,2.5898770571428574e-07,3.859936371428572e-06,11.313826571428573,0.0,8.381143428571428e-06,0.0,217.01447142857143,47.28335171428571,18.280623428571428,-0.0721532305714285,4.505031857142857e-06,1.0534395e-06,232717.4375,23730.5744075,7.00876725e-06,5.1429059e-05,0.92361243,3.0562139e-06,217.3095475,7.4257497,3.2412834,-0.00707117,-1.056e-05,-6.825498333333335e-06,326376.5233333334,33281.14323666666,1.24347445e-05,0.0005154623333333,0.0662297753333333,3.329450933333333e-06,227.8106833333333,7.579327233333333,-2.030083153333333,0.0001183596666666,1.0862594666666665e-05,-7.1150000000000005e-06,438011.905,44664.7841,6.46202935e-06,0.004443199,0.0007484885,3.83097995e-06,256.088105,5.672663099999999,-4.6574393,0.00013594,2.29681025e-05
-79.26258314803941,-1.526063,-0.8962025,286.45776,289.77734,101959.75,100903.5,271.45996,271.45996,271.45996,291.57422,-1.898138,-1.1936169,-1.7006826,-0.9909204,4.6932554,-5.4448986,-123.94266,0.18215448,0.16639209,0.07454598,0.0693959,755.8508,0.74935836,0.018803503,0.82952136,0.8665122,0.02113865,0.0018801559,6.7077593e-07,1.5718751e-06,0.33462894,0.0026211,0.1604414,0.004058838,0.0,0.025142837,0.0,0.0,0.0,65.14186,50.578857,-0.00017263096,8.566977e-05,-9.686218e-09,-290.09497,143.10773,18894550000.0,40597880000.0,161780770.0,175265.94,0.072819114,59804226000.0,59.484344,-142.5281,3832406.0,10280.008,-0.0021165058,7949127700.0,18608333000.0,71944344.0,79442.25,0.024591703,26727215000.0,39.409454,2621077800.0,2679456000.0,2593792.0,2611460400.0,2683284700.0,369.3413,0.01799862,0.0,-1.000001,0.1326468,0.4958207,0.13100564,-0.10132694,-5.8967955e-05,-0.05519725,21.018042,-1.000001,-1.000001,2.6283906e-06,0.0062106773,0.0005244699,23.455856,23.377823,45.676605,-1.000001,-1.000001,2866.6975,0.0,1528141.0,125816.44,-249219.25,757310.4,1710995.0,-167506.75,-314314.12,-199874.12,1974284.0,869884.2,1133511.0,1298280.0,2970573.0,1527048.0,2479749.0,-733246.3,-931724.25,195950.81,0.0,0.0,888.5188,0.5167169,5018.2812,-87.052414,-271.10522,156.6436,-53.334015,-199.44917,-5.739052166666667e-06,0.2637622105,47366.56325,4830.045249933333,1.1170734166666669e-07,1.1629700333333333e-06,87.43475000000001,6.877164016666667e-06,1.5901396666666666e-08,0.0028620683333333,0.0,1.331375355e-05,261.311335,10.99054335,3.92518415,-0.0352006633333333,0.000111481275,-8.018775714285718e-07,0.0,129265.70571428572,13181.43359,2.726155514285715e-07,4.209834557142857e-06,10.924976285714283,0.0,8.097219314285715e-06,0.0,217.15707,47.135923142857145,18.675807,-0.0395350815714285,1.868965199142857e-05,-8.066959500000002e-07,232664.9825,23725.2254875,7.00173515e-06,5.129237275e-05,0.9716367425,3.0579115e-06,217.2076825,7.534875449999999,3.2776625,-0.0009521245,-1.3581625e-05,-1.0838156666666664e-06,326337.6666666667,33277.18096333333,1.2430302999999998e-05,0.0005169203333333,0.0671624456666666,3.3319102e-06,227.7397633333333,7.145895566666667,-1.8098269446666668,-9.437933333333328e-05,1.2006067133333331e-05,-6.0360477e-06,438215.41,44685.535835,6.4554155e-06,0.004718675,0.000739431,3.8318117e-06,256.72803,7.71265,-2.64039045,-1.7361999999999987e-05,3.05658765e-05
-79.28471864201715,-1.9490767,-0.6316905,286.89746,290.62256,101887.31,100835.69,271.45972,271.45996,271.45996,295.77563,-2.4231062,-0.8251596,-2.2375393,-0.71949005,5.1087675,-5.4460344,-121.506485,0.18213993,0.1663928,0.074563384,0.069401026,699.9839,0.23677623,0.27520102,0.14607257,0.43638772,0.004503276,0.008910969,2.238121e-06,-8.1286265e-07,0.0640744,0.007398177,0.009870131,0.010930657,1.3844137e-06,0.0,0.0,0.0,0.0,-854.292,36.94034,0.002386631,0.00012844129,-4.349001e-09,1584.7236,1015.5398,18810427000.0,39742423000.0,156783650.0,172104.56,0.07578814,58813870000.0,42.083954,914.3257,3668981.0,10272.898,-0.002035867,6914540000.0,14200770000.0,64291172.0,62138.39,0.023549505,21213487000.0,13.14321,2619989000.0,2678027000.0,2592757.0,2610386400.0,2681689300.0,599.3779,0.018000122,0.0,-1.000001,0.1326468,0.49575716,0.13113248,-0.14508647,-6.640206e-05,-0.041146804,19.845156,-1.000001,-1.000001,6.0192804e-07,0.0062400885,0.00031718262,23.257034,23.237076,45.141003,-1.000001,-1.000001,2868.1975,0.0,1725301.0,181375.94,-476114.88,1381409.0,1901435.0,-246207.31,-328214.62,-399923.8,2192590.0,1588024.0,1142656.0,1270451.0,3224501.0,2241209.0,2712968.0,-838891.9,-947776.5,773891.75,4.78287e-08,0.0,80.57181,0.3313557,4594.3555,-55.72151,-383.45923,101.23326,-20.796158,-193.5547,2.7262557333333323e-06,0.0648273955,47351.03445000001,4828.461752966667,1.0951603766666669e-07,9.459120333333332e-07,80.47892566666667,1.414235946666667e-06,3.9777925e-08,0.0027812751666666,0.0,1.9942813633333333e-06,261.4873616666667,10.315397833333334,0.3985285616666665,0.0667833048333333,8.622790583333334e-05,-1.521410957142857e-05,0.0,129230.07357142855,13177.800122857145,2.8439647571428574e-07,4.547487585714285e-06,10.314913642857144,0.0,7.9941689e-06,0.0,217.5380557142857,46.90676671428572,18.72642385714286,-0.0520379388571428,3.003797871428572e-05,2.2183614500000004e-06,232642.9825,23722.9821075,6.992733049999999e-06,5.15743775e-05,1.001870975,3.0606329e-06,217.143315,7.884302125,3.418094175,-0.00335050525,-1.3516453425e-05,-3.260425666666666e-06,326345.98,33278.02868333333,1.2415080666666667e-05,0.0005236916666666,0.066507853,3.3347420333333336e-06,228.0385233333333,7.691910533333334,-1.9141515666666664,-0.000665583,1.1390896e-05,-4.222843000000001e-06,438459.96,44710.472995,6.4391259e-06,0.0048959955,0.000726092,3.8332196e-06,257.60425,8.0916856,-2.058239,8.51957085e-05,3.54598025e-05
-79.30281992782197,-2.0856943,-0.17032135,286.97778,292.9751,101809.56,100759.94,271.45972,271.45972,271.45996,296.2854,-2.6205149,-0.2348485,-2.3749743,-0.18827075,4.8645325,-5.4454355,-100.2478,0.18214232,0.16639519,0.07456583,0.069416225,739.96387,0.0049973466,0.35755962,0.026931241,0.367818,0.00013428822,0.043347012,1.0002914e-06,9.3281403e-07,0.0005972136,0.023259144,0.0008239746,0.049704347,1.6145597e-05,0.08649176,4.913508e-06,1.0,0.0,-895.8513,27.406525,0.0004073272,0.00014368662,-3.0765415e-09,1169.4587,619.8357,18738715000.0,39083905000.0,151675570.0,169673.25,0.078329384,58044285000.0,27.995163,940.50806,3546628.0,10265.367,-0.0012317973,6075315000.0,11001494000.0,58222990.0,49509.625,0.020931587,17128132000.0,-1.7473583,2618524400.0,2675636700.0,2591363.0,2608934100.0,2679171800.0,788.6924,0.01799997,0.2000975,-1.000001,0.1326468,0.4957844,0.122722745,-0.14728063,-6.672637e-05,-0.0071300343,19.471735,-1.000001,-1.000001,1.6755203e-06,0.0062592737,0.0028922814,22.899017,22.854889,45.22969,-1.000001,-1.000001,2895.1458,3.0346404e-05,1736066.0,170020.88,-534749.94,1417126.0,1907695.0,-262400.06,-364081.5,-377430.38,2199516.0,1641076.0,1162663.0,1284250.0,3226346.0,2287680.0,2715939.0,-871380.06,-965724.0,961129.06,2.2565815e-05,7.4945783e-06,88.40738,0.3499356,4123.9883,-110.50891,-387.43213,197.3775,-6.5107822,-74.23683,5.279021666666666e-06,0.0,47334.129466666665,4826.737924433333,1.09236585e-07,6.952495866666667e-07,65.498083,0.0,0.0,0.0026045833333333,0.0,2.1851615e-08,261.7447466666667,9.829727116666666,-1.4981303216666666,0.1146498141666666,4.655325583333334e-05,-1.4605082142857142e-05,0.0,129159.555,13170.609228571428,2.909560628571429e-07,4.838662785714286e-06,10.245751714285715,0.0,7.991661785714286e-06,0.0,217.6614942857143,47.22493657142858,18.45184271428572,-0.0795617598571428,3.6545879714285714e-05,5.059197125e-06,232572.405,23715.78521,6.9873145e-06,5.2107098e-05,1.0203775675,3.0621354e-06,217.19553,7.902309925,3.223234975,0.0018643355,-1.27025e-05,7.581692566666668e-06,326357.24666666664,33279.17756333333,1.2427222666666668e-05,0.0005206073333333,0.0715836853333333,3.3330389e-06,227.40171333333333,8.7822942,-1.9874024666666663,-0.0033094356666666,1.07595225e-05,-2.4323425e-06,438651.35,44729.989345,6.3920578e-06,0.0048377725,0.0006101845,3.835492e-06,258.196485,10.2592195,-2.0210271,-0.000174569,3.82984725e-05
-79.30090849978187,-2.0024652,0.20519304,286.98926,293.25,101796.75,100748.19,271.45996,271.45996,271.45996,295.79785,-2.5343657,0.26577234,-2.2533321,0.23275185,4.6419754,-5.444396,-56.639008,0.18213117,0.16639626,0.07457125,0.06942648,833.56274,0.0,0.6778343,0.024828672,0.6805719,0.00027466938,0.09276259,-1.0700159e-08,-3.7147183e-06,0.0012230375,0.059017345,3.0517578e-05,0.019137781,3.0069e-05,0.07792562,2.1451515e-06,1.0,0.0,-1022.7051,11.60605,-0.0013505816,0.00010207579,-2.4432056e-09,790.0137,54.35959,18744769000.0,38898225000.0,147299780.0,169058.06,0.080688834,57842176000.0,20.731415,1077.3142,3442478.0,10264.09,-0.00013193893,5282555000.0,8550814700.0,51033212.0,39535.727,0.018089235,13867506000.0,-7.616951,2618374100.0,2674572000.0,2591271.0,2608746500.0,2678012000.0,1074.343,0.017999988,1.5744057,-1.000001,0.1326468,0.4958406,0.124275684,-0.12864709,-5.5847806e-05,0.017667193,19.850319,-1.000001,-1.000001,3.702824e-06,0.0062737428,0.003270849,22.59372,22.500214,45.794342,-1.000001,-1.000001,2963.2322,7.0870534e-05,1550493.0,177636.25,-521702.2,1201843.0,1725373.0,-220619.5,-363849.56,-269415.8,1990391.0,1381703.0,1171457.0,1328145.0,2976057.0,2005633.0,2486564.0,-910614.25,-971849.94,786598.3,6.323798e-05,7.537148e-06,140.57367,0.711036,3812.3247,-61.5251,-369.64746,116.16852,13.014012,72.58174,7.577415933333333e-06,0.0,47353.16665,4828.6791769833335,1.1006016100000001e-07,5.432543033333333e-07,48.75935583333334,0.0,0.0,0.0023276598333333,0.0,0.0,261.9052316666667,9.620747366666668,-2.15432118,0.1432594566666666,2.7428390166666667e-05,-1.2912264114285715e-05,0.0,129104.51642857144,13164.996857142858,2.9552813142857146e-07,4.9685993e-06,9.936116342857144,0.0,7.827288685714285e-06,0.0,217.78339857142856,47.76494685714285,17.419724285714285,-0.0424170242857142,3.930429185714286e-05,5.03929215e-06,232608.0425,23719.41922,7.007996325e-06,5.241160425e-05,0.969049625,3.06299555e-06,217.5131575,8.274366,3.1524556,0.00293434125,-1.2035e-05,7.713192333333332e-06,326359.51666666666,33279.40904,1.2414627e-05,0.0005197326666666,0.079608385,3.3362615333333336e-06,227.20107666666664,8.2637071,-3.060176833333333,-0.0011356066666666,7.427936766666667e-06,5.674681999999999e-06,438804.125,44745.568055,6.42566375e-06,0.0046473295,0.0006402195,3.832471999999999e-06,258.05571000000003,10.37947225,-1.53154,6.275900000000001e-05,3.1164679999999995e-05
-79.27651034616446,-1.8804111,0.61174875,286.7666,293.16016,101798.44,100750.81,271.45996,271.45972,271.45996,294.68042,-2.4041052,0.7987038,-2.063077,0.6712582,5.0861683,-5.4431553,-30.592789,0.18213052,0.1663987,0.074585915,0.06943464,994.0598,0.0,0.69106525,0.038108956,0.69380903,0.0005128181,0.10425657,5.752733e-07,-4.286412e-06,0.001857297,0.1074065,-0.0005256883,0.009188805,1.0979184e-06,0.0,0.0,0.0,0.0,-1778.9146,17.510666,-0.0017169849,6.743542e-05,-3.6363959e-09,1078.1343,-448.76416,18798380000.0,39086000000.0,144632300.0,169823.75,0.08192325,58072744000.0,17.926132,1770.7961,3372664.0,10264.445,0.00033321464,4459552000.0,6455479000.0,44088492.0,30732.914,0.014272433,10942531000.0,-5.5656595,2618576600.0,2673985000.0,2591540.0,2608961500.0,2677367600.0,853.16846,0.017999802,2.3241568,11.073609,0.1326468,0.49590522,0.15703303,-0.11385101,-4.6408473e-05,0.040720966,20.05976,-0.9864807,-0.9864807,5.8772175e-06,0.006287709,0.0057201385,22.296814,22.192108,44.26992,11.572519,12.869684,2982.0703,6.4885207e-06,1214863.0,119873.69,-453067.7,1002991.44,1387823.0,-264144.7,-371810.25,-154646.12,1603127.0,1154434.0,1170518.0,1273958.0,2490631.0,1684106.0,2046013.0,-960320.2,-988305.94,686555.8,6.6315306e-06,0.0,0.0,0.4040205,4275.914,-3.324749,-453.53833,8.9153805,0.9158892,101.9933,5.545593013333333e-06,0.0,47379.8592,4831.40105935,1.0951393466666669e-07,4.582328083333333e-07,36.24506333333333,0.0,0.0,0.0020820105039999,0.0,0.0,262.01294333333334,9.59256635,-2.75792464,0.2586938183333333,1.4228248825e-05,-1.927991285714286e-06,0.0,129054.60857142856,13159.907672857142,2.9947505285714284e-07,4.769903171428571e-06,9.76338912857143,0.0,7.728036157142858e-06,0.0,217.81202,48.32912542857143,16.205101285714285,-0.0084819832857142,3.789253271428571e-05,3.725171250000001e-06,232644.295,23723.115945,7.002471675e-06,5.259952025e-05,0.9129618875,3.062675225e-06,217.6861925,8.716081025000001,2.7923458,0.00154874275,-1.1605e-05,-2.1811268666666666e-06,326384.18333333335,33281.92434333334,1.2397149666666666e-05,0.0005224403333333,0.080091968,3.3380848e-06,227.21742666666668,8.652813,-4.150985066666666,-0.0011950995576666,9.738767533333332e-06,-6.1472915e-06,439010.69,44766.631825,6.364681e-06,0.0044378925,0.0005345295,3.836612e-06,258.987665,12.100439,-1.88315532,0.000152386,2.9531926e-05
-79.27061114936082,-2.2564163,0.87315774,287.0581,292.68872,101820.44,100772.0,271.45996,271.45996,271.45996,292.8662,-3.0975237,1.2644901,-2.3126783,0.8921042,4.9094076,-5.4443855,4.3516693,0.18213296,0.16640109,0.07460332,0.0694468,1080.5042,0.0,0.6794734,0.03744007,0.6834085,0.00028078863,0.10846305,-1.187932e-06,-6.460638e-07,0.0014965285,0.093785524,-0.00038909912,0.035528176,0.0,0.0,0.0,0.0,0.0,-2174.5532,45.971436,-0.0028973548,9.731049e-05,5.4138694e-10,1067.7222,-756.6338,19011529000.0,39544840000.0,142458940.0,171906.81,0.08197701,58718364000.0,7.3381634,2153.8936,3370713.0,10266.5625,0.00047242572,3884995800.0,5287825400.0,39213720.0,25664.188,0.010669734,9211801000.0,-1.0223236,2619615200.0,2674362600.0,2592628.0,2609990400.0,2677723400.0,826.4009,0.018000022,1.574667,11.135973,0.1326468,0.49585092,0.1646986,-0.1193046,-2.6877184e-05,0.0496866,21.046955,-0.986566,-0.986566,3.9578235e-06,0.0062918216,0.0043705553,22.02481,21.916641,44.336323,11.572519,12.882156,2983.12,9.546702e-07,733186.06,82609.06,-327034.06,689559.06,907232.06,-253368.88,-342612.8,-47121.984,1052215.0,795196.44,1166187.0,1255650.0,1802964.0,1212867.0,1428438.0,-966531.44,-988782.44,402421.3,7.6383134e-07,0.0,0.0,0.41500843,3712.5098,-6.3696365,-445.2085,17.624863,2.8105125,174.64769,-4.5677792e-06,0.0,47432.71783333333,4836.791139883333,1.050435975e-07,3.286349156666667e-07,29.543987833333333,0.0,0.0,0.001904316,0.0,0.0,262.11838166666666,10.33351785,-2.680558066666667,0.2837002466666666,6.560955000000006e-07,5.716311142857143e-06,0.0,129047.01857142858,13159.133707142855,3.059224471428572e-07,4.811115814285714e-06,9.677373071428573,0.0,7.73478162857143e-06,0.0,217.77954285714284,48.20995657142857,15.086090428571428,0.0027508864285714,3.819692957142857e-05,-1.4186874999999996e-06,232696.2675,23728.4156675,7.00809315e-06,5.2843519750000006e-05,0.8704189775,3.06171595e-06,217.9182725,8.3399073,2.46853875,0.004318511,-1.2735e-05,1.1525366000000002e-05,326378.23333333334,33281.31761,1.2358644666666667e-05,0.0005261056666666,0.0879049299999999,3.3427065333333334e-06,226.98158333333333,7.592450833333333,-4.952744833333333,-0.000664235,1.0698189e-05,9.4139115e-06,439243.87,44790.40957,6.40530915e-06,0.0041518885,0.0005606215,3.8331964e-06,258.31629,13.599407,-2.93302345,-0.000778788,2.3277164000000003e-05
-79.26767824930467,-1.3606691,0.4899543,287.84717,292.23364,101832.94,100784.0,271.45996,271.45972,271.45996,290.21045,-3.28337,1.4418821,-0.93410075,0.34124362,2.8481817,-5.4447203,10.298027,0.1821292,0.16640043,0.07461488,0.06945801,1125.2231,0.0049973466,0.5587919,0.061222423,0.5716463,0.00011598291,0.07433337,-1.074082e-07,2.149187e-06,0.00035402668,0.06297737,-0.0007200241,0.038008142,0.0,0.0,0.0,0.0,0.0,-913.74756,39.03003,-0.0029402957,-0.00011617728,9.082392e-09,190.72704,-1080.8445,19124490000.0,40028504000.0,138763780.0,173858.75,0.08148545,59300737000.0,2.9795856,949.84814,3342569.0,10267.793,0.001443503,3482616300.0,4917871600.0,35371572.0,23664.242,0.007597007,8451453400.0,7.075676,2619512600.0,2673858800.0,2592566.0,2609913900.0,2677223000.0,333.57202,0.018000372,3.975607,-1.000001,0.13264805,0.49581802,0.06954056,-0.036374208,-4.9580794e-06,0.018772423,22.32555,-1.000001,-1.000001,2.7775732e-06,0.0062761344,0.0017700898,21.831528,21.757782,44.79024,-1.000001,-1.000001,2982.7703,0.0,252775.75,36954.227,-147289.0,300152.44,383364.25,-215899.19,-316718.25,37111.96,453980.7,348892.75,1160080.0,1256777.0,959982.3,608300.2,704033.0,-962966.9,-987602.8,159762.06,0.0,0.0,0.0,0.22042918,2740.2947,-50.605362,-294.79053,187.69228,25.76239,128.07607,-6.6787955e-06,0.0,47460.53315,4839.627513099999,1.0165578666666669e-07,2.951321766666667e-07,28.222340666666668,0.0,0.0,0.0018273955,0.0,0.0,262.03330666666665,11.674655333333334,-2.206140871666667,0.14111191,-2.887223333333334e-06,6.333915428571429e-07,0.0,128999.51642857144,13154.289838571429,3.0486275857142853e-07,5.0198382857142864e-06,9.687729857142855,0.0,7.767230557142858e-06,0.0,217.81948000000003,47.973759,14.465468285714284,0.0140416252857142,3.6713720857142863e-05,-1.359230725e-05,232713.7825,23730.2017025,7.011639075e-06,5.348075875e-05,0.841299255,3.06094645e-06,218.0709425,8.412873874999999,1.89807915,-0.00019989675,-1.09775e-05,-3.458533333333332e-06,326323.35333333333,33275.72140666667,1.2293806833333332e-05,0.000537798,0.0907379146666666,3.3511133e-06,227.8862466666667,6.177734399999999,-5.020612966666667,0.0019865696666666,9.4810855e-06,1.5635684e-06,439073.15,44773.00097,6.43237535e-06,0.0040170829999999,0.0006190295,3.8304134e-06,257.95172,13.73148975,-4.43241035,0.000311878617,1.796088625e-05
-79.29968583501513,-1.7020617,0.07127279,286.56104,289.7495,101924.19,100874.125,271.45947,271.45972,271.45996,286.87573,-2.4238691,0.8717163,-0.47987783,0.017570306,2.6174507,-5.444639,3.4656343,0.18211943,0.16640288,0.07461727,0.06946516,1019.30005,0.0,0.37037152,0.17022377,0.40289015,9.155554e-05,0.06905204,9.577016e-07,1.6344147e-06,0.0005130768,-0.0030075049,-0.00012885283,-0.04710071,0.0,0.013124991,1.4324809e-07,0.0,0.00048879115,-1886.8796,-23.917114,-0.0055053793,-5.1026e-05,3.1255314e-09,168.7979,-1801.8018,19427404000.0,40714883000.0,144204350.0,176872.88,0.08017135,60274630000.0,-3.9414558,1959.1106,3450821.0,10276.93,0.0023730048,3211334000.0,4560991700.0,31667904.0,21864.324,0.007385593,7808243000.0,1.4767046,2621094000.0,2676368100.0,2594046.0,2611463700.0,2679823000.0,49.47824,0.018000573,0.0,-1.000001,0.13260531,0.49581635,0.043525953,-0.013147477,-3.1468198e-07,0.0061569326,23.467121,-1.000001,-1.000001,2.8636532e-06,0.006291695,0.0020813174,22.199982,22.12941,45.58525,-1.000001,-1.000001,2982.745,0.0,10918.734,4297.547,-12767.238,29323.668,34100.324,-201134.0,-285929.0,23077.266,42241.293,34097.836,1147930.0,1203758.0,131127.25,79488.5,85506.81,-960697.4,-976905.1,6770.9297,0.0,0.0,37.79216,-0.5632472,1728.875,-83.15137,-78.76083,286.89868,45.15663,40.887848,1.9001871666666675e-06,0.0,47496.182,4843.262684133333,1.0186723333333333e-07,2.667761e-07,29.287332666666668,0.0,0.0,0.0018106473333333,6.663198833333333e-08,0.0,261.81595500000003,13.110881383333334,-1.4669665616666665,0.2727291258333333,-3.0350017750000004e-06,-1.532446142857143e-05,0.0,129045.74857142856,13159.004202857144,3.1175407428571425e-07,5.126214185714286e-06,9.314559357142857,0.0,7.574764271428572e-06,0.0,218.09956857142856,48.02875828571428,13.381112714285717,0.0263572438571428,3.514253957142857e-05,-1.50875e-05,232762.3,23735.14911,7.0663169e-06,5.450040025e-05,0.8896834899999999,3.059972225e-06,217.6244625,7.8547051,1.614924875,-0.00331483725,-4.402500000000001e-06,8.888689666666667e-07,326342.0466666667,33277.627596666665,1.2264274666666666e-05,0.000520737,0.0801194453333333,3.3524269e-06,227.70015,5.520460766666667,-3.9111981,0.0001540059999999,8.854158333333334e-06,-1.529e-05,438824.0,44747.594745,6.46098415e-06,0.0041295034999999,0.0005992965,3.83061525e-06,258.22599,15.59102,-5.763536200000001,-0.0001411874999999,2.3814876e-05
-79.37405127617961,-0.93745565,-0.8265063,286.43872,289.32153,102003.31,100951.5,271.45972,271.45996,271.45996,286.00073,-2.1169968,0.5171952,-0.3034553,-0.18647814,2.8110685,-5.4433928,4.078843,0.18212187,0.16640216,0.07463193,0.06948042,814.10767,0.0,0.21835518,0.13154674,0.2645855,0.00026854733,0.07314831,6.048543e-07,4.5916913e-06,0.00063323975,-0.027606796,-0.0005207062,-0.05201054,5.012494e-07,0.0,0.0,0.0,0.00024439557,-1312.686,-7.1644707,-0.009566039,-0.00012852378,-4.681162e-09,-1585.9404,-3208.7007,19459838000.0,41013756000.0,142682130.0,178027.19,0.079360425,60614860000.0,-0.89000636,1366.9641,3436642.0,10284.867,0.0023166214,3036616200.0,4702592000.0,29559950.0,22151.363,0.0042436905,7771730000.0,1.262907,2622494500.0,2677990000.0,2595398.0,2612854000.0,2681446700.0,29.987244,0.017999459,0.0,-0.987463,0.13259971,0.49587494,0.048566382,-0.0101790875,-1.06724485e-07,0.0018563773,24.180956,-0.9873405,-0.9867161,5.1549687e-06,0.0062850155,0.0018737442,22.3013,22.228546,46.035194,-0.987463,-0.6363988,2983.2703,3.816777e-07,0.0,0.0,-2173.0444,3.5999988e-12,0.0,-185744.0,-243760.06,16762.45,0.0,0.0,1134057.0,1179127.0,0.0,0.0,0.0,-941701.7,-956612.44,0.0,0.0,3.816777e-07,47.265213,-0.54571414,1819.5171,-87.348175,-55.06758,245.71616,36.51927,18.232574,1.3420942666666664e-06,0.0007810256666666,47540.7659,4847.80897685,1.0144611016666669e-07,3.194183242e-07,33.97454066666666,0.0,0.0,0.0018796998333333,3.0829871666666665e-08,0.0,261.67056333333335,13.975763366666667,-0.7960951500000001,0.1332881448333333,7.8631886e-06,-1.4309350571428573e-05,0.0,129060.0,13160.457444285714,3.198505e-07,5.198778042857143e-06,9.186408071428572,0.0,7.418229714285715e-06,0.0,218.2299828571429,48.177453285714286,12.197727714285715,0.0758510952857142,3.211794342857143e-05,-4.2821029e-06,232767.595,23735.6890475,7.036400525e-06,5.514128875e-05,0.91453368,3.05856565e-06,217.360325,7.631879675,1.340771525,-3.767650000000011e-05,-7.145176e-07,2.920006e-06,326429.81,33286.57696666667,1.2240681333333332e-05,0.00052084,0.072705034,3.359733166666666e-06,227.9611033333333,5.080532066666667,-4.292669266666667,-0.0009053849999999,8.7089349e-06,6.293478e-06,439197.5,44785.681145,6.446076250000001e-06,0.0044229085,0.0006616629999999,3.828402e-06,257.799105,16.321076,-7.3597105,-0.00077277,3.31638e-05
-79.41722316472435,-0.43694508,-0.6692636,286.55615,289.51685,102090.06,101037.69,271.45996,271.45972,271.45996,285.29053,-1.6714516,0.39495748,-0.1829316,-0.15627104,2.7758389,-5.4427395,3.8466625,0.18211204,0.16640157,0.074640155,0.069488585,804.7715,0.0,0.19416416,0.23550564,0.32107997,0.00060422276,0.073123276,-2.0346448e-07,4.0345476e-06,0.0012067182,-0.03129152,-0.0009586564,-0.02993773,4.773351e-07,0.0,0.0,0.0,0.00019541898,-1631.1558,-27.38385,-0.0065118037,-9.8695265e-05,4.285774e-10,-447.6394,-2310.3696,19459110000.0,41602544000.0,139043040.0,180155.19,0.077778816,61227315000.0,11.154899,1686.2954,3407131.0,10293.617,0.002020689,2960389600.0,5115446300.0,26728336.0,23441.344,0.0047052726,8117258000.0,5.7562103,2623837700.0,2680109300.0,2596692.0,2614197200.0,2683507200.0,24.39212,0.017999731,0.22450924,-1.000001,0.13259971,0.49591118,0.051318884,-0.0057442114,-3.8915598e-08,0.0013719869,24.684647,-1.000001,-1.000001,6.556337e-06,0.0062786117,0.0026977414,22.601044,22.526749,46.108387,-1.000001,-1.000001,2968.352,1.9093404e-06,0.0,0.0,-2900.7388,3.5999988e-12,0.0,-157603.75,-233738.88,20767.215,0.0,0.0,1128741.0,1202251.0,0.0,0.0,0.0,-938464.0,-946385.6,0.0,1.957169e-06,0.0,0.0,-0.63394046,2025.3953,-101.42572,-72.395615,290.53345,27.815002,16.5793,-6.673258883333334e-06,0.0,47588.9912,4852.72658855,1.0094074333333336e-07,3.7927057666666666e-07,41.7234345,0.0,7.150507e-08,0.0020048843333333,5.968671666666667e-09,0.0,261.46232833333335,14.827215566666666,-0.12865689,0.1881826401666666,1.09801765e-05,-1.13117912e-05,0.0,129068.55357142857,13161.329667142858,3.198666285714286e-07,5.366801628571428e-06,9.376137842857144,0.0,7.427734428571429e-06,0.0,218.06600285714285,47.527119285714285,11.116394357142855,0.0628026341428571,3.6519317857142856e-05,-7.322337500000002e-07,232738.3,23732.70179,7.0059592500000005e-06,5.647980625e-05,0.941508905,3.0565857e-06,217.2183025,6.9972492,1.636576675,-0.00327383275,6.784833000000001e-07,5.889076933333334e-06,326243.0,33267.52764666666,1.2214303666666664e-05,0.0005179036666666,0.0821182926666666,3.3642191e-06,227.4689233333333,5.0445435666666665,-4.553606766666666,0.002289797,5.910004900000001e-06,3.278001500000001e-06,439112.44,44777.00744,6.39018575e-06,0.0045651435,0.0006416855,3.83152425e-06,258.085825,15.7584955,-9.092679,0.0008181379999999,3.27954185e-05
-79.51818523455783,-0.6003405,-0.55201405,286.64502,289.51172,102147.875,101094.06,271.45996,271.45972,271.45996,285.55615,-1.6910591,0.5422776,-0.2629276,-0.10497993,2.8120508,-5.4421835,4.2074347,0.18211007,0.16640395,0.07464844,0.06949979,753.927,0.0,0.15035003,0.13185143,0.19911337,0.00028079143,0.05989229,-2.0185303e-07,3.840426e-06,0.000446151,-0.04600591,-6.1988845e-05,0.031896383,0.0,0.028650604,0.0,0.0,7.322119e-05,-879.33984,-14.703432,-0.002087785,-0.00012413337,6.1901453e-09,275.8037,-900.187,19756016000.0,43095966000.0,139478580.0,185934.12,0.07838249,63051210000.0,23.699448,944.82056,3463454.0,10299.301,0.0011508891,2737773600.0,5251709400.0,23507948.0,23452.008,0.0050795525,8057898000.0,17.306442,2624891400.0,2681473800.0,2597701.0,2615246000.0,2684950800.0,28.668976,0.017998971,2.5444384,-1.000001,0.13259971,0.49592918,0.056127112,-0.007215295,4.6536252e-07,0.0018593266,24.99682,-1.000001,-1.000001,7.28991e-06,0.0062625706,0.0023315512,22.718964,22.658676,46.398876,-1.000001,-1.000001,2981.9204,3.816777e-07,0.0,0.0,-2691.3328,3.5999988e-12,0.0,-142286.12,-233686.5,23693.695,0.0,0.0,1127391.0,1217222.0,0.0,0.0,0.0,-932486.94,-940823.0,0.0,2.8649623e-07,0.0,20.546753,-0.34977192,2021.26,-128.75931,-88.08629,391.06885,47.88112,31.182434,-1.6954913833333333e-05,0.0007810256666666,47629.15293333333,4856.821945633334,1.0064765833333333e-07,4.298928766666667e-07,45.6630815,0.0,4.767004666666668e-08,0.0021105846666666,9.938373333333334e-10,0.0,261.3668416666667,16.127766349999998,-0.0555448616666666,0.1218765975,1.1502094666666668e-05,-1.17e-05,0.0,129082.59071428572,13162.761057142856,3.204540814285715e-07,5.683199985714286e-06,9.361366528571429,0.0,7.525754157142857e-06,0.0,218.00978,47.37132685714285,10.420814857142856,0.0413397314285714,3.868674085714285e-05,4.554874999999999e-06,232681.12,23726.8710475,6.962604625e-06,5.7616668e-05,0.9975969125,3.05311235e-06,216.86403,6.5653718,2.155821775,-0.0053986945,6.7202022e-07,-6.7163907e-06,326268.94,33270.17279,1.2183533333333336e-05,0.0005235663333333,0.0752443326666666,3.3701441333333333e-06,228.28779,5.225536333333333,-4.019611066666666,0.0011996773333333,5.084551733333333e-06,2.56295505e-05,438955.5,44761.00401,6.3811105e-06,0.0043446644999999,0.000681751,3.8323483e-06,257.292515,13.812636,-13.08501375,0.0001340189999999,2.5040679e-05
-79.48395607883694,-1.4093676,-0.7258046,286.49512,287.9292,102173.81,101118.75,271.45996,271.45996,271.45996,284.8069,-2.6453247,0.6402355,-0.5637399,-0.16860926,3.1617575,-5.4414034,4.9264946,0.18210328,0.16640806,0.07466,0.069511,622.07715,0.0,0.12901223,0.11369705,0.17414254,0.00010377064,0.054240454,-1.0882795e-06,4.841979e-06,0.0003788222,-0.059720706,-0.00044250512,0.072742164,0.0,0.100794494,2.6258186e-07,0.0,0.00012219779,-808.55493,-3.012578,-0.003645695,-0.0001244641,1.0631158e-09,-397.37598,-1481.9124,20110970000.0,44481315000.0,143810700.0,191445.69,0.078988135,64799890000.0,24.981049,790.594,3574767.0,10301.9375,0.0010839775,2806240800.0,5742126000.0,23523760.0,25267.145,0.0065613315,8632578000.0,24.786407,2625107200.0,2682199600.0,2597881.0,2615471000.0,2685783000.0,45.650055,0.018000048,4.317667,-1.000001,0.13259971,0.4959846,0.06286532,-0.016121574,8.3665844e-07,0.0026696369,24.85599,-1.000001,-1.000001,9.066084e-06,0.0062649213,0.001422022,22.916992,22.863007,46.819145,-1.000001,-1.000001,3093.788,9.5657356e-08,0.0,0.0,1577.929,3.5999988e-12,0.0,-145972.62,-234563.06,25486.234,0.0,0.0,1126139.0,1209627.0,0.0,0.0,0.0,-933122.94,-940970.1,0.0,0.0,9.5657356e-08,280.7898,-0.04698341,1946.8188,-170.3207,-104.18793,599.8264,80.90665,49.115463,-2.0883915166666664e-05,0.0,47644.97683333333,4858.435534216666,1.0051349833333333e-07,4.556180983333333e-07,46.09489883333333,0.0,2.383502333333333e-08,0.0021904536333333,1.7901053333333332e-08,0.0,261.24730500000004,17.234906900000002,-0.0970384034999999,0.0677743491666666,1.1893633633333334e-05,1.007453e-06,0.0,129086.32285714286,13163.141628571428,3.1218038857142855e-07,5.635586928571429e-06,9.8577196,0.0,7.5870414e-06,0.0,217.8012357142857,47.97860542857143,10.47036807142857,0.0209848951428571,4.310706628571429e-05,1.2075235e-06,232645.625,23723.25157,6.972521175e-06,5.855861725e-05,1.0161708675,3.050918425e-06,216.8339625,7.228963699999999,2.7221365000000004,-0.0047630305,1.6845231249999996e-06,-8.13913e-06,326230.73,33266.27645333333,1.2173767833333334e-05,0.0005263136666666,0.0771998086666666,3.3710084333333333e-06,228.11701666666667,3.4886820433333336,-3.0367933666666667,-0.00012126893,7.832425166666666e-06,5.807299999999981e-07,438754.65,44740.523015,6.27092365e-06,0.0041155675,0.000545888,3.839878e-06,258.63038,10.93117575,-14.725892,0.0013397934999999,1.60350065e-05
-79.49918949856294,-1.5007629,-0.62481856,286.07373,286.813,102228.75,101170.94,271.4602,271.4602,271.45996,284.70703,-2.9745798,0.6921298,-0.6120429,-0.14430279,2.8111324,-5.4385023,4.003998,0.18209958,0.16640133,0.07467461,0.0695222,279.2539,0.0,0.16520154,0.05159925,0.18339193,2.4427369e-05,0.058648624,6.006337e-08,2.182046e-06,0.00019741058,-0.061697945,-4.577638e-05,0.121866345,1.3062467e-05,0.50708824,3.1701375e-06,1.0,0.0010263151,188.22044,10.443839,-0.003442976,-0.00015132302,6.3540675e-09,-963.4126,-1140.1047,20534071000.0,45998907000.0,150043940.0,197563.06,0.07896191,66740660000.0,23.756851,-221.9086,3710593.0,10307.164,0.001026504,2668538400.0,5712900600.0,22800208.0,24936.438,0.0063377544,8485499400.0,31.422073,2625657300.0,2683339500.0,2598350.0,2616027000.0,2687046000.0,54.629547,0.018000994,19.045166,-1.000001,0.13259971,0.49619097,0.054362558,-0.017377835,9.1471406e-07,0.0037337479,24.245968,-1.000001,-1.000001,1.4111038e-05,0.006248858,0.0012514372,23.147812,23.089142,46.307037,-1.000001,-1.000001,3095.0464,1.6591075e-05,0.0,0.0,3847.7878,3.5999988e-12,0.0,-129247.19,-233793.12,20891.777,0.0,0.0,1123073.0,1226751.0,0.0,0.0,0.0,-933382.3,-943889.06,0.0,1.4158005e-05,2.3852253e-06,1730.987,-0.17166221,1833.2114,-222.60979,-111.54938,807.6907,112.4996,50.179596,-1.9603517671666667e-05,0.0,47670.6016,4861.048533366667,1.0006945683333337e-07,4.779493783333333e-07,42.4251825,0.0,0.0,0.0021893195525,9.2459875e-08,0.0,261.0729116666667,18.1111414,-0.5510488633333334,0.0210714998333333,1.2529086466666666e-05,5.466789571428571e-06,0.0,129083.45714285714,13162.849405714283,3.126093342857143e-07,5.765587028571428e-06,9.739596571428573,0.0,7.568061642857143e-06,0.0,217.82822714285712,48.21562657142857,9.853986857142855,0.0120594038571428,4.417710057142857e-05,9.20763545e-06,232589.765,23717.5554325,6.9518441e-06,5.854529425e-05,1.09181895,3.0492836e-06,216.53901,7.3017416,3.214361,-0.00830071175,3.43215525e-06,4.645616666666664e-07,326158.48333333334,33258.90934666667,1.2172994166666664e-05,0.0005310786666666,0.0782410413333333,3.3697652000000003e-06,228.0545,4.634349133333333,-3.5978098000000003,-0.0008794796666666,1.1410360666666669e-05,-3.350510000000002e-06,438676.35,44732.538635,6.2362002e-06,0.0041035134999999,0.0005292945,3.8409153e-06,258.375485,7.73138,-13.852397,-0.000974486,2.1290949e-05
